{
    "_id": "R09AZzvyNA3Jginm",
    "img": "systems/pf2e/icons/equipment/held-items/abadars-flawless-scale.webp",
    "name": "Abadar's Flawless Scale",
    "system": {
        "baseItem": null,
        "bulk": {
            "value": 1
        },
        "containerId": null,
        "description": {
            "value": "<p>This immaculate golden set of merchant's scales is considered a divine instrument among Abadar's most faithful. Unlike most scales, this one has only a single dish for placing small objects, and calculates value rather than weight. On the other side of the fulcrum, a steel arrow indicator points to various numbers engraved on the side of the scale.</p>\n<p>By placing an object of light Bulk onto the dish, you can determine its value in gold pieces in the market in which the scale was made (most of these scales are made in Katapesh or Absalom), based on its material composition and artisanship.</p>\n<p>For example, after placing a gemstone on the dish, the scale will indicate the fairest (average, in most cases) price you can expect to fetch in the market to which the scale is calibrated, but the scale wouldn't detect the gemstone's historical significance or any magical properties. <em>Abadar's flawless scale</em> can be calibrated to a different market by performing a 1-hour ritual in the proximity of that market.</p>"
        },
        "hardness": 0,
        "hp": {
            "max": 0,
            "value": 0
        },
        "level": {
            "value": 3
        },
        "material": {
            "grade": null,
            "type": null
        },
        "price": {
            "value": {
                "gp": 50
            }
        },
        "publication": {
            "license": "OGL",
            "remaster": false,
            "title": "Pathfinder Lost Omens Gods & Magic"
        },
        "quantity": 1,
        "rules": [],
        "size": "med",
        "traits": {
            "rarity": "uncommon",
            "value": [
                "magical"
            ]
        },
        "usage": {
            "value": "held-in-two-hands"
        }
    },
    "type": "equipment"
}
