{
    "_id": "P7Evi8Wv8zIwLYtU",
    "img": "systems/pf2e/icons/equipment/consumables/other-consumables/ablative-armor-plating.webp",
    "name": "Ablative Armor Plating (Moderate)",
    "system": {
        "baseItem": null,
        "bulk": {
            "value": 1
        },
        "category": "gadget",
        "containerId": null,
        "damage": null,
        "description": {
            "value": "<p>Ablative armor plating is additional plating, combined with springs, clever clockwork, and improvised padding, to absorb damage by knocking the additional pieces free. The pieces slowly come apart on their own with time and movement. The process of attaching the plating takes 10 minutes and grants the wearer of the armor 10 temporary Hit Points for 10 minutes or until lost. Removing the plating early destroys it.</p>\n<p>@UUID[Compendium.pf2e.equipment-effects.Item.Effect: Ablative Armor Plating (Moderate)]</p>"
        },
        "hardness": 0,
        "hp": {
            "max": 0,
            "value": 0
        },
        "level": {
            "value": 3
        },
        "material": {
            "grade": null,
            "type": null
        },
        "price": {
            "value": {
                "gp": 12
            }
        },
        "publication": {
            "license": "ORC",
            "remaster": true,
            "title": "Pathfinder Guns & Gears"
        },
        "quantity": 1,
        "rules": [],
        "size": "med",
        "traits": {
            "rarity": "uncommon",
            "value": [
                "consumable",
                "gadget"
            ]
        },
        "usage": {
            "value": "affixed-to-armor-or-travelers-clothing"
        },
        "uses": {
            "autoDestroy": true,
            "max": 1,
            "value": 1
        }
    },
    "type": "consumable"
}
