{
    "_id": "SUn5qFbHYTLobgTt",
    "img": "systems/pf2e/icons/equipment/consumables/other-consumables/ablative-shield-plating.webp",
    "name": "Ablative Shield Plating (Greater)",
    "system": {
        "baseItem": null,
        "bulk": {
            "value": 1
        },
        "category": "gadget",
        "containerId": null,
        "damage": null,
        "description": {
            "value": "<p>Ablative shield plating is an amalgam device that provides a layer of additional protection for a shield. Ablative shield plating is cobbled together from parts of other shields, wires, scraps, and bits of detritus, adding mass to a shield. The process of attaching ablative shield plating takes 10 minutes, and you can't attach ablative shield plating to a shield that has any other attached item, such as a shield boss or shield spikes. When the shield is damaged, this additional material crumples, breaks, and falls apart, absorbing some of the energy of the blow. Otherwise, the additional material slowly crumbles over time. Applying the plating grants the shield 20 temporary Hit Points that last for 1 hour or until lost. Removing the plating early destroys it.</p>"
        },
        "hardness": 0,
        "hp": {
            "max": 0,
            "value": 0
        },
        "level": {
            "value": 7
        },
        "material": {
            "grade": null,
            "type": null
        },
        "price": {
            "value": {
                "gp": 70
            }
        },
        "publication": {
            "license": "ORC",
            "remaster": true,
            "title": "Pathfinder Guns & Gears"
        },
        "quantity": 1,
        "rules": [],
        "size": "med",
        "traits": {
            "rarity": "uncommon",
            "value": [
                "consumable",
                "gadget"
            ]
        },
        "usage": {
            "value": "affixed-to-a-shield"
        },
        "uses": {
            "autoDestroy": true,
            "max": 1,
            "value": 1
        }
    },
    "type": "consumable"
}
