{
    "_id": "AYVswE7nZuPOUjlU",
    "img": "icons/commodities/treasure/bust-carved-stone.webp",
    "name": "Aboutface Figurehead",
    "system": {
        "baseItem": null,
        "bulk": {
            "value": 0
        },
        "containerId": null,
        "description": {
            "value": "<p><strong>Usage</strong> attached to a ship's bow</p>\n<p>This otherwise plain-looking figurehead has the concerned expression of someone afraid they're being chased. If the vessel the figurehead is attached to has the sluggish vehicle ability, the figurehead suppresses that ability. Captains frequently give the ability to activate an <em>aboutface figurehead</em> to the person at the helm of their ship.</p>\n<hr />\n<p><strong>Activate—About Face!</strong> <span class=\"action-glyph\">1</span> (concentrate, move)</p>\n<p><strong>Frequency</strong> once per day</p>\n<p><strong>Effect</strong> The figurehead turns its head as if to look behind it, spawning a momentary whirlpool under the ship and turbulent winds directly opposite the ship's heading. The ship makes a 180-degree turn in place, then continues heading in this new direction starting next turn.</p>"
        },
        "hardness": 0,
        "hp": {
            "max": 0,
            "value": 0
        },
        "level": {
            "value": 10
        },
        "material": {
            "grade": null,
            "type": null
        },
        "price": {
            "value": {
                "gp": 980
            }
        },
        "publication": {
            "license": "OGL",
            "remaster": true,
            "title": "Pathfinder Rage of Elements"
        },
        "quantity": 1,
        "rules": [],
        "size": "med",
        "traits": {
            "rarity": "common",
            "value": [
                "figurehead",
                "magical",
                "water"
            ]
        },
        "usage": {
            "value": "attached-to-ships-bow"
        }
    },
    "type": "equipment"
}
