{
    "_id": "jdkMRl7zxOVGUuGI",
    "img": "systems/pf2e/icons/equipment/alchemical-items/alchemical-tools/universal-solvent.webp",
    "name": "Absolute Solvent (Greater)",
    "system": {
        "baseItem": null,
        "bulk": {
            "value": 0.1
        },
        "category": "potion",
        "containerId": null,
        "damage": null,
        "description": {
            "value": "<p><strong>Activate</strong> <span class=\"action-glyph\">1</span> (manipulate)</p><hr /><p>Originally formulated as a means of dissolving @UUID[Compendium.pf2e.equipment-srd.Item.Everlasting Adhesive], this powerful solvent can break almost any adhesive's grip. As absolute solvent is particularly effective against everlasting adhesive, it automatically dissolves everlasting adhesive. It attempts to counteract any other adhesives, such as @UUID[Compendium.pf2e.equipment-srd.Item.Glue Bomb (Lesser)]{Glue Bombs}, at 9th-rank and has a counteract modifier of [[/r 1d20+28 #Counteract]]{+28}.</p>"
        },
        "hardness": 0,
        "hp": {
            "max": 0,
            "value": 0
        },
        "level": {
            "value": 18
        },
        "material": {
            "grade": null,
            "type": null
        },
        "price": {
            "value": {
                "gp": 3250
            }
        },
        "publication": {
            "license": "ORC",
            "remaster": true,
            "title": "Pathfinder Player Core 2"
        },
        "quantity": 1,
        "rules": [],
        "size": "med",
        "traits": {
            "otherTags": [
                "alchemical-tool"
            ],
            "rarity": "common",
            "value": [
                "alchemical",
                "consumable"
            ]
        },
        "usage": {
            "value": "held-in-one-hand"
        },
        "uses": {
            "autoDestroy": true,
            "max": 1,
            "value": 1
        }
    },
    "type": "consumable"
}
