{
    "_id": "VbjANEHtdxO8kV1n",
    "img": "systems/pf2e/icons/equipment/materials/abysium-ingot.webp",
    "name": "Abysium Ingot",
    "system": {
        "baseItem": null,
        "bulk": {
            "value": 1
        },
        "containerId": null,
        "description": {
            "value": "<p>A blue-green metal with an eerie green luminescence, abysium radiates power that's inimical to life. Careless exposure to the material can lead to long-term damage to the immune system; as such, mining abysium is hazardous, as large quantities of the metal in an area cause all nearby creatures to become sick.</p>\n<p>A creature carrying an abysium object is @UUID[Compendium.pf2e.conditionitems.Item.Sickened]{Sickened 1} for a standard-grade object of light Bulk, @UUID[Compendium.pf2e.conditionitems.Item.Sickened]{Sickened 2} for a standard-grade object of 1 Bulk or more or a high-grade object of light Bulk, or @UUID[Compendium.pf2e.conditionitems.Item.Sickened]{Sickened 3} for a high-grade object of 1 Bulk or more. This and all other sickening effects of abysium are poison effects.</p>\n<p>Crafters can use 1 abysium chunk to create up to 6 doses of poisonous @UUID[Compendium.pf2e.equipment-srd.Item.Abysium Powder]. Unscrupulous smiths have harnessed abysium's toxic properties to create noxious weapons and deadly substances.</p>\n<p>All objects crafted from abysium shed dim light in a 10-foot radius.</p>\n<h2>Abysium Items</h2>\n<table class=\"pf2e\">\n<thead>\n<tr>\n<th>Abysium Items</th>\n<th>Hardness</th>\n<th>HP</th>\n<th>BT</th>\n</tr>\n</thead>\n<tbody>\n<tr>\n<td><strong>Thin Items</strong></td>\n<td> </td>\n<td> </td>\n<td> </td>\n</tr>\n<tr>\n<td>Standard-grade</td>\n<td>6</td>\n<td>24</td>\n<td>12</td>\n</tr>\n<tr>\n<td>High-grade</td>\n<td>10</td>\n<td>40</td>\n<td>20</td>\n</tr>\n<tr>\n<td><strong>Items</strong></td>\n<td> </td>\n<td> </td>\n<td> </td>\n</tr>\n<tr>\n<td>Standard-grade</td>\n<td>10</td>\n<td>40</td>\n<td>20</td>\n</tr>\n<tr>\n<td>High-grade</td>\n<td>13</td>\n<td>52</td>\n<td>26</td>\n</tr>\n<tr>\n<td><strong>Structures</strong></td>\n<td> </td>\n<td> </td>\n<td> </td>\n</tr>\n<tr>\n<td>Standard-grade</td>\n<td>20</td>\n<td>80</td>\n<td>40</td>\n</tr>\n<tr>\n<td>High-grade</td>\n<td>26</td>\n<td>104</td>\n<td>52</td>\n</tr>\n</tbody>\n</table>"
        },
        "hardness": 0,
        "hp": {
            "max": 0,
            "value": 0
        },
        "level": {
            "value": 0
        },
        "material": {
            "grade": null,
            "type": null
        },
        "price": {
            "value": {
                "gp": 4500
            }
        },
        "publication": {
            "license": "OGL",
            "remaster": false,
            "title": "Pathfinder Lost Omens The Grand Bazaar"
        },
        "quantity": 1,
        "rules": [],
        "size": "med",
        "traits": {
            "rarity": "rare",
            "value": [
                "precious"
            ]
        },
        "usage": {
            "value": "held-in-one-hand"
        }
    },
    "type": "equipment"
}
