{
    "_id": "sav38slFFlUVu75Z",
    "img": "systems/pf2e/icons/equipment/alchemical-items/alchemical-poisons/abysium-powder.webp",
    "name": "Abysium Powder",
    "system": {
        "baseItem": null,
        "bulk": {
            "value": 0.1
        },
        "category": "poison",
        "containerId": null,
        "damage": null,
        "description": {
            "value": "<p><strong>Activate</strong> <span class=\"action-glyph\">2</span> Interact</p>\n<p>This faintly glowing powder rapidly induces the symptoms of abysium poisoning.</p>\n<hr />\n<p><strong>Saving Throw</strong> @Check[fortitude|dc:27]</p>\n<p><strong>Onset</strong> 1 minute</p>\n<p><strong>Maximum Duration</strong> 6 minutes</p>\n<p><strong>Stage 1</strong> @Damage[8d6[poison]] damage and @UUID[Compendium.pf2e.conditionitems.Item.Sickened]{Sickened 1} (1 minute)</p>\n<p><strong>Stage 2</strong> @Damage[9d6[poison]] damage and @UUID[Compendium.pf2e.conditionitems.Item.Sickened]{Sickened 2} (1 minute)</p>\n<p><strong>Stage 3</strong> @Damage[10d6[poison]] damage and @UUID[Compendium.pf2e.conditionitems.Item.Sickened]{Sickened 3} (1 minute)</p>\n<hr />\n<p><strong>Craft Requirements</strong> abysium worth at least 75 gp.</p>"
        },
        "hardness": 0,
        "hp": {
            "max": 0,
            "value": 0
        },
        "level": {
            "value": 9
        },
        "material": {
            "grade": null,
            "type": null
        },
        "price": {
            "value": {
                "gp": 150
            }
        },
        "publication": {
            "license": "OGL",
            "remaster": false,
            "title": "Pathfinder Lost Omens The Grand Bazaar"
        },
        "quantity": 1,
        "rules": [],
        "size": "med",
        "traits": {
            "rarity": "rare",
            "value": [
                "alchemical",
                "consumable",
                "contact",
                "poison"
            ]
        },
        "usage": {
            "value": "held-in-two-hands"
        },
        "uses": {
            "autoDestroy": true,
            "max": 1,
            "value": 1
        }
    },
    "type": "consumable"
}
