{
    "_id": "EKYjF0GuuBkmMD1J",
    "img": "systems/pf2e/icons/equipment/adventuring-gear/dueling-cape.webp",
    "name": "Accompaniment Cloak",
    "system": {
        "baseItem": null,
        "bulk": {
            "value": 0.1
        },
        "containerId": null,
        "description": {
            "value": "<p>This lush velvet capelet is embroidered with images of musicians playing a wide variety of instruments. The images animate when you make art, remaining embroidered, but smoothly unknitting and reknitting in time with your performance. The figures play music that perfectly accompanies your instrument, voice, or movements, granting you a +2 item bonus to Performance checks.</p>\n<p><strong>Activate</strong> <span class=\"action-glyph\">F</span> envision</p>\n<p><strong>Frequency</strong> once per day</p>\n<hr />\n<p><strong>Effect</strong> You gain 1 Focus Point, which you can use only to cast a bard composition spell. If not used by the end of your turn, this Focus Point is lost.</p>\n<p><strong>Activate</strong> <span class=\"action-glyph\">2</span> envision, Interact</p>\n<p><strong>Frequency</strong> once per day</p>\n<hr />\n<p><strong>Effect</strong> You peel the musicians from the garment and fling them around you. The cloak casts a 4th-rank @UUID[Compendium.pf2e.spells-srd.Item.Phantom Crowd] spell (DC 28); each of the 10-foot squares must be adjacent to you. The crowd looks like the musicians on the garment and continues to accompany your Performance checks. You can Sustain this effect as described in the spell.</p>\n<hr />\n<p><strong>Craft Requirements</strong> You are a bard.</p>"
        },
        "hardness": 0,
        "hp": {
            "max": 0,
            "value": 0
        },
        "level": {
            "value": 11
        },
        "material": {
            "grade": null,
            "type": null
        },
        "price": {
            "value": {
                "gp": 1300
            }
        },
        "publication": {
            "license": "OGL",
            "remaster": false,
            "title": "Pathfinder Treasure Vault"
        },
        "quantity": 1,
        "rules": [
            {
                "key": "FlatModifier",
                "selector": "performance",
                "type": "item",
                "value": 2
            }
        ],
        "size": "med",
        "traits": {
            "rarity": "common",
            "value": [
                "focused",
                "illusion",
                "invested",
                "occult"
            ]
        },
        "usage": {
            "value": "worncloak"
        }
    },
    "type": "equipment"
}
