{
    "_id": "D8VKhm7rSBozJkMN",
    "img": "icons/equipment/chest/robe-collared-blue.webp",
    "name": "Accolade Robe",
    "system": {
        "baseItem": null,
        "bulk": {
            "value": 0.1
        },
        "containerId": null,
        "description": {
            "value": "<p>Although not all wizards have gone through formal training, it's become tradition to enchant robes representing the arduous training required and festoon them with honors one has earned. Typically, an <em>accolade robe</em> is styled after a single wizard school, with appropriate colors and symbols. Wearing these robes grants a +2 item bonus to Arcana checks.</p>\n<p>The pockets of the robe tie to an extradimensional space that can hold 1 Bulk of items, none of which can have greater than light Bulk. The items must be related to spellcasting and academics—spellbooks, scrolls, wands, scholarly journals, and other academic supplies the GM allows. These items do not count against your Bulk limit. You can Interact to retrieve or stow items normally.</p>\n<hr />\n<p><strong>Activate—Review</strong> <span class=\"action-glyph\">1</span> (concentrate, manipulate)</p>\n<p><strong>Effect</strong> You retrieve an item of your choice from the robe's storage, then Recall Knowledge.</p>\n<hr />\n<p><strong>Activate—Extra Credit</strong> <span class=\"action-glyph\">F</span> (concentrate)</p>\n<p><strong>Frequency</strong> once per day</p>\n<p><strong>Effect</strong> You gain 1 Focus Point, which you can spend only to cast a school spell. If you don't spend this Focus Point by the end of this turn, it is lost.</p>\n<hr />\n<p><strong>Craft Requirements</strong> You are a wizard of the associated school.</p>"
        },
        "hardness": 0,
        "hp": {
            "max": 0,
            "value": 0
        },
        "level": {
            "value": 10
        },
        "material": {
            "grade": null,
            "type": null
        },
        "price": {
            "value": {
                "gp": 1000
            }
        },
        "publication": {
            "license": "ORC",
            "remaster": true,
            "title": "Pathfinder GM Core"
        },
        "quantity": 1,
        "rules": [
            {
                "key": "FlatModifier",
                "selector": "arcana",
                "type": "item",
                "value": 2
            }
        ],
        "size": "med",
        "traits": {
            "rarity": "common",
            "value": [
                "arcane",
                "focused",
                "invested"
            ]
        },
        "usage": {
            "value": "worngarment"
        }
    },
    "type": "equipment"
}
