{
    "_id": "NUlz1XulrXqhpd2w",
    "img": "systems/pf2e/icons/equipment/alchemical-items/alchemical-poisons/sloughing-toxin.webp",
    "name": "Achaekek's Kiss",
    "system": {
        "baseItem": null,
        "bulk": {
            "value": 0.1
        },
        "category": "poison",
        "containerId": null,
        "damage": null,
        "description": {
            "value": "<p><strong>Access</strong> Member of the Red Mantis assassins</p>\n<p><strong>Activate</strong> <span class=\"action-glyph\">2</span> Interact</p>\n<p>Kept as a closely guarded secret by the deadly members of the Red Mantis assassins, this poison is treated with reverence for its ability to end lives. If the victim dies while affected by this poison, its body decomposes to nothing in 1 minute, leaving only its gear behind. Non-magical preservation can't protect the tainted corpse. Gentle repose works on the poisoned body only if cast as a 5th-rank spell and the caster succeeds at a counteract check against the poison's saving throw DC when casting the spell. Even if cast successfully, gentle repose only works as if it had been cast at 2nd rank.</p>\n<p><strong>Saving Throw</strong> @Check[fortitude|dc:42]</p>\n<p><strong>Maximum Duration</strong> 6 rounds</p>\n<p><strong>Stage 1</strong> @Damage[7d12[poison]] and @UUID[Compendium.pf2e.conditionitems.Item.Doomed]{Doomed 1} (1 round)</p>\n<p><strong>Stage 2</strong> @Damage[9d12[poison]] and @UUID[Compendium.pf2e.conditionitems.Item.Doomed]{Doomed 2} (1 round)</p>\n<p><strong>Stage 3</strong> @Damage[11d12[poison]] and @UUID[Compendium.pf2e.conditionitems.Item.Doomed]{Doomed 3} (1 round)</p>"
        },
        "hardness": 0,
        "hp": {
            "max": 0,
            "value": 0
        },
        "level": {
            "value": 20
        },
        "material": {
            "grade": null,
            "type": null
        },
        "price": {
            "value": {
                "gp": 13000
            }
        },
        "publication": {
            "license": "OGL",
            "remaster": false,
            "title": "Pathfinder Treasure Vault"
        },
        "quantity": 1,
        "rules": [],
        "size": "med",
        "traits": {
            "rarity": "rare",
            "value": [
                "alchemical",
                "consumable",
                "injury",
                "poison"
            ]
        },
        "usage": {
            "value": "held-in-one-hand"
        },
        "uses": {
            "autoDestroy": true,
            "max": 1,
            "value": 1
        }
    },
    "type": "consumable"
}
