{
    "_id": "M1k5QQc1qQLxzyCK",
    "img": "systems/pf2e/icons/equipment/alchemical-items/alchemical-bombs/acid-flask.webp",
    "name": "Acid Flask (Lesser)",
    "system": {
        "baseItem": "alchemical-bomb",
        "bonus": {
            "value": 0
        },
        "bonusDamage": {
            "value": 0
        },
        "bulk": {
            "value": 0.1
        },
        "category": "martial",
        "containerId": null,
        "damage": {
            "damageType": "acid",
            "dice": 1,
            "die": "",
            "persistent": {
                "faces": 6,
                "number": 1,
                "type": "acid"
            }
        },
        "description": {
            "value": "<p><strong>Activate</strong> <span class=\"action-glyph\">A</span> Strike</p>\n<hr />\n<p>This flask filled with corrosive acid deals 1 acid damage, 1d6 persistent acid damage, and 1 acid splash damage.</p>"
        },
        "group": "bomb",
        "hardness": 0,
        "hp": {
            "max": 0,
            "value": 0
        },
        "level": {
            "value": 1
        },
        "material": {
            "grade": null,
            "type": null
        },
        "price": {
            "value": {
                "gp": 3
            }
        },
        "publication": {
            "license": "ORC",
            "remaster": true,
            "title": "Pathfinder GM Core"
        },
        "quantity": 1,
        "range": 20,
        "reload": {
            "value": "-"
        },
        "rules": [],
        "runes": {
            "potency": 0,
            "property": [],
            "striking": 0
        },
        "size": "med",
        "splashDamage": {
            "value": 1
        },
        "traits": {
            "rarity": "common",
            "value": [
                "acid",
                "alchemical",
                "bomb",
                "consumable",
                "splash"
            ]
        },
        "usage": {
            "canBeAmmo": false,
            "value": "held-in-one-hand"
        }
    },
    "type": "weapon"
}
