{
    "_id": "BMhTM2TfK06pEZ3Q",
    "img": "systems/pf2e/icons/equipment/runes/fundamental-armor-runes/armor-potency.webp",
    "name": "Adamantine Echo",
    "system": {
        "baseItem": null,
        "bulk": {
            "value": 0.1
        },
        "containerId": null,
        "description": {
            "gm": "<p><strong>Aspects</strong> earth, luck</p>\n<p><strong>Forming the Bond</strong> The PCs complete the rite of repatriation.</p>\n<p><strong>Advancing the Bond</strong> Survive (or even triumph against) seemingly impossible odds.</p>\n<p><strong>Minor Gifts</strong> @UUID[Compendium.pf2e.adventure-specific-actions.Item.Beginner's Luck], @UUID[Compendium.pf2e.adventure-specific-actions.Item.Ease Burden], @UUID[Compendium.pf2e.adventure-specific-actions.Item.Shattered Earth]</p>\n<p><strong>Major Gifts</strong> @UUID[Compendium.pf2e.adventure-specific-actions.Item.Raise Ramparts], @UUID[Compendium.pf2e.adventure-specific-actions.Item.Steal Luck]</p>",
            "value": "<p>Made from glossy, nearly black adamantine, this large fragment of a plate armor vambrace provides little protection on its own. However, when incorporated into an intact suit of armor, it functions as a +1 armor potency rune.</p>"
        },
        "hardness": 0,
        "hp": {
            "max": 0,
            "value": 0
        },
        "level": {
            "value": 5
        },
        "material": {
            "grade": null,
            "type": null
        },
        "price": {
            "value": {}
        },
        "publication": {
            "license": "OGL",
            "remaster": false,
            "title": "Pathfinder #193: Mantle of Gold"
        },
        "quantity": 1,
        "rules": [],
        "size": "med",
        "traits": {
            "rarity": "rare",
            "value": [
                "earth",
                "invested",
                "magical",
                "relic"
            ]
        },
        "usage": {
            "value": "etched-onto-armor"
        }
    },
    "type": "equipment"
}
