{
    "_id": "8WH6ub3FVFYtcXCT",
    "img": "systems/pf2e/icons/equipment/materials/adamantine-ingot.webp",
    "name": "Adamantine Ingot",
    "system": {
        "baseItem": null,
        "bulk": {
            "value": 1
        },
        "containerId": null,
        "description": {
            "value": "<p>Mined from rocks that fell from the heavens, adamantine is one of the hardest metals known. It has a shiny, black appearance, and it is prized for its amazing resiliency and ability to hold an incredibly sharp edge.</p>\n<h2>Adamantine Items</h2>\n<table class=\"pf2e remaster\">\n<thead>\n<tr>\n<th>Adamantine Items</th>\n<th>Hardness</th>\n<th>HP</th>\n<th>BT</th>\n</tr>\n</thead>\n<tbody>\n<tr>\n<td><strong>Thin Items</strong></td>\n<td> </td>\n<td> </td>\n<td> </td>\n</tr>\n<tr>\n<td>Standard-grade</td>\n<td>10</td>\n<td>40</td>\n<td>20</td>\n</tr>\n<tr>\n<td>High-grade</td>\n<td>13</td>\n<td>52</td>\n<td>26</td>\n</tr>\n<tr>\n<td><strong>Items</strong></td>\n<td> </td>\n<td> </td>\n<td> </td>\n</tr>\n<tr>\n<td>Standard-grade</td>\n<td>14</td>\n<td>56</td>\n<td>28</td>\n</tr>\n<tr>\n<td>High-grade</td>\n<td>17</td>\n<td>68</td>\n<td>34</td>\n</tr>\n<tr>\n<td><strong>Structure</strong></td>\n<td> </td>\n<td> </td>\n<td> </td>\n</tr>\n<tr>\n<td>Standard-grade</td>\n<td>28</td>\n<td>112</td>\n<td>56</td>\n</tr>\n<tr>\n<td>High-grade</td>\n<td>34</td>\n<td>136</td>\n<td>68</td>\n</tr>\n</tbody>\n</table>"
        },
        "hardness": 0,
        "hp": {
            "max": 0,
            "value": 0
        },
        "level": {
            "value": 0
        },
        "material": {
            "grade": null,
            "type": null
        },
        "price": {
            "value": {
                "gp": 5000
            }
        },
        "publication": {
            "license": "ORC",
            "remaster": true,
            "title": "Pathfinder GM Core"
        },
        "quantity": 1,
        "rules": [],
        "size": "med",
        "traits": {
            "rarity": "uncommon",
            "value": [
                "precious"
            ]
        },
        "usage": {
            "value": "held-in-one-hand"
        }
    },
    "type": "equipment"
}
