{
    "_id": "H3nAm1FFvuG7j4TN",
    "img": "systems/pf2e/icons/equipment/consumables/other-consumables/adaptive-cogwheel.webp",
    "name": "Adaptive Cogwheel",
    "system": {
        "baseItem": null,
        "bulk": {
            "value": 0
        },
        "category": "talisman",
        "containerId": null,
        "damage": null,
        "description": {
            "value": "<p><strong>Usage</strong> affixed to a firearm</p>\n<p><strong>Activate</strong> <span class=\"action-glyph\">f</span> (concentrate)</p>\n<p><strong>Requirements</strong> You're wielding the affixed firearm.</p><hr /><p>This tiny copper gear is attached to the side of a firearm with a matching bolt or pin. When you activate it, the affixed weapon magically transfigures itself into the form of any simple or martial firearm to which you have access, harmlessly ejecting any contained ammunition in the process. Any runes or attached items present on the affixed weapon remain active unless incompatible with its new form, in which case they're suppressed for the duration of the transformation. The effect lasts until the beginning of your next turn.</p>"
        },
        "hardness": 0,
        "hp": {
            "max": 0,
            "value": 0
        },
        "level": {
            "value": 2
        },
        "material": {
            "grade": null,
            "type": null
        },
        "price": {
            "value": {
                "gp": 5
            }
        },
        "publication": {
            "license": "ORC",
            "remaster": true,
            "title": "Pathfinder Guns & Gears"
        },
        "quantity": 1,
        "rules": [],
        "size": "med",
        "traits": {
            "rarity": "common",
            "value": [
                "consumable",
                "magical",
                "talisman"
            ]
        },
        "usage": {
            "value": "affixed-to-firearm"
        },
        "uses": {
            "autoDestroy": true,
            "max": 1,
            "value": 1
        }
    },
    "type": "consumable"
}
