{
    "_id": "ZOOrK4yEW6rFpPJ1",
    "img": "systems/pf2e/icons/equipment/alchemical-items/alchemical-elixirs/addiction-suppressant.webp",
    "name": "Addiction Suppressant (Greater)",
    "system": {
        "baseItem": null,
        "bulk": {
            "value": 0.1
        },
        "category": "elixir",
        "containerId": null,
        "damage": null,
        "description": {
            "value": "<p><strong>Activate</strong> <span class=\"action-glyph\">A</span> Interact</p>\n<p>When you use a dose of addiction suppressant, it suppresses the effects of that addiction for 1 day, as if you had taken an actual dose of the drug but without any of the drug's effects, and it doesn't increase the addiction DC. You also gain a +3 item bonus against the ongoing save against the drug's addiction depending on the type of addiction suppressant.</p>\n<p>For every drug, a specific suppressant must be crafted- no generalized addiction suppressant yet exists. In order to create an addiction suppressant, you must begin with a dose of the drug to be suppressed, then use alchemical reagents to generate an elixir that can be used to fight that drug's addiction. An addiction suppressant must be a higher level than the drug it is meant to suppress in order to work.</p>"
        },
        "hardness": 0,
        "hp": {
            "max": 0,
            "value": 0
        },
        "level": {
            "value": 10
        },
        "material": {
            "grade": null,
            "type": null
        },
        "price": {
            "value": {
                "gp": 140
            }
        },
        "publication": {
            "license": "OGL",
            "remaster": false,
            "title": "Pathfinder Lost Omens Legends"
        },
        "quantity": 1,
        "rules": [],
        "size": "med",
        "traits": {
            "rarity": "common",
            "value": [
                "alchemical",
                "consumable",
                "elixir"
            ]
        },
        "usage": {
            "value": "held-in-one-hand"
        },
        "uses": {
            "autoDestroy": true,
            "max": 1,
            "value": 1
        }
    },
    "type": "consumable"
}
