{
    "_id": "d5aCuFS1dhKXhsZ0",
    "img": "icons/commodities/materials/bowl-powder-grey.webp",
    "name": "Addlebrain",
    "system": {
        "baseItem": null,
        "bulk": {
            "value": 0.1
        },
        "category": "poison",
        "containerId": null,
        "damage": null,
        "description": {
            "value": "<p>Certain Scarlet Triad poisoners use toxins like addlebrain to keep captured prisoners docile and compliant for short periods of time until they can be properly shackled and imprisoned. Addlebrain is distilled from a hallucinogenic lichen that can often be found growing in the sewers below particularly large cities like Katapesh.</p>\n<p>Once soaked in special reagents and then dried, a dose of addlebrain must be either lit with flame or tossed into a fire to activate, whereupon it unleashes a cloud of toxin as normal for an inhaled poison.</p>\n<hr />\n<p><strong>Activate</strong> <span class=\"action-glyph\">A</span> Interact (Inhaled)</p>\n<p><strong>Saving Throw</strong> @Check[fortitude|dc:25]</p>\n<p><strong>Onset</strong> 1 minute</p>\n<p><strong>Maximum Duration</strong> 1 day</p>\n<p><strong>Stage 1</strong> @UUID[Compendium.pf2e.conditionitems.Item.Enfeebled]{Enfeebled 1} and @UUID[Compendium.pf2e.conditionitems.Item.Stupefied]{Stupefied 1} (10 minutes)</p>\n<p><strong>Stage 2</strong> @UUID[Compendium.pf2e.conditionitems.Item.Enfeebled]{Enfeebled 2} and @UUID[Compendium.pf2e.conditionitems.Item.Stupefied]{Stupefied 2} (1 hour)</p>\n<p><strong>Stage 3</strong> @UUID[Compendium.pf2e.conditionitems.Item.Fatigued], @UUID[Compendium.pf2e.conditionitems.Item.Enfeebled]{Enfeebled 4}, and @UUID[Compendium.pf2e.conditionitems.Item.Stupefied]{Stupefied 4} (1 day)</p>"
        },
        "hardness": 0,
        "hp": {
            "max": 0,
            "value": 0
        },
        "level": {
            "value": 7
        },
        "material": {
            "grade": null,
            "type": null
        },
        "price": {
            "value": {
                "gp": 58
            }
        },
        "publication": {
            "license": "OGL",
            "remaster": false,
            "title": "Pathfinder #147: Tomorrow Must Burn"
        },
        "quantity": 1,
        "rules": [],
        "size": "med",
        "traits": {
            "rarity": "rare",
            "value": [
                "alchemical",
                "consumable",
                "inhaled",
                "poison"
            ]
        },
        "usage": {
            "value": "held-in-one-hand"
        },
        "uses": {
            "autoDestroy": true,
            "max": 1,
            "value": 1
        }
    },
    "type": "consumable"
}
