{
    "_id": "GW45HOqel23w465z",
    "img": "systems/pf2e/icons/equipment/adventuring-gear/dueling-cape.webp",
    "name": "Admirer's Bouquet",
    "system": {
        "baseItem": null,
        "bulk": {
            "value": 0.1
        },
        "containerId": null,
        "description": {
            "value": "<p>An admirer's bouquet appears to be a colorful silken handkerchief that exudes a pleasant floral scent until it's picked up, at which point a dozen vibrantly colored long- stemmed flowers appear in the carrier's hand, the stems wrapped in the silk.</p>\n<p><strong>Activate</strong> <span class=\"action-glyph\">1</span> Interact</p>\n<p><strong>Frequency</strong> once per minute</p>\n<hr />\n<p><strong>Effect</strong> By taking a deep sniff of the pleasant-smelling flowers, you can speed your recovery from nausea and reduce your @UUID[Compendium.pf2e.conditionitems.Item.Sickened] value by 1.</p>\n<hr />\n<p><strong>Activate</strong> <span class=\"action-glyph\">r</span> Interact</p>\n<p><strong>Frequency</strong> once per hour</p>\n<p><strong>Trigger</strong> an ally with a free hand ends their turn adjacent to you</p>\n<hr />\n<p><strong>Effect</strong> You hand the admirer's bouquet to the triggering ally. If they accept the bouquet, they gain a +1 item bonus to saves against emotion and mental effects as long as they continue to carry the admirer's bouquet. If they're currently suffering from a debilitating emotion or mental effect as the result of a saving throw made during the previous turn, they can immediately attempt a new saving throw against that effect upon being given the bouquet; if they do so, they gain the admirer's bouquet's +1 item bonus to this saving throw. An admirer's bouquet can allow for a new saving throw in this way only once per day.</p>"
        },
        "hardness": 0,
        "hp": {
            "max": 0,
            "value": 0
        },
        "level": {
            "value": 7
        },
        "material": {
            "grade": null,
            "type": null
        },
        "price": {
            "value": {
                "gp": 350
            }
        },
        "publication": {
            "license": "OGL",
            "remaster": false,
            "title": "Pathfinder Kingmaker"
        },
        "quantity": 1,
        "rules": [],
        "size": "med",
        "traits": {
            "rarity": "rare",
            "value": [
                "magical"
            ]
        },
        "usage": {
            "value": "held-in-one-hand"
        }
    },
    "type": "equipment"
}
