{
    "_id": "3v03D7qP6ewN03SN",
    "img": "systems/pf2e/icons/equipment/consumables/talismans/admonishing-band.webp",
    "name": "Admonishing Band",
    "system": {
        "baseItem": null,
        "bulk": {
            "value": 0
        },
        "category": "talisman",
        "containerId": null,
        "damage": null,
        "description": {
            "value": "<p><strong>Usage</strong> affixed to a firearm</p>\n<p><strong>Activate</strong> <span class=\"action-glyph\">a</span> (concentrate)</p>\n<p><strong>Requirements</strong> You're trained in Intimidation.</p><hr /><p>This wide strip of treated lizard hide is wrapped around the grip or stock of the affixed weapon, augmenting the unease that your gunshot creates. When you activate it, you fire your gun into the air with the effects of @UUID[Compendium.pf2e.feats-srd.Item.Warning Shot]. If you already have the Warning Shot feat, the target doesn't become temporarily immune to your Demoralize, potentially allowing you to Demoralize them again.</p>"
        },
        "hardness": 0,
        "hp": {
            "max": 0,
            "value": 0
        },
        "level": {
            "value": 4
        },
        "material": {
            "grade": null,
            "type": null
        },
        "price": {
            "value": {
                "gp": 20
            }
        },
        "publication": {
            "license": "ORC",
            "remaster": true,
            "title": "Pathfinder Guns & Gears"
        },
        "quantity": 1,
        "rules": [],
        "size": "med",
        "traits": {
            "rarity": "common",
            "value": [
                "consumable",
                "magical",
                "talisman"
            ]
        },
        "usage": {
            "value": "affixed-to-firearm"
        },
        "uses": {
            "autoDestroy": true,
            "max": 1,
            "value": 1
        }
    },
    "type": "consumable"
}
