{
    "_id": "45zjE7pj6FUHuz3K",
    "img": "systems/pf2e/icons/equipment/runes/armor-property-runes/armor-property-runes.webp",
    "name": "Advancing",
    "system": {
        "baseItem": null,
        "bulk": {
            "value": 0
        },
        "containerId": null,
        "description": {
            "value": "<p>This rune charges up as you defeat your foes, driving you forward across the battlefield with every victory.</p>\n<p><strong>Activate</strong> <span class=\"action-glyph\">F</span> command</p>\n<p><strong>Requirements</strong> Your last action or activity reduced an enemy to 0 Hit Points</p>\n<hr />\n<p><strong>Effect</strong> You Stride up to 15 feet. This movement doesn't trigger reactions. You can Burrow, Climb, Fly, or Swim instead of Striding if you have the corresponding movement type.</p>"
        },
        "hardness": 0,
        "hp": {
            "max": 0,
            "value": 0
        },
        "level": {
            "value": 9
        },
        "material": {
            "grade": null,
            "type": null
        },
        "price": {
            "value": {
                "gp": 625
            }
        },
        "publication": {
            "license": "OGL",
            "remaster": false,
            "title": "Pathfinder Treasure Vault"
        },
        "quantity": 1,
        "rules": [],
        "size": "med",
        "traits": {
            "rarity": "common",
            "value": [
                "magical"
            ]
        },
        "usage": {
            "value": "etched-onto-heavy-armor"
        }
    },
    "type": "equipment"
}
