{
    "_id": "gjjF0sQMpXf3CrTF",
    "img": "systems/pf2e/icons/equipment/adventuring-gear/advanced-book-of-translation.webp",
    "name": "Advanced Book of Translation (Tien)",
    "system": {
        "baseItem": null,
        "bulk": {
            "value": 0.1
        },
        "containerId": null,
        "description": {
            "value": "<p>The book is leather-bound and decorated with the symbol of the Lantern Lodge. Red and gold cords wrap around the book and tie to keep it shut. Each volume offers translation for a different language. When working with a book of translation, you can attempt Diplomacy checks to Gather Information or to Make an Impression with creatures that speak the language featured in the book, even if you do not speak the language. Such checks take 10 times longer to complete. An advanced book of translation features more complex phrases, local colloquialisms, and assumes a rudimentary understanding of the featured language. Checks attempted while using an advanced book of translation do not take a circumstance penalty.</p>"
        },
        "hardness": 0,
        "hp": {
            "max": 0,
            "value": 0
        },
        "level": {
            "value": 5
        },
        "material": {
            "grade": null,
            "type": null
        },
        "price": {
            "value": {
                "gp": 125
            }
        },
        "publication": {
            "license": "OGL",
            "remaster": false,
            "title": "Pathfinder Lost Omens Pathfinder Society Guide"
        },
        "quantity": 1,
        "rules": [],
        "size": "med",
        "traits": {
            "rarity": "uncommon",
            "value": []
        },
        "usage": {
            "value": "held-in-one-hand"
        }
    },
    "type": "equipment"
}
