{
    "_id": "2req0jGaxz8hScdB",
    "img": "icons/containers/bags/pack-leather-red.webp",
    "name": "Adventurer's Pack",
    "system": {
        "description": {
            "value": "<p>This item is the starter kit for an adventurer, containing the essential items for exploration and survival. The Bulk value is for the entire pack together, but see the descriptions of individual items as necessary.</p>\n<p>The pack contains the following items: a backpack, a bedroll, 10 pieces of chalk, flint and steel, 50 feet of rope, 2 weeks' rations, soap, 5 torches, and a waterskin.</p>"
        },
        "items": {
            "mca3x": {
                "img": "icons/containers/bags/pack-leather-white-tan.webp",
                "isContainer": true,
                "items": {
                    "02xhi": {
                        "img": "icons/sundries/survival/rope-wrapped-brown.webp",
                        "isContainer": false,
                        "items": {},
                        "name": "Rope",
                        "quantity": 1,
                        "uuid": "Compendium.pf2e.equipment-srd.Item.Rope"
                    },
                    "30xet": {
                        "img": "systems/pf2e/icons/equipment/adventuring-gear/waterskin.webp",
                        "isContainer": false,
                        "items": {},
                        "name": "Waterskin",
                        "quantity": 1,
                        "uuid": "Compendium.pf2e.equipment-srd.Item.Waterskin"
                    },
                    "afbn4": {
                        "img": "systems/pf2e/icons/equipment/adventuring-gear/chalk.webp",
                        "isContainer": false,
                        "items": {},
                        "name": "Chalk",
                        "quantity": 10,
                        "uuid": "Compendium.pf2e.equipment-srd.Item.Chalk"
                    },
                    "fabyb": {
                        "img": "icons/commodities/stone/geode-raw-tan.webp",
                        "isContainer": false,
                        "items": {},
                        "name": "Flint and Steel",
                        "quantity": 1,
                        "uuid": "Compendium.pf2e.equipment-srd.Item.Flint and Steel"
                    },
                    "jtagt": {
                        "img": "systems/pf2e/icons/equipment/adventuring-gear/rations.webp",
                        "isContainer": false,
                        "items": {},
                        "name": "Rations",
                        "quantity": 2,
                        "uuid": "Compendium.pf2e.equipment-srd.Item.Rations"
                    },
                    "lems2": {
                        "img": "icons/sundries/lights/torch-brown.webp",
                        "isContainer": false,
                        "items": {},
                        "name": "Torch",
                        "quantity": 5,
                        "uuid": "Compendium.pf2e.equipment-srd.Item.Torch"
                    },
                    "lpl11": {
                        "img": "icons/containers/ammunition/quiver-simple-brown.webp",
                        "isContainer": false,
                        "items": {},
                        "name": "Bedroll",
                        "quantity": 1,
                        "uuid": "Compendium.pf2e.equipment-srd.Item.Bedroll"
                    },
                    "z9tim": {
                        "img": "icons/sundries/survival/soap.webp",
                        "isContainer": false,
                        "items": {},
                        "name": "Soap",
                        "quantity": 1,
                        "uuid": "Compendium.pf2e.equipment-srd.Item.Soap"
                    }
                },
                "name": "Backpack",
                "quantity": 1,
                "uuid": "Compendium.pf2e.equipment-srd.Item.Backpack"
            }
        },
        "price": {
            "value": {
                "cp": 0,
                "gp": 0,
                "pp": 0,
                "sp": 15
            }
        },
        "publication": {
            "license": "ORC",
            "remaster": true,
            "title": "Pathfinder Player Core"
        },
        "rules": [],
        "traits": {
            "rarity": "common",
            "value": []
        }
    },
    "type": "kit"
}
