{
    "_id": "odSvUKzphdwvDqgE",
    "img": "systems/pf2e/icons/equipment/worn-items/other-worn-items/aeon-stone-gold-nodule.webp",
    "name": "Aeon Stone (Gold Nodule)",
    "system": {
        "baseItem": null,
        "bulk": {
            "value": 0
        },
        "containerId": null,
        "description": {
            "value": "<p>When a gold nodule aeon stone is created, its creator chooses a language they know to store within the crystal. When you invest the stone, you gain the ability to understand, speak, and write that language.</p>\n<p>The resonant power allows you to cast @UUID[Compendium.pf2e.spells-srd.Item.Translate] as an occult innate spell once per day.</p>"
        },
        "hardness": 0,
        "hp": {
            "max": 0,
            "value": 0
        },
        "level": {
            "value": 6
        },
        "material": {
            "grade": null,
            "type": null
        },
        "price": {
            "value": {
                "gp": 230
            }
        },
        "publication": {
            "license": "OGL",
            "remaster": false,
            "title": "Pathfinder Core Rulebook"
        },
        "quantity": 1,
        "rules": [],
        "size": "med",
        "traits": {
            "rarity": "uncommon",
            "value": [
                "invested",
                "magical"
            ]
        },
        "usage": {
            "value": "worn"
        }
    },
    "type": "equipment"
}
