{
    "_id": "7cOczTK4yQkuK5J9",
    "img": "systems/pf2e/icons/equipment/worn-items/other-worn-items/aeon-stone-agate-ellipsoid.webp",
    "name": "Aeon Stone (Mottled Ellipsoid)",
    "system": {
        "baseItem": null,
        "bulk": {
            "value": 0
        },
        "containerId": null,
        "description": {
            "value": "<p>This aeon stone alters your life force. You gain void healing, which means you are damaged by vitality energy and not healed by vitality healing effects. You don't take void damage, and you are healed by void effects that heal undead.</p>\n<p>The resonant power allows you to cast 7th-rank @UUID[Compendium.pf2e.spells-srd.Item.False Vitality] once per day.</p>"
        },
        "hardness": 0,
        "hp": {
            "max": 0,
            "value": 0
        },
        "level": {
            "value": 15
        },
        "material": {
            "grade": null,
            "type": null
        },
        "price": {
            "value": {
                "gp": 6100
            }
        },
        "publication": {
            "license": "OGL",
            "remaster": false,
            "title": "Pathfinder #185: A Taste of Ashes"
        },
        "quantity": 1,
        "rules": [],
        "size": "med",
        "traits": {
            "rarity": "rare",
            "value": [
                "invested",
                "magical"
            ]
        },
        "usage": {
            "value": "worn"
        }
    },
    "type": "equipment"
}
