{
    "_id": "3obTVPkQ5mGwXJat",
    "img": "systems/pf2e/icons/equipment/worn-items/other-worn-items/aeon-stone-lavender-and-green-ellipsoid.webp",
    "name": "Aeon Stone (Smoothing)",
    "system": {
        "baseItem": null,
        "bulk": {
            "value": 0
        },
        "containerId": null,
        "description": {
            "value": "<p>Over millennia, these mysterious, intricately cut gemstones have been hoarded by mystics and fanatics hoping to discover their secrets. Despite their myriad forms and functions, these stones are purportedly all fragments of crystal tools used by otherworldly entities to construct the universe in primeval times.</p>\n<p>When you invest one of these precisely shaped crystals, the stone orbits your head instead of being worn on your body. You can stow an <em>aeon stone</em> with an Interact action, and an orbiting stone can be snatched out of the air with a successful Disarm action against you. A stowed or removed stone remains invested, but its effects are suppressed until you return it to orbit your head again.</p>\n<p>There are various types of <em>aeon stones</em>, each with a different appearance and magical effect. Each <em>aeon stone</em> also gains a resonant power when slotted into a special magical item called a <em>wayfinder</em>.</p>\n<hr />\n<p>This spherical piece of silvery stone helps you ignore minor issues. You can ignore status penalties to skill checks from @UUID[Compendium.pf2e.conditionitems.Item.Clumsy]{Clumsy 1}, @UUID[Compendium.pf2e.conditionitems.Item.Enfeebled]{Enfeebled 1}, @UUID[Compendium.pf2e.conditionitems.Item.Frightened]{Frightened 1}, @UUID[Compendium.pf2e.conditionitems.Item.Sickened]{Sickened 1}, and @UUID[Compendium.pf2e.conditionitems.Item.Stupefied]{Stupefied 1} conditions as long as the value of that condition is 1.</p>\n<p>Its resonant power allows you to cast @UUID[Compendium.pf2e.spells-srd.Item.Guidance] as an occult innate cantrip.</p>"
        },
        "hardness": 0,
        "hp": {
            "max": 0,
            "value": 0
        },
        "level": {
            "value": 7
        },
        "material": {
            "grade": null,
            "type": null
        },
        "price": {
            "value": {
                "gp": 310
            }
        },
        "publication": {
            "license": "ORC",
            "remaster": true,
            "title": "Pathfinder GM Core"
        },
        "quantity": 1,
        "rules": [
            {
                "key": "AdjustModifier",
                "predicate": [
                    {
                        "or": [
                            {
                                "and": [
                                    "self:condition:clumsy:1",
                                    "penalty:slug:clumsy"
                                ]
                            },
                            {
                                "and": [
                                    "self:condition:enfeebled:1",
                                    "penalty:slug:enfeebled"
                                ]
                            },
                            {
                                "and": [
                                    "self:condition:frightened:1",
                                    "penalty:slug:frightened"
                                ]
                            },
                            {
                                "and": [
                                    "self:condition:sickened:1",
                                    "penalty:slug:sickened"
                                ]
                            },
                            {
                                "and": [
                                    "self:condition:stupefied:1",
                                    "penalty:slug:stupefied"
                                ]
                            }
                        ]
                    }
                ],
                "selector": "skill-check",
                "suppress": true
            }
        ],
        "size": "med",
        "traits": {
            "rarity": "uncommon",
            "value": [
                "invested",
                "magical"
            ]
        },
        "usage": {
            "value": "worn"
        }
    },
    "type": "equipment"
}
