{
    "_id": "B4R0LK8bgw0Vjtf0",
    "img": "systems/pf2e/icons/equipment/worn-items/other-worn-items/aeon-stone-pale-lavender-ellipsoid.webp",
    "name": "Aeon Stone (Pale Lavender Ellipsoid)",
    "system": {
        "baseItem": null,
        "bulk": {
            "value": 0
        },
        "containerId": null,
        "description": {
            "value": "<p>This aeon stone must be activated to provide a benefit. The resonant power allows you to cast the @UUID[Compendium.pf2e.spells-srd.Item.Read Aura] cantrip as an arcane innate spell.</p>\n<hr />\n<p><strong>Activate</strong> <span class=\"action-glyph\">R</span> envision</p>\n<p><strong>Frequency</strong> once per day</p>\n<p><strong>Trigger</strong> A spell targets you</p>\n<hr />\n<p><strong>Effect</strong> The stone casts a 6th-rank @UUID[Compendium.pf2e.spells-srd.Item.Dispel Magic] spell in an attempt to counteract the triggering spell, with a counteract modifier of [[/r 1d20+22]]. This can be used only on spells that specifically target you-not area spells that don't have targets. If it succeeds, it counteracts the spell for all targets if other creatures were targeted in addition to you.</p>\n<p>Each time you activate this <em>aeon stone</em>, attempt a @Check[flat|dc:5]. On a failure, the stone permanently turns into a <em>dull gray aeon stone</em>.</p>"
        },
        "hardness": 0,
        "hp": {
            "max": 0,
            "value": 0
        },
        "level": {
            "value": 13
        },
        "material": {
            "grade": null,
            "type": null
        },
        "price": {
            "value": {
                "gp": 2200
            }
        },
        "publication": {
            "license": "OGL",
            "remaster": false,
            "title": "Pathfinder Core Rulebook"
        },
        "quantity": 1,
        "rules": [],
        "size": "med",
        "traits": {
            "rarity": "uncommon",
            "value": [
                "invested",
                "magical"
            ]
        },
        "usage": {
            "value": "worn"
        }
    },
    "type": "equipment"
}
