{
    "_id": "47FmnpSOE96SJ8H4",
    "img": "systems/pf2e/icons/equipment/worn-items/other-worn-items/aeon-stone-agate-ellipsoid.webp",
    "name": "Aeon Stone (Agate Ellipsoid)",
    "system": {
        "baseItem": null,
        "bulk": {
            "value": 0
        },
        "containerId": null,
        "description": {
            "value": "<p>This aeon stone allows you to cast 2nd-rank @UUID[Compendium.pf2e.spells-srd.Item.Augury] as a divine innate spell once per day.</p>\n<p>The resonant power causes the <em>augury</em> spell from the aeon stone to always succeed at the @Check[flat|dc:6] to give an answer other than \"nothing.\"</p>"
        },
        "hardness": 0,
        "hp": {
            "max": 0,
            "value": 0
        },
        "level": {
            "value": 5
        },
        "material": {
            "grade": null,
            "type": null
        },
        "price": {
            "value": {
                "gp": 130
            }
        },
        "publication": {
            "license": "OGL",
            "remaster": false,
            "title": "Pathfinder Lost Omens Pathfinder Society Guide"
        },
        "quantity": 1,
        "rules": [],
        "size": "med",
        "traits": {
            "rarity": "uncommon",
            "value": [
                "invested",
                "magical"
            ]
        },
        "usage": {
            "value": "worn"
        }
    },
    "type": "equipment"
}
