{
    "_id": "U1GAAGhbzX9Lynq0",
    "img": "systems/pf2e/icons/equipment/worn-items/other-worn-items/aeon-stone-pale-orange-rhomboid.webp",
    "name": "Aeon Stone (Pale Orange Rhomboid)",
    "system": {
        "baseItem": null,
        "bulk": {
            "value": 0
        },
        "containerId": null,
        "description": {
            "value": "<p>The first time each day you die, your vital and spiritual essences mingle together and reside within this aeon stone.</p>\n<p>You have a limited sense of how many life forces are currently within 30 feet of the stone, which you can potentially use to determine when it's safe to call on the stone's power. At any time within the next hour after your body died, you can spend 1 minute concentrating in order to return to your body.</p>\n<p>As long as your body is still intact, you are no longer dead- you are restored to 1 HP with the @UUID[Compendium.pf2e.conditionitems.Item.Doomed]{Doomed 3} and @UUID[Compendium.pf2e.conditionitems.Item.Wounded]{Wounded 3} conditions. You can benefit from the effects of only one pale orange rhomboid aeon stone in a given day.</p>\n<p>The resonant power allows you to wait more than an hour to return to your body with the aeon stone; as long as the wayfinder remains on the body, your body doesn't decay and you can return at any point.</p>"
        },
        "hardness": 0,
        "hp": {
            "max": 0,
            "value": 0
        },
        "level": {
            "value": 19
        },
        "material": {
            "grade": null,
            "type": null
        },
        "price": {
            "value": {
                "gp": 40000
            }
        },
        "publication": {
            "license": "OGL",
            "remaster": false,
            "title": "Pathfinder Lost Omens Pathfinder Society Guide"
        },
        "quantity": 1,
        "rules": [],
        "size": "med",
        "traits": {
            "rarity": "uncommon",
            "value": [
                "invested",
                "magical"
            ]
        },
        "usage": {
            "value": "worn"
        }
    },
    "type": "equipment"
}
