{
    "_id": "ffQwBOmyy2NyatnC",
    "img": "systems/pf2e/icons/equipment/worn-items/other-worn-items/aeon-stone-pale-lavender-ellipsoid.webp",
    "name": "Aeon Stone (Black Disc)",
    "system": {
        "baseItem": null,
        "bulk": {
            "value": 0
        },
        "containerId": null,
        "description": {
            "value": "<p>This aeon stone slowly infuses void energy into your body. The stone deals 1 persistent void damage to you (10 void damage per minute) so long as it's invested, and you can't recover from persistent void damage while you have the stone invested.</p>\n<p>The resonant power grants you resistance 10 to holy and to vitality damage.</p>\n<p>@UUID[Compendium.pf2e.equipment-effects.Item.Effect: Aeon Stone Resonance (Black Disc)]</p>"
        },
        "hardness": 0,
        "hp": {
            "max": 0,
            "value": 0
        },
        "level": {
            "value": 17
        },
        "material": {
            "grade": null,
            "type": null
        },
        "price": {
            "value": {
                "gp": 15000
            }
        },
        "publication": {
            "license": "OGL",
            "remaster": false,
            "title": "Pathfinder #185: A Taste of Ashes"
        },
        "quantity": 1,
        "rules": [],
        "size": "med",
        "traits": {
            "rarity": "rare",
            "value": [
                "invested",
                "magical"
            ]
        },
        "usage": {
            "value": "worn"
        }
    },
    "type": "equipment"
}
