{
    "_id": "f9vNVQ2v45mDI8Xr",
    "img": "systems/pf2e/icons/equipment/worn-items/other-worn-items/aeon-stone-azure-briolette.webp",
    "name": "Aeon Stone (Azure Briolette)",
    "system": {
        "baseItem": null,
        "bulk": {
            "value": 0
        },
        "containerId": null,
        "description": {
            "value": "<p>This aeon stone must be activated to provide a benefit.</p>\n<hr />\n<p><strong>Activate</strong> <span class=\"action-glyph\">R</span> envision</p>\n<p><strong>Trigger</strong> An enemy fails its save against a mental spell you cast using one of your spell slots</p>\n<hr />\n<p><strong>Effect</strong> You gain temporary Hit Points equal to twice the spell's rank until your next turn.</p>\n<p>The resonant power grants a separate activation.</p>\n<hr />\n<p><strong>Activate</strong> <span class=\"action-glyph\">2</span> command, Interact</p>\n<p><strong>Frequency</strong> once per day</p>\n<hr />\n<p><strong>Effect</strong> You gain the effect of a @UUID[Compendium.pf2e.spells-srd.Item.Void Warp] arcane cantrip.</p>"
        },
        "hardness": 0,
        "hp": {
            "max": 0,
            "value": 0
        },
        "level": {
            "value": 4
        },
        "material": {
            "grade": null,
            "type": null
        },
        "price": {
            "value": {
                "gp": 85
            }
        },
        "publication": {
            "license": "OGL",
            "remaster": false,
            "title": "Pathfinder Lost Omens Pathfinder Society Guide"
        },
        "quantity": 1,
        "rules": [],
        "size": "med",
        "traits": {
            "rarity": "uncommon",
            "value": [
                "invested",
                "magical"
            ]
        },
        "usage": {
            "value": "worn"
        }
    },
    "type": "equipment"
}
