{
    "_id": "2jUWEHkn0XmNuGCh",
    "img": "systems/pf2e/icons/equipment/worn-items/other-worn-items/aeon-stone-western-star.webp",
    "name": "Aeon Stone (Rainbow Prism)",
    "system": {
        "baseItem": null,
        "bulk": {
            "value": 0
        },
        "containerId": null,
        "description": {
            "value": "<p>While this aeon stone orbits your head, the flat part of its base tumbles to briefly face creatures you can see within 30 feet, as though the stone is watching them. You can activate this stone in two ways.</p>\n<p><strong>Activate</strong> <span class=\"action-glyph\">2</span> envision</p>\n<hr />\n<p><strong>Effect</strong> The aeon stone captures the image of a creature of your size that you can see within 30 feet. It can have up to 3 images captured at a time; if you capture a fourth, you decide which image it replaces.</p>\n<p><strong>Activate</strong> <span class=\"action-glyph\">2</span> envision</p>\n<p><strong>Frequency</strong> three times per day</p>\n<p><strong>Requirements</strong> The prism is storing at least one image of a creature of your size</p>\n<hr />\n<p><strong>Effect</strong> The aeon stone casts a 3rd-rank @UUID[Compendium.pf2e.spells-srd.Item.Illusory Disguise] on you, which must be of one of the creatures it has currently captured. While you are under the effects of this spell, the aeon stone is @UUID[Compendium.pf2e.conditionitems.Item.Invisible].</p>\n<p>The resonant power allows the stone to capture up to 5 images. If removed from the <em>wayfinder</em>, you must decide which images to lose.</p>"
        },
        "hardness": 0,
        "hp": {
            "max": 0,
            "value": 0
        },
        "level": {
            "value": 13
        },
        "material": {
            "grade": null,
            "type": null
        },
        "price": {
            "value": {
                "gp": 2200
            }
        },
        "publication": {
            "license": "OGL",
            "remaster": false,
            "title": "Pathfinder #185: A Taste of Ashes"
        },
        "quantity": 1,
        "rules": [],
        "size": "med",
        "traits": {
            "rarity": "rare",
            "value": [
                "invested",
                "magical"
            ]
        },
        "usage": {
            "value": "worn"
        }
    },
    "type": "equipment"
}
