{
    "_id": "CVTbxCY85nLoHYuw",
    "img": "systems/pf2e/icons/equipment/worn-items/other-worn-items/aeon-stone-dull-gray.webp",
    "name": "Aeon Stone (Consumed)",
    "system": {
        "baseItem": null,
        "bulk": {
            "value": 0
        },
        "containerId": null,
        "description": {
            "value": "<p>Over millennia, these mysterious, intricately cut gemstones have been hoarded by mystics and fanatics hoping to discover their secrets. Despite their myriad forms and functions, these stones are purportedly all fragments of crystal tools used by otherworldly entities to construct the universe in primeval times.</p>\n<p>When you invest one of these precisely shaped crystals, the stone orbits your head instead of being worn on your body. You can stow an <em>aeon stone</em> with an Interact action, and an orbiting stone can be snatched out of the air with a successful Disarm action against you. A stowed or removed stone remains invested, but its effects are suppressed until you return it to orbit your head again.</p>\n<p>There are various types of <em>aeon stones</em>, each with a different appearance and magical effect. Each <em>aeon stone</em> also gains a resonant power when slotted into a special magical item called a <em>wayfinder</em>.</p>\n<hr />\n<p>A <em>consumed</em> aeon stone is a dull lump that has lost its magical properties. It still rotates your head like any other aeon stone and can thus serve as a stylish, hand-free option for various spells that target an object.</p>\n<p>This aeon stone has no resonant power.</p>"
        },
        "hardness": 0,
        "hp": {
            "max": 0,
            "value": 0
        },
        "level": {
            "value": 1
        },
        "material": {
            "grade": null,
            "type": null
        },
        "price": {
            "value": {
                "gp": 9
            }
        },
        "publication": {
            "license": "ORC",
            "remaster": true,
            "title": "Pathfinder GM Core"
        },
        "quantity": 1,
        "rules": [],
        "size": "med",
        "traits": {
            "rarity": "uncommon",
            "value": [
                "invested",
                "magical"
            ]
        },
        "usage": {
            "value": "worn"
        }
    },
    "type": "equipment"
}
