{
    "_id": "lJ3BzUZkGTOCWleL",
    "img": "systems/pf2e/icons/equipment/worn-items/other-worn-items/aeon-stone-pink-rhomboid.webp",
    "name": "Aeon Stone (Pink Rhomboid)",
    "system": {
        "baseItem": null,
        "bulk": {
            "value": 0
        },
        "containerId": null,
        "description": {
            "value": "<p>When you invest this stone, you gain 15 temporary Hit Points. If the stone's effects are suppressed, you lose any of the temporary Hit Points remaining until it returns. The temporary Hit Points refresh during your daily preparations; they do not refresh if you re-invest the stone, or invest another <em>pink rhomboid aeon stone</em>, before then.</p>\n<p>The resonant power allows you to cast the @UUID[Compendium.pf2e.spells-srd.Item.Stabilize] cantrip as a divine innate spell.</p>\n<p>@UUID[Compendium.pf2e.equipment-effects.Item.Effect: Aeon Stone (Pink Rhomboid)]</p>"
        },
        "hardness": 0,
        "hp": {
            "max": 0,
            "value": 0
        },
        "level": {
            "value": 12
        },
        "material": {
            "grade": null,
            "type": null
        },
        "price": {
            "value": {
                "gp": 1900
            }
        },
        "publication": {
            "license": "OGL",
            "remaster": false,
            "title": "Pathfinder Core Rulebook"
        },
        "quantity": 1,
        "rules": [],
        "size": "med",
        "traits": {
            "rarity": "uncommon",
            "value": [
                "invested",
                "magical"
            ]
        },
        "usage": {
            "value": "worn"
        }
    },
    "type": "equipment"
}
