{
    "_id": "V5kv7e1r2qV2k3lf",
    "img": "systems/pf2e/icons/equipment/worn-items/other-worn-items/aeon-stone-western-star.webp",
    "name": "Aeon Stone (Western Star)",
    "system": {
        "baseItem": null,
        "bulk": {
            "value": 0
        },
        "containerId": null,
        "description": {
            "value": "<p>This aeon stone must be activated to provide a benefit.</p>\n<hr />\n<p><strong>Activate</strong> <span class=\"action-glyph\">2</span> envision, Interact</p>\n<hr />\n<p><strong>Effect</strong> You activate the aeon stone to gain the effects of a 1st-rank @UUID[Compendium.pf2e.spells-srd.Item.Illusory Disguise].</p>\n<p>The resonant power allows you to render all of your aeon stones and your wayfinder @UUID[Compendium.pf2e.conditionitems.Item.Invisible] whenever you use the activation to gain the effects of illusory disguise.</p>"
        },
        "hardness": 0,
        "hp": {
            "max": 0,
            "value": 0
        },
        "level": {
            "value": 6
        },
        "material": {
            "grade": null,
            "type": null
        },
        "price": {
            "value": {
                "gp": 225
            }
        },
        "publication": {
            "license": "OGL",
            "remaster": false,
            "title": "Pathfinder Lost Omens Pathfinder Society Guide"
        },
        "quantity": 1,
        "rules": [],
        "size": "med",
        "traits": {
            "rarity": "uncommon",
            "value": [
                "invested",
                "magical"
            ]
        },
        "usage": {
            "value": "worn"
        }
    },
    "type": "equipment"
}
