{
    "_id": "4A8SFipG78SMWQEU",
    "img": "systems/pf2e/icons/equipment/worn-items/other-worn-items/aeon-stone-pearly-white-spindle.webp",
    "name": "Aeon Stone (Pearly White Spindle)",
    "system": {
        "baseItem": null,
        "bulk": {
            "value": 0
        },
        "containerId": null,
        "description": {
            "value": "<p>When you invest this <em>aeon stone</em>, it slowly starts healing your wounds, restoring 1 HP every minute.</p>\n<p>The resonant power grants you resistance 1 to void damage.</p>\n<p>@UUID[Compendium.pf2e.equipment-effects.Item.Effect: Aeon Stone Resonance (Pearly White Spindle)]</p>"
        },
        "hardness": 0,
        "hp": {
            "max": 0,
            "value": 0
        },
        "level": {
            "value": 3
        },
        "material": {
            "grade": null,
            "type": null
        },
        "price": {
            "value": {
                "gp": 60
            }
        },
        "publication": {
            "license": "OGL",
            "remaster": false,
            "title": "Pathfinder Lost Omens Pathfinder Society Guide"
        },
        "quantity": 1,
        "rules": [],
        "size": "med",
        "traits": {
            "rarity": "uncommon",
            "value": [
                "invested",
                "magical"
            ]
        },
        "usage": {
            "value": "worn"
        }
    },
    "type": "equipment"
}
