{
    "_id": "kNJADasb0PatkMlc",
    "img": "systems/pf2e/icons/equipment/treasure/gems/lesser-semiprecious-stones/tigers-eye.webp",
    "name": "Aeon Stone (Cymophane Cabochon)",
    "system": {
        "baseItem": null,
        "bulk": {
            "value": 0
        },
        "containerId": null,
        "description": {
            "value": "<p>Jabalis use the <em>cymophane cabochon aeon stone</em> to keep an eye on their belongings and surroundings. You gain a +2 item bonus to Perception checks and DCs against Hide, @UUID[Compendium.pf2e.actionspf2e.Item.Sneak], and @UUID[Compendium.pf2e.actionspf2e.Item.Steal] actions.</p>\n<p>The resonant power allows you to cast @UUID[Compendium.pf2e.spells-srd.Item.See the Unseen] as an arcane innate spell once per day.</p>"
        },
        "hardness": 0,
        "hp": {
            "max": 0,
            "value": 0
        },
        "level": {
            "value": 9
        },
        "material": {
            "grade": null,
            "type": null
        },
        "price": {
            "value": {
                "gp": 650
            }
        },
        "publication": {
            "license": "OGL",
            "remaster": true,
            "title": "Pathfinder Rage of Elements"
        },
        "quantity": 1,
        "rules": [
            {
                "key": "FlatModifier",
                "selector": "perception",
                "type": "item",
                "value": 2
            }
        ],
        "size": "med",
        "traits": {
            "rarity": "uncommon",
            "value": [
                "earth",
                "invested",
                "magical"
            ]
        },
        "usage": {
            "value": "worn"
        }
    },
    "type": "equipment"
}
