{
    "_id": "PlB4I1LFOpRYwvEg",
    "img": "systems/pf2e/icons/equipment/worn-items/other-worn-items/aeon-stone-agate-ellipsoid.webp",
    "name": "Aeon Stone (Polished Pebble)",
    "system": {
        "baseItem": null,
        "bulk": {
            "value": 0
        },
        "containerId": null,
        "description": {
            "value": "<p>A <em>polished pebble aeon stone</em> imbues you with the strength of the earth, granting a +1 item bonus to saves and DCs against attempts to grapple or swallow you.</p>\n<p>The stone's resonant power allows you to cast @UUID[Compendium.pf2e.spells-srd.Item.Grease] as a primal innate spell once per day. You can target only surfaces, not objects, with this spell.</p>"
        },
        "hardness": 0,
        "hp": {
            "max": 0,
            "value": 0
        },
        "level": {
            "value": 3
        },
        "material": {
            "grade": null,
            "type": null
        },
        "price": {
            "value": {
                "gp": 50
            }
        },
        "publication": {
            "license": "OGL",
            "remaster": true,
            "title": "Pathfinder Rage of Elements"
        },
        "quantity": 1,
        "rules": [
            {
                "key": "FlatModifier",
                "predicate": [
                    {
                        "or": [
                            "action:grapple",
                            "action:swallow-whole"
                        ]
                    }
                ],
                "selector": [
                    "saving-throw",
                    "fortitude-dc",
                    "reflex-dc",
                    "will-dc"
                ],
                "type": "item",
                "value": 1
            }
        ],
        "size": "med",
        "traits": {
            "rarity": "uncommon",
            "value": [
                "earth",
                "invested",
                "magical"
            ]
        },
        "usage": {
            "value": "worn"
        }
    },
    "type": "equipment"
}
