{
    "_id": "3Nb9R3lIOy1tiMqv",
    "img": "systems/pf2e/icons/equipment/worn-items/other-worn-items/aeon-stone-gold-nodule.webp",
    "name": "Aeon Stone (Amber Sphere)",
    "system": {
        "baseItem": null,
        "bulk": {
            "value": 0
        },
        "containerId": null,
        "description": {
            "value": "<p>If you are undead, your body regains much of the appearance it had in life, and you gain a +2 item bonus to Deception to @UUID[Compendium.pf2e.actionspf2e.Item.Impersonate] yourself as a living creature. If you're alive, your appearance is the healthiest version of yourself, and you gain a +2 item bonus to @UUID[Compendium.pf2e.actionspf2e.Item.Make an Impression] or @UUID[Compendium.pf2e.actionspf2e.Item.Request] that involves your strength or vigor.</p>\n<p>The resonant power of the <em>amber sphere</em> grants you a special activation to improve your salubrious appearance to a lurid extreme.</p>\n<p><strong>Activate</strong> <span class=\"action-glyph\">2</span> envision</p>\n<p><strong>Frequency</strong> once per day</p>\n<hr />\n<p><strong>Effect</strong> The stone casts a 7th-rank @UUID[Compendium.pf2e.spells-srd.Item.Mask of Terror] on you (@Check[will|dc:34|traits:emotion,fear,mental,visual|overrideTraits:true]), causing your appearance to burst with a profusion of shocking vigor: your mouth fills with large and bright teeth, your hair animates in grasping tresses, your face flushes with bright blood that seeps from your skin, or similar. The image is unique to each observer, but you remain recognizably yourself regardless of the illusion's form.</p>"
        },
        "hardness": 0,
        "hp": {
            "max": 0,
            "value": 0
        },
        "level": {
            "value": 16
        },
        "material": {
            "grade": null,
            "type": null
        },
        "price": {
            "value": {
                "gp": 9800
            }
        },
        "publication": {
            "license": "OGL",
            "remaster": false,
            "title": "Pathfinder #185: A Taste of Ashes"
        },
        "quantity": 1,
        "rules": [
            {
                "key": "FlatModifier",
                "predicate": [
                    "self:mode:undead",
                    "action:impersonate:living"
                ],
                "selector": "deception",
                "type": "item",
                "value": 2
            },
            {
                "key": "FlatModifier",
                "predicate": [
                    {
                        "or": [
                            "action:make-an-impression",
                            "action:request"
                        ]
                    },
                    "involves-vigor"
                ],
                "selector": "diplomacy",
                "type": "item",
                "value": 2
            }
        ],
        "size": "med",
        "traits": {
            "rarity": "rare",
            "value": [
                "invested",
                "magical"
            ]
        },
        "usage": {
            "value": "worn"
        }
    },
    "type": "equipment"
}
