{
    "_id": "TKr8IL5F3cxsfHPH",
    "img": "systems/pf2e/icons/equipment/worn-items/other-worn-items/aeon-stone-dusty-rose-prism.webp",
    "name": "Aeon Stone (Dusty Rose Prism)",
    "system": {
        "baseItem": null,
        "bulk": {
            "value": 0
        },
        "containerId": null,
        "description": {
            "value": "<p>This aeon stone allows you to cast the 1st-rank @UUID[Compendium.pf2e.spells-srd.Item.Shield] cantrip as an arcane innate spell, surrounding yourself in pink energy.</p>\n<p>The resonant power increases the damage prevented by your aeon stone's shield spell from 5 to 10.</p>"
        },
        "hardness": 0,
        "hp": {
            "max": 0,
            "value": 0
        },
        "level": {
            "value": 3
        },
        "material": {
            "grade": null,
            "type": null
        },
        "price": {
            "value": {
                "gp": 50
            }
        },
        "publication": {
            "license": "OGL",
            "remaster": false,
            "title": "Pathfinder Lost Omens Pathfinder Society Guide"
        },
        "quantity": 1,
        "rules": [],
        "size": "med",
        "traits": {
            "rarity": "uncommon",
            "value": [
                "invested",
                "magical"
            ]
        },
        "usage": {
            "value": "worn"
        }
    },
    "type": "equipment"
}
