{
    "_id": "5SKGqxahAGsJgzRF",
    "img": "systems/pf2e/icons/equipment/worn-items/other-worn-items/aeon-stone-pearlescent-pyramid.webp",
    "name": "Aeon Stone (Pearlescent Pyramid)",
    "system": {
        "baseItem": null,
        "bulk": {
            "value": 0
        },
        "containerId": null,
        "description": {
            "value": "<p>While invested, this <em>aeon stone</em> grants the benefit of the <em>@UUID[Compendium.pf2e.equipment-srd.Item.Ghost Touch]</em> property rune to your weapons and unarmed attacks.</p>\n<p>The resonant power grants a special activation.</p>\n<hr />\n<p><strong>Activate</strong> <span class=\"action-glyph\">1</span> envision</p>\n<p><strong>Frequency</strong> once per minute</p>\n<p><strong>Effect</strong> You gain the effects of @UUID[Compendium.pf2e.spells-srd.Item.See the Unseen] for 1 round.</p>"
        },
        "hardness": 0,
        "hp": {
            "max": 0,
            "value": 0
        },
        "level": {
            "value": 10
        },
        "material": {
            "grade": null,
            "type": null
        },
        "price": {
            "value": {
                "gp": 900
            }
        },
        "publication": {
            "license": "OGL",
            "remaster": false,
            "title": "Pathfinder Lost Omens Pathfinder Society Guide"
        },
        "quantity": 1,
        "rules": [
            {
                "key": "AdjustStrike",
                "mode": "add",
                "property": "property-runes",
                "value": "ghost-touch"
            }
        ],
        "size": "med",
        "traits": {
            "rarity": "uncommon",
            "value": [
                "invested",
                "magical"
            ]
        },
        "usage": {
            "value": "worn"
        }
    },
    "type": "equipment"
}
