{
    "_id": "5sMAAIymln2yIl4q",
    "img": "systems/pf2e/icons/equipment/worn-items/other-worn-items/aeon-stone-lavender-and-green-ellipsoid.webp",
    "name": "Aeon Stone (Lavender and Green Ellipsoid)",
    "system": {
        "baseItem": null,
        "bulk": {
            "value": 0
        },
        "containerId": null,
        "description": {
            "value": "<p>This functions as a pale lavender ellipsoid aeon stone, but it casts an 8th-rank @UUID[Compendium.pf2e.spells-srd.Item.Dispel Magic] spell with a counteract modifier of [[/r 1d20+31]].</p>\n<p>The resonant power allows you to cast @UUID[Compendium.pf2e.spells-srd.Item.Detect Magic] and @UUID[Compendium.pf2e.spells-srd.Item.Read Aura] as arcane innate spells at will.</p>"
        },
        "hardness": 0,
        "hp": {
            "max": 0,
            "value": 0
        },
        "level": {
            "value": 19
        },
        "material": {
            "grade": null,
            "type": null
        },
        "price": {
            "value": {
                "gp": 30000
            }
        },
        "publication": {
            "license": "OGL",
            "remaster": false,
            "title": "Pathfinder Core Rulebook"
        },
        "quantity": 1,
        "rules": [],
        "size": "med",
        "traits": {
            "rarity": "uncommon",
            "value": [
                "invested",
                "magical"
            ]
        },
        "usage": {
            "value": "worn"
        }
    },
    "type": "equipment"
}
