{
    "_id": "3jUoOPFVoYtM7A9F",
    "img": "icons/commodities/tech/antenna-powered-purple.webp",
    "name": "Aetheric Irritant (Lesser)",
    "system": {
        "baseItem": null,
        "bulk": {
            "value": 0.1
        },
        "category": "gadget",
        "containerId": null,
        "damage": null,
        "description": {
            "value": "<p><strong>Activate</strong> <span class=\"action-glyph\">1</span> (manipulate)</p><hr /><p>An aetheric irritant is a chime that can emit a subsonic frequency that otherworldly beings find unpleasant. When you Activate an aetheric irritant, you sound the chime and place it on the ground in a square within your reach. The aetheric irritant affects an area in a @Template[type:emanation|distance:10]. Creatures with the fey, spirit, or undead traits must attempt a @Check[will|dc:15] save when they enter the affected area and at the beginning of every turn they are in the affected area. Those who fail the save treat the area as difficult terrain until the beginning of their next turn. A creature that critically succeeds at the save is immune to all aetheric irritants for 24 hours. An aetheric irritant continues to hum until it shakes itself to pieces after 10 minutes of being activated or it is moved, whichever comes first.</p>"
        },
        "hardness": 0,
        "hp": {
            "max": 0,
            "value": 0
        },
        "level": {
            "value": 1
        },
        "material": {
            "grade": null,
            "type": null
        },
        "price": {
            "value": {
                "gp": 4
            }
        },
        "publication": {
            "license": "ORC",
            "remaster": true,
            "title": "Pathfinder Lost Omens Rival Academies"
        },
        "quantity": 1,
        "rules": [],
        "size": "med",
        "traits": {
            "rarity": "uncommon",
            "value": [
                "consumable",
                "gadget",
                "sonic"
            ]
        },
        "usage": {
            "value": "held-in-one-hand"
        },
        "uses": {
            "autoDestroy": true,
            "max": 1,
            "value": 1
        }
    },
    "type": "consumable"
}
