{
    "_id": "rHugmTjO3kgyiTH0",
    "img": "icons/sundries/survival/wetskin-leather-red.webp",
    "name": "Air Bladder",
    "system": {
        "baseItem": null,
        "bulk": {
            "value": 0.1
        },
        "containerId": null,
        "description": {
            "value": "<p><strong>Bulk</strong> L (1 if inflated)</p>\n<hr />\n<p>This weighted animal bladder can be inflated with air in preparation for a dive. It holds enough air to breathe for one round. As a free action, you can inhale the contents of the air bladder, which resets the number of rounds you can hold your breath. You can inflate the bladder or remove its attached weight as an Interact action. An unattached inflated bladder without the weight will float toward the surface of the water at a rate of 60 feet per round.</p>"
        },
        "hardness": 0,
        "hp": {
            "max": 0,
            "value": 0
        },
        "level": {
            "value": 0
        },
        "material": {
            "grade": null,
            "type": null
        },
        "price": {
            "value": {
                "sp": 1
            }
        },
        "publication": {
            "license": "OGL",
            "remaster": false,
            "title": "Pathfinder Lost Omens The Grand Bazaar"
        },
        "quantity": 1,
        "rules": [],
        "size": "med",
        "traits": {
            "rarity": "common",
            "value": []
        },
        "usage": {
            "value": "held-in-one-hand"
        }
    },
    "type": "equipment"
}
