{
    "_id": "t0pzdb54KD2JQcEa",
    "img": "icons/sundries/misc/horseshoe-iron.webp",
    "name": "Alacritous Horseshoes (Greater)",
    "system": {
        "baseItem": null,
        "bulk": {
            "value": 1
        },
        "containerId": null,
        "description": {
            "value": "<p>When you affix these simple iron horseshoes to the hooves of an ordinary horse or a quadrupedal animal companion and the animal companion invests them, that creature gains a +10-foot item bonus to its land Speed and a +3 item bonus to Athletics checks to High Jump and Long Jump.</p>\n<p>In addition, when it Leaps, it can move 5 feet farther if jumping horizontally or 3 feet higher if jumping vertically.</p>"
        },
        "hardness": 0,
        "hp": {
            "max": 0,
            "value": 0
        },
        "level": {
            "value": 14
        },
        "material": {
            "grade": null,
            "type": null
        },
        "price": {
            "value": {
                "gp": 4250
            }
        },
        "publication": {
            "license": "ORC",
            "remaster": true,
            "title": "Pathfinder GM Core"
        },
        "quantity": 1,
        "rules": [
            {
                "key": "FlatModifier",
                "label": "Horseshoes of Speed (long & high jumps)",
                "predicate": [
                    {
                        "or": [
                            "action:high-jump",
                            "action:long-jump"
                        ]
                    }
                ],
                "selector": "athletics",
                "type": "item",
                "value": 3
            },
            {
                "key": "FlatModifier",
                "selector": "land-speed",
                "type": "item",
                "value": 10
            }
        ],
        "size": "med",
        "traits": {
            "rarity": "common",
            "value": [
                "companion",
                "invested",
                "primal"
            ]
        },
        "usage": {
            "value": "wornhorseshoes"
        }
    },
    "type": "equipment"
}
