{
    "_id": "AFX1V0Go9DqPWBlN",
    "img": "icons/tools/instruments/bell-silver.webp",
    "name": "Alarm Snare",
    "system": {
        "baseItem": null,
        "bulk": {
            "value": 0
        },
        "category": "snare",
        "containerId": null,
        "damage": null,
        "description": {
            "value": "<p>You create an alarm snare by rigging one or more noisy objects to a trip wire or pressure plate. When you create an alarm snare, you designate a range between 100 to 500 feet at which it can be heard. When a Small or larger creature enters the square, the snare makes a noise loud enough that it can be heard by all creatures in the range you designated.</p>"
        },
        "hardness": 0,
        "hp": {
            "max": 0,
            "value": 0
        },
        "level": {
            "value": 1
        },
        "material": {
            "grade": null,
            "type": null
        },
        "price": {
            "value": {
                "gp": 3
            }
        },
        "publication": {
            "license": "ORC",
            "remaster": true,
            "title": "Pathfinder Player Core 2"
        },
        "quantity": 1,
        "rules": [],
        "size": "med",
        "traits": {
            "rarity": "common",
            "value": [
                "auditory",
                "consumable",
                "mechanical",
                "snare",
                "trap"
            ]
        },
        "usage": {
            "value": "held-in-one-hand"
        },
        "uses": {
            "autoDestroy": true,
            "max": 1,
            "value": 1
        }
    },
    "type": "consumable"
}
