{
    "_id": "k6xZkDUpF7E1Totd",
    "img": "icons/containers/chest/chest-simple-box-steel-brown.webp",
    "name": "Alchemist's Lab",
    "system": {
        "baseItem": null,
        "bulk": {
            "value": 6
        },
        "containerId": null,
        "description": {
            "value": "<p>You need an alchemist's lab to Craft alchemical items during downtime.</p>"
        },
        "hardness": 0,
        "hp": {
            "max": 0,
            "value": 0
        },
        "level": {
            "value": 0
        },
        "material": {
            "grade": null,
            "type": null
        },
        "price": {
            "value": {
                "gp": 5
            }
        },
        "publication": {
            "license": "ORC",
            "remaster": true,
            "title": "Pathfinder Player Core"
        },
        "quantity": 1,
        "rules": [],
        "size": "med",
        "traits": {
            "rarity": "common",
            "value": []
        },
        "usage": {
            "value": "held-in-two-hands"
        }
    },
    "type": "equipment"
}
