{
    "_id": "gdaLHiWRhB1l2Xr3",
    "img": "icons/skills/ranged/cannon-barrel-firing-yellow.webp",
    "name": "Alchemist's Flamethrower",
    "system": {
        "baseItem": null,
        "bulk": {
            "value": 1
        },
        "containerId": null,
        "description": {
            "value": "<p>This long cylinder is topped by a pair of brass sockets and a collection of polished pipes and tubes. A total of two vials of alchemist's fire must be loaded into the sockets at the base of the weapon and the tubes cleaned and primed. Properly loading the flamethrower in this way takes 1 minute. When the trigger on a loaded flamethrower is pulled, the alchemist's fire is siphoned into the rifle and shot out of the muzzle in a line of fire. The damage dealt by a flamethrower is determined by the strength of the weakest alchemist's fire loaded into the flamethrower.</p>\n<hr />\n<p><strong>Activate</strong> <span class=\"action-glyph\">2</span> Interact (fire)</p>\n<p><strong>Requirements</strong> The flamethrower is loaded</p>\n<p><strong>Effect</strong> You pull the trigger, expending both loaded alchemist's fires to shoot a line of fire. Creatures in the area take fire damage based on the weakest alchemist's fire loaded into the flamethrower, as noted below. Creatures that critically fail the basic Reflex save additionally take the listed persistent fire damage.</p>\n<ul>\n<li><strong>Lesser Alchemist's Fire</strong>: The flamethrower deals @Damage[1d8[fire]] (@Check[reflex|dc:15|basic]) in a @Template[line|distance:30]. @Damage[1[persistent,fire]] damage.</li>\n<li><strong>Moderate Alchemist's Fire</strong>: The flamethrower deals @Damage[2d8[fire]] (@Check[reflex|dc:17|basic]) in a @Template[line|distance:60]. @Damage[2[persistent,fire]] damage.</li>\n<li><strong>Greater Alchemist's Fire</strong>: The flamethrower deals @Damage[6d8[fire]] (@Check[reflex|dc:28|basic]) in a @Template[line|distance:90]. @Damage[3[persistent,fire]] damage.</li>\n<li><strong>Major Alchemist's Fire</strong>: The flamethrower deals @Damage[10d8[fire]] (@Check[reflex|dc:37|basic]) in a @Template[line|distance:120]. @Damage[4[persistent,fire]] damage.</li>\n</ul>"
        },
        "hardness": 0,
        "hp": {
            "max": 0,
            "value": 0
        },
        "level": {
            "value": 2
        },
        "material": {
            "grade": null,
            "type": null
        },
        "price": {
            "value": {
                "gp": 35
            }
        },
        "publication": {
            "license": "OGL",
            "remaster": false,
            "title": "Pathfinder Treasure Vault"
        },
        "quantity": 1,
        "rules": [],
        "size": "med",
        "traits": {
            "rarity": "rare",
            "value": [
                "alchemical",
                "fire"
            ]
        },
        "usage": {
            "value": "held-in-two-hands"
        }
    },
    "type": "equipment"
}
