{
    "_id": "M0DMGUN84FQHapsF",
    "img": "systems/pf2e/icons/equipment/consumables/ammunition/dwarven-daisy.webp",
    "name": "Alchemical Fuse",
    "system": {
        "baseItem": null,
        "bulk": {
            "value": 0.1
        },
        "category": "other",
        "containerId": null,
        "damage": null,
        "description": {
            "value": "<p>An alchemical fuse is a length of treated cord that can be used to time the detonation of an alchemical bomb or a stick of pyronite, or simply as a timer—at the GM's option, fuses can be used as timers to trigger other devices that can be triggered with a single appropriate action, as well.</p>\n<hr />\n<p><strong>Activate</strong> <span class=\"action-glyph\">1</span> Interact</p>\n<hr />\n<p><strong>Effect</strong> You attach the alchemical fuse to an alchemical bomb, stick of pyronite, or other device that can be triggered by a fuse. Alternately, you can attach one fuse to another to extend its burn time by 1 round.</p>\n<hr />\n<p><strong>Activate</strong> <span class=\"action-glyph\">1</span> Interact</p>\n<hr />\n<p><strong>Effect</strong> You light the alchemical fuse with an adjacent fire source or a fire source that you hold in a hand. If you have a tindertwig in your other hand, you can activate the tindertwig and use it to light a fuse with the same Interact action. A lit fuse takes 1 round per attached fuse to burn down. During the round that the fuse runs out, the device to which the fuse has been attached explodes or otherwise activates at the end of your turn. For a bomb, this deals splash damage, and for pyronite, it deals pyronite's normal damage. An alchemical fuse burns underwater or in up to moderate wind.</p>\n<hr />\n<p><strong>Activate</strong> <span class=\"action-glyph\">1</span> Interact</p>\n<hr />\n<p><strong>Effect</strong> You extinguish the fuse.</p>"
        },
        "hardness": 0,
        "hp": {
            "max": 0,
            "value": 0
        },
        "level": {
            "value": 1
        },
        "material": {
            "grade": null,
            "type": null
        },
        "price": {
            "value": {
                "gp": 3
            }
        },
        "publication": {
            "license": "OGL",
            "remaster": false,
            "title": "Pathfinder #179: Cradle of Quartz"
        },
        "quantity": 1,
        "rules": [],
        "size": "med",
        "traits": {
            "rarity": "common",
            "value": [
                "alchemical",
                "consumable",
                "fire"
            ]
        },
        "usage": {
            "value": "held-in-one-hand"
        },
        "uses": {
            "autoDestroy": true,
            "max": 1,
            "value": 1
        }
    },
    "type": "consumable"
}
