{
    "_id": "cLZrOihPht5M7eTw",
    "img": "systems/pf2e/icons/equipment/alchemical-items/alchemical-bombs/alchemists-fire.webp",
    "name": "Alchemist's Fire (Major)",
    "system": {
        "baseItem": "alchemical-bomb",
        "bonus": {
            "value": 3
        },
        "bonusDamage": {
            "value": 0
        },
        "bulk": {
            "value": 0.1
        },
        "category": "martial",
        "containerId": null,
        "damage": {
            "damageType": "fire",
            "dice": 4,
            "die": "d8",
            "persistent": {
                "faces": null,
                "number": 4,
                "type": "fire"
            }
        },
        "description": {
            "value": "<p><strong>Activate</strong> <span class=\"action-glyph\">A</span> Strike</p>\n<hr />\n<p>Alchemist's fire is a combination of volatile liquids that ignite when exposed to air. Alchemist's fire deals 4d8 fire damage, 4 persistent fire damage, and 4 fire splash damage. You gain a +3 item bonus to attack rolls.</p>"
        },
        "group": "bomb",
        "hardness": 0,
        "hp": {
            "max": 0,
            "value": 0
        },
        "level": {
            "value": 17
        },
        "material": {
            "grade": null,
            "type": null
        },
        "price": {
            "value": {
                "gp": 2500
            }
        },
        "publication": {
            "license": "ORC",
            "remaster": true,
            "title": "Pathfinder GM Core"
        },
        "quantity": 1,
        "range": 20,
        "reload": {
            "value": "-"
        },
        "rules": [],
        "runes": {
            "potency": 0,
            "property": [],
            "striking": 0
        },
        "size": "med",
        "splashDamage": {
            "value": 4
        },
        "traits": {
            "rarity": "common",
            "value": [
                "alchemical",
                "bomb",
                "consumable",
                "fire",
                "splash"
            ]
        },
        "usage": {
            "canBeAmmo": false,
            "value": "held-in-one-hand"
        }
    },
    "type": "weapon"
}
