{
    "_id": "4ftXXUCBHcf4b0MH",
    "img": "icons/tools/laboratory/vials-blue-pink.webp",
    "name": "Alchemist's Toolkit",
    "system": {
        "baseItem": null,
        "bulk": {
            "value": 1
        },
        "containerId": null,
        "description": {
            "value": "<p>This mobile collection of vials and chemicals can be used for simple alchemical tasks. If you wear your alchemist's toolkit, you can draw and replace it as part of the action that uses it.</p>"
        },
        "hardness": 0,
        "hp": {
            "max": 0,
            "value": 0
        },
        "level": {
            "value": 0
        },
        "material": {
            "grade": null,
            "type": null
        },
        "price": {
            "value": {
                "gp": 3
            }
        },
        "publication": {
            "license": "ORC",
            "remaster": true,
            "title": "Pathfinder Player Core"
        },
        "quantity": 1,
        "rules": [],
        "size": "med",
        "traits": {
            "rarity": "common",
            "value": []
        },
        "usage": {
            "value": "held-in-two-hands"
        }
    },
    "type": "equipment"
}
