{
    "_id": "NKOAAPYL5RxReuKi",
    "img": "systems/pf2e/icons/equipment/consumables/talismans/alchemists-damper.webp",
    "name": "Alchemist's Damper",
    "system": {
        "baseItem": null,
        "bulk": {
            "value": 0
        },
        "category": "talisman",
        "containerId": null,
        "damage": null,
        "description": {
            "value": "<p><strong>Activate</strong> <span class=\"action-glyph\">f</span> envision</p>\n<p><strong>Trigger</strong> You attack with the affixed firearm</p>\n<p><strong>Requirements</strong> You're an expert with the affixed firearm.</p>\n<hr />\n<p>A glass tube of mercury is contained within this golden clasp that's fitted in front of a firearm's trigger. On the triggering Strike, the mercury turns briefly to gold, reducing the effect of recoil, allowing you to ignore the circumstance penalty of the attached weapon's kickback weapon trait.</p>"
        },
        "hardness": 0,
        "hp": {
            "max": 0,
            "value": 0
        },
        "level": {
            "value": 5
        },
        "material": {
            "grade": null,
            "type": null
        },
        "price": {
            "value": {
                "gp": 30
            }
        },
        "publication": {
            "license": "OGL",
            "remaster": false,
            "title": "Pathfinder #179: Cradle of Quartz"
        },
        "quantity": 1,
        "rules": [],
        "size": "med",
        "traits": {
            "rarity": "uncommon",
            "value": [
                "consumable",
                "magical",
                "talisman"
            ]
        },
        "usage": {
            "value": "affixed-to-firearm-with-the-kickback-trait"
        },
        "uses": {
            "autoDestroy": true,
            "max": 1,
            "value": 1
        }
    },
    "type": "consumable"
}
