{
    "_id": "5uFUIRw4YUIn0OR7",
    "img": "icons/containers/bags/pack-leather-red.webp",
    "name": "Alchemist's Haversack",
    "system": {
        "baseItem": null,
        "bulk": {
            "capacity": 50,
            "heldOrStowed": 1,
            "ignored": 50,
            "value": 1
        },
        "collapsed": false,
        "containerId": null,
        "description": {
            "value": "<p>An <em>alchemist's haversack</em> is a sturdy leather backpack with two compartments. The main section contains an extradimensional space equivalent to a @UUID[Compendium.pf2e.equipment-srd.Item.Spacious Pouch (Type II)]{Bag of Holding (Type II)}, perfect for carrying bulkier alchemist equipment. A secondary partition can hold 2 Bulk of items, 1 of which doesn't count against your Bulk limit. This second compartment can also be activated (see below). Two shoulder straps and a thick belt for the waist hold the haversack on the wearer securely. These straps have pouches and loops for keeping alchemical items handy. They also contain magically expanded alchemist's tools that grant you a +2 item bonus to Crafting checks to create alchemical items. Water and undesirable material can't seep into the haversack, which cleans itself once per hour. When you reach in any part of the haversack, the item you sought is the first one you find. Also, the haversack preserves mundane ingredients, food, and drink inside, so they stay fresh indefinitely. This feature doesn't prolong the duration of magic or alchemical items.</p>\n<hr />\n<p><strong>Activate</strong> <span class=\"action-glyph\">1</span> command</p>\n<p><strong>Frequency</strong> once per day</p>\n<p><strong>Requirements</strong> You gain batches of infused reagents during your daily preparations</p>\n<p><strong>Effect</strong> You pull one additional batch of infused reagents from the satchel's secondary compartment. If you fail to use these reagents by the end of your next turn, they're lost.</p>\n<hr />\n<p><strong>Craft Requirements</strong> You are an alchemist.</p>"
        },
        "hardness": 0,
        "hp": {
            "max": 0,
            "value": 0
        },
        "level": {
            "value": 11
        },
        "material": {
            "grade": null,
            "type": null
        },
        "price": {
            "value": {
                "gp": 1400
            }
        },
        "publication": {
            "license": "OGL",
            "remaster": false,
            "title": "Pathfinder Treasure Vault"
        },
        "quantity": 1,
        "rules": [
            {
                "key": "FlatModifier",
                "predicate": [
                    "item:trait:alchemical"
                ],
                "selector": "crafting",
                "type": "item",
                "value": 2
            }
        ],
        "size": "med",
        "stowing": true,
        "traits": {
            "rarity": "common",
            "value": [
                "extradimensional",
                "invested",
                "magical"
            ]
        },
        "usage": {
            "value": "wornbackpack"
        }
    },
    "type": "backpack"
}
