{
    "_id": "7JVgLiNTAs4clEW8",
    "img": "systems/pf2e/icons/equipment/worn-items/other-worn-items/alchemist-goggles.webp",
    "name": "Alchemist Goggles",
    "system": {
        "baseItem": null,
        "bulk": {
            "value": 0
        },
        "containerId": null,
        "description": {
            "value": "<p>These brass goggles are engraved with flame patterns and have thick, heavy lenses.</p>\n<p>While worn, they give you a +1 item bonus to Crafting checks to @UUID[Compendium.pf2e.actionspf2e.Item.Craft] alchemical items. When making Strikes with alchemical bombs, you ignore lesser cover.</p>\n<p>If your Strike with an alchemical bomb fails (but doesn't critically fail), you gain a +1 item bonus to the splash damage the target of the Strike takes.</p>"
        },
        "hardness": 0,
        "hp": {
            "max": 0,
            "value": 0
        },
        "level": {
            "value": 4
        },
        "material": {
            "grade": null,
            "type": null
        },
        "price": {
            "value": {
                "gp": 100
            }
        },
        "publication": {
            "license": "ORC",
            "remaster": true,
            "title": "Pathfinder Player Core 2"
        },
        "quantity": 1,
        "rules": [
            {
                "key": "FlatModifier",
                "predicate": [
                    "item:trait:alchemical",
                    "action:craft"
                ],
                "selector": "crafting",
                "type": "item",
                "value": 1
            },
            {
                "key": "EphemeralEffect",
                "predicate": [
                    "target:cover-level:lesser"
                ],
                "selectors": "alchemical-bomb-base-attack-roll",
                "uuid": "Compendium.pf2e.equipment-effects.Item.Effect: Alchemist Goggles"
            },
            {
                "key": "RollOption",
                "label": "PF2E.SpecificRule.Equipment.AlchemistGoggles.RollOptionLabel",
                "option": "alchemist-goggles-failure",
                "toggleable": true
            },
            {
                "damageCategory": "splash",
                "key": "FlatModifier",
                "predicate": [
                    "alchemist-goggles-failure"
                ],
                "selector": "alchemical-bomb-base-damage",
                "type": "item",
                "value": 1
            }
        ],
        "size": "med",
        "traits": {
            "rarity": "common",
            "value": [
                "invested",
                "magical"
            ]
        },
        "usage": {
            "value": "worneyepiece"
        }
    },
    "type": "equipment"
}
