{
    "_id": "MnKL30xS3FHlwdS1",
    "img": "icons/sundries/documents/blueprint-recipe-alchemical.webp",
    "name": "Alchemical Chart (Greater)",
    "system": {
        "baseItem": null,
        "bulk": {
            "value": 0.1
        },
        "containerId": null,
        "description": {
            "value": "<p>This sturdy, rigid alchemical chart contains shorthand references on quickly mixing reagents for maximum effect. If you hold this chart while using @UUID[Compendium.pf2e.actionspf2e.Item.Quick Alchemy], the items you create of 18th level or lower remain potent for 1 additional round.</p>"
        },
        "hardness": 0,
        "hp": {
            "max": 0,
            "value": 0
        },
        "level": {
            "value": 18
        },
        "material": {
            "grade": null,
            "type": null
        },
        "price": {
            "value": {
                "gp": 19000
            }
        },
        "publication": {
            "license": "OGL",
            "remaster": false,
            "title": "Pathfinder Treasure Vault"
        },
        "quantity": 1,
        "rules": [],
        "size": "med",
        "traits": {
            "rarity": "common",
            "value": [
                "alchemical"
            ]
        },
        "usage": {
            "value": "held-in-one-hand"
        }
    },
    "type": "equipment"
}
