{
    "_id": "whShgzN5YBzrXV3r",
    "img": "icons/commodities/treasure/case-red-silver.webp",
    "name": "Alchemical Atomizer",
    "system": {
        "baseItem": null,
        "bulk": {
            "value": 0.1
        },
        "containerId": null,
        "description": {
            "value": "<p>Khismar developed this unique atomizer that allows for the distribution of elixirs, oils, and potions as a fine spray or mist. The atomizer can hold a single elixir, oil, or potion. An atomizer contains enough reagents to use it up to 10 times before the reagents must be replaced. A new batch of reagents costs 5 gp and requires an Interact action to replace.</p>\n<hr />\n<p><strong>Activate</strong> <span class=\"action-glyph\">A</span> Interact</p>\n<hr />\n<p><strong>Effect</strong> You spray the contents of the atomizer on yourself or an adjacent willing ally or unattended object. The target gains the effects of the applied elixir, oil, or potion. The target must be a valid target for the effect, such as food or drink for a nectar of purification, or the consumable is lost.</p>\n<hr />\n<p><strong>Activate</strong> <span class=\"action-glyph\">2</span> Interact</p>\n<hr />\n<p><strong>Effect</strong> You cause the atomizer to mix its reagents and fire its held consumable at a square within 30 feet. The consumable forms a cloud that fills the space. The first willing valid target to enter the space automatically gains the effect of the consumable. If there are multiple valid targets, such as with multiple weapons for aligned oil, the creature entering the space determines how the effect is applied. The cloud is consumed upon contact with a willing valid target or at the start of your next turn, whichever comes first.</p>"
        },
        "hardness": 0,
        "hp": {
            "max": 0,
            "value": 0
        },
        "level": {
            "value": 10
        },
        "material": {
            "grade": null,
            "type": null
        },
        "price": {
            "value": {
                "gp": 175
            }
        },
        "publication": {
            "license": "OGL",
            "remaster": false,
            "title": "Pathfinder Lost Omens Legends"
        },
        "quantity": 1,
        "rules": [],
        "size": "med",
        "traits": {
            "rarity": "rare",
            "value": [
                "alchemical"
            ]
        },
        "usage": {
            "value": "held-in-one-hand"
        }
    },
    "type": "equipment"
}
