{
    "_id": "QyzNxesxaSdPo3Pd",
    "img": "systems/pf2e/icons/equipment/weapons/whip.webp",
    "name": "Alghollthu Lash",
    "system": {
        "baseItem": "whip",
        "bonus": {
            "value": 0
        },
        "bonusDamage": {
            "value": 0
        },
        "bulk": {
            "value": 1
        },
        "category": "martial",
        "containerId": null,
        "damage": {
            "damageType": "slashing",
            "dice": 1,
            "die": "d4"
        },
        "description": {
            "value": "<p>This fleshy <em>+1 striking whip</em> is obviously crafted from the tentacle of some fearsome beast, likely an alghollthu, and constantly drips slime.</p>\n<p><strong>Activate</strong> <span class=\"action-glyph\">1</span> command</p>\n<p><strong>Frequency</strong> once per day</p>\n<hr />\n<p><strong>Effect</strong> The next creature you successfully Strike with this weapon is exposed to alghollthu slime.</p>\n<p><strong>Alghollthu Slime</strong> (curse, occult)</p>\n<p><strong>Saving Throw</strong> @Check[fortitude|dc:25|traits:curse,occult]</p>\n<p><strong>Stage 1</strong> no ill effect (1 round)</p>\n<p><strong>Stage 2</strong> the victim's skin softens, making the creature @UUID[Compendium.pf2e.conditionitems.Item.Drained]{Drained 1} (1 round)</p>\n<p><strong>Stage 3</strong> the victim's skin transforms into a clear, slimy membrane, making it @UUID[Compendium.pf2e.conditionitems.Item.Drained]{Drained 2} until the curse ends; every hour this membrane remains dry, the creature's drained condition increases by 1 (permanent). A remove disease spell can counteract this curse, but immunity to disease offers no protection against it.</p>\n<hr />\n<p><strong>Craft Requirements</strong> The initial raw materials must include a tentacle from an alghollthu.</p>"
        },
        "group": "flail",
        "hardness": 0,
        "hp": {
            "max": 0,
            "value": 0
        },
        "level": {
            "value": 7
        },
        "material": {
            "grade": null,
            "type": null
        },
        "price": {
            "value": {
                "gp": 350
            }
        },
        "publication": {
            "license": "OGL",
            "remaster": false,
            "title": "Pathfinder Treasure Vault"
        },
        "quantity": 1,
        "range": null,
        "reload": {
            "value": ""
        },
        "rules": [],
        "runes": {
            "potency": 1,
            "property": [],
            "striking": 1
        },
        "size": "med",
        "specific": {
            "material": {
                "grade": null,
                "type": null
            },
            "runes": {
                "potency": 1,
                "property": [],
                "striking": 1
            }
        },
        "splashDamage": {
            "value": 0
        },
        "traits": {
            "rarity": "uncommon",
            "value": [
                "disarm",
                "finesse",
                "nonlethal",
                "reach",
                "trip"
            ]
        },
        "usage": {
            "value": "held-in-one-hand"
        }
    },
    "type": "weapon"
}
