{
    "_id": "dXhHBfDg1OxtSaOg",
    "img": "icons/commodities/materials/hair-tuft-grey.webp",
    "name": "Alicorn Hair",
    "system": {
        "baseItem": null,
        "bulk": {
            "value": 0
        },
        "category": "catalyst",
        "containerId": null,
        "damage": null,
        "description": {
            "value": "<p><strong>Activate</strong> Cast a Spell (add 1 action)</p><hr /><p>Hair shed from an alicorn's mane glows when it comes into contact with a living creature. A @UUID[Compendium.pf2e.spells-srd.Item.Stabilize] spell empowered with an <em>alicorn hair</em> allows you to target 1 additional creature.</p>"
        },
        "hardness": 0,
        "hp": {
            "max": 0,
            "value": 0
        },
        "level": {
            "value": 1
        },
        "material": {
            "grade": null,
            "type": null
        },
        "price": {
            "value": {
                "gp": 4
            }
        },
        "publication": {
            "license": "ORC",
            "remaster": true,
            "title": "Pathfinder Howl of the Wild"
        },
        "quantity": 1,
        "rules": [],
        "size": "med",
        "traits": {
            "rarity": "common",
            "value": [
                "catalyst",
                "consumable",
                "magical"
            ]
        },
        "usage": {
            "value": "held-in-one-hand"
        },
        "uses": {
            "autoDestroy": true,
            "max": 1,
            "value": 1
        }
    },
    "type": "consumable"
}
