{
    "_id": "Pu16joZ15pPJS4Bn",
    "img": "icons/weapons/guns/gun-purple.webp",
    "name": "Alicorn Trigger",
    "system": {
        "baseItem": "jezail",
        "bonus": {
            "value": 0
        },
        "bonusDamage": {
            "value": 0
        },
        "bulk": {
            "value": 1
        },
        "category": "martial",
        "containerId": null,
        "damage": {
            "damageType": "piercing",
            "dice": 1,
            "die": "d8"
        },
        "description": {
            "value": "<p>This <em>+2 greater striking jezail</em> features a preserved alicorn horn mounted underneath the barrel. Such a horn is usually willingly granted by the creature at the end of its natural lifespan, but some wicked gunsmiths acquire the horn through violence.</p><hr /><p><strong>Activate—Glimmer Beam</strong> <span class=\"action-glyph\">2</span> (manipulate)</p>\n<p><strong>Frequency</strong> once per day</p>\n<p><strong>Effect</strong> The <em>alicorn trigger</em> unleashes a beam of radiant light in a @Template[line|distance:60]. Creatures in the area of effect take @Damage[6d6[fire]|options:area-damage] damage and must attempt a @Check[fortitude|dc:33|options:area-effect,damaging-effect] save.</p><hr /><p><strong>Critical Success</strong> The creature is unaffected.</p>\n<p><strong>Success</strong> The creature takes half damage and is @UUID[Compendium.pf2e.conditionitems.Item.Dazzled] 1.</p>\n<p><strong>Failure</strong> The creature takes full damage and is @UUID[Compendium.pf2e.conditionitems.Item.Blinded] for 1 round.</p>\n<p><strong>Critical Failure</strong> The creature takes double damage and is blinded for 1 minute.</p><hr /><p><strong>Craft Requirements</strong> The initial raw materials must include a horn from an alicorn.</p>"
        },
        "group": "firearm",
        "hardness": 0,
        "hp": {
            "max": 0,
            "value": 0
        },
        "level": {
            "value": 15
        },
        "material": {
            "grade": null,
            "type": null
        },
        "price": {
            "value": {
                "gp": 6500
            }
        },
        "publication": {
            "license": "ORC",
            "remaster": true,
            "title": "Pathfinder Howl of the Wild"
        },
        "quantity": 1,
        "range": 90,
        "reload": {
            "value": "1"
        },
        "rules": [],
        "runes": {
            "potency": 2,
            "property": [],
            "striking": 2
        },
        "size": "med",
        "specific": {
            "material": {
                "grade": null,
                "type": null
            },
            "runes": {
                "potency": 2,
                "property": [],
                "striking": 2
            }
        },
        "splashDamage": {
            "value": 0
        },
        "traits": {
            "rarity": "rare",
            "value": [
                "concussive",
                "fatal-aim-d12",
                "magical"
            ]
        },
        "usage": {
            "value": "held-in-one-hand"
        }
    },
    "type": "weapon"
}
