{
    "_id": "FSIDKg5gYiXlr39j",
    "img": "systems/pf2e/icons/equipment/weapons/lance.webp",
    "name": "Alicorn Lance",
    "system": {
        "baseItem": "lance",
        "bonus": {
            "value": 0
        },
        "bonusDamage": {
            "value": 0
        },
        "bulk": {
            "value": 2
        },
        "category": "martial",
        "containerId": null,
        "damage": {
            "damageType": "piercing",
            "dice": 1,
            "die": "d8"
        },
        "description": {
            "value": "<p>This white <em>+1 striking lance</em> is made from the horn of a unicorn, willingly granted at the end of its lifetime. In addition to its normal damage, it deals 1 spirit damage on successful attacks. You can make the lance glow like a torch or suppress its light by using an action, which has the concentrate trait.</p>\n<hr />\n<p><strong>Activate</strong> <span class=\"action-glyph\">2</span> Interact (magical, necromancy)</p>\n<p><strong>Frequency</strong> once per hour</p>\n<p><strong>Effect</strong> You evoke the spirit of the unicorn that donated the <em>alicorn lance</em>'s horn, which you ride in a shining charge. Move up to twice your Speed and make a Strike with the <em>alicorn lance</em>; you gain the effects of the lance's jousting trait on this Strike. If you were already mounted when you Activate the horn, the unicorn spirit takes shape around your steed, granting it a +10–foot status bonus to its Speed for the charge.</p>\n<hr />\n<p><strong>Craft Requirements</strong> The initial raw materials must include a horn willingly gifted by a unicorn. In rare instances, an <em>alicorn lance</em> can be made with a forcibly taken horn. However this heinous act pollutes the horn's magic, causing it to glow with a sickly red light, deal spirit damage instead of spirit damage, and make the unicorn spirit evoked in the charge to whinny visibly in pain.</p>"
        },
        "group": "spear",
        "hardness": 0,
        "hp": {
            "max": 0,
            "value": 0
        },
        "level": {
            "value": 5
        },
        "material": {
            "grade": null,
            "type": null
        },
        "price": {
            "value": {
                "gp": 150
            }
        },
        "publication": {
            "license": "OGL",
            "remaster": false,
            "title": "Pathfinder Treasure Vault"
        },
        "quantity": 1,
        "range": null,
        "reload": {
            "value": ""
        },
        "rules": [
            {
                "damageType": "spirit",
                "key": "FlatModifier",
                "selector": "{item|_id}-damage",
                "value": 1
            },
            {
                "key": "TokenLight",
                "predicate": [
                    "lit-alicorn-lance"
                ],
                "value": {
                    "animation": {
                        "intensity": 4,
                        "speed": 1,
                        "type": "torch"
                    },
                    "bright": 20,
                    "color": "#9b7337",
                    "dim": 40,
                    "shadows": 0.2
                }
            },
            {
                "domain": "all",
                "key": "RollOption",
                "label": "PF2E.SpecificRule.LitAlicornLance",
                "option": "lit-alicorn-lance",
                "toggleable": true
            },
            {
                "key": "TokenEffectIcon",
                "predicate": [
                    "lit-alicorn-lance"
                ],
                "value": "systems/pf2e/icons/equipment/weapons/lance.webp"
            }
        ],
        "runes": {
            "potency": 1,
            "property": [],
            "striking": 1
        },
        "size": "med",
        "specific": {
            "material": {
                "grade": null,
                "type": null
            },
            "runes": {
                "potency": 1,
                "property": [],
                "striking": 1
            }
        },
        "splashDamage": {
            "value": 0
        },
        "traits": {
            "rarity": "uncommon",
            "value": [
                "deadly-d8",
                "jousting-d6",
                "reach"
            ]
        },
        "usage": {
            "value": "held-in-two-hands"
        }
    },
    "type": "weapon"
}
