{
    "_id": "fz2OlQ9IYIcVASiv",
    "img": "icons/consumables/potions/potion-flask-corked-blue.webp",
    "name": "Alkenstar Ice Wine",
    "system": {
        "baseItem": null,
        "bulk": {
            "value": 0.1
        },
        "category": "other",
        "containerId": null,
        "damage": null,
        "description": {
            "value": "<p>This bottle of delicately sweet ice wine has the properties of alcohol. Made exclusively from grapes frozen in the Mana Wastes' erratic surge storms, Alkenstar ice wine finds a ready market among Geb, though undead are still immune to the drug's listed effects.</p>\n<p>The listed price is for a mediocre vintage, but finer vintages are higher level and commensurately more expensive.</p>"
        },
        "hardness": 0,
        "hp": {
            "max": 0,
            "value": 0
        },
        "level": {
            "value": 5
        },
        "material": {
            "grade": null,
            "type": null
        },
        "price": {
            "value": {
                "gp": 25
            }
        },
        "publication": {
            "license": "OGL",
            "remaster": false,
            "title": "Pathfinder Lost Omens Impossible Lands"
        },
        "quantity": 1,
        "rules": [],
        "size": "med",
        "traits": {
            "rarity": "uncommon",
            "value": [
                "alchemical",
                "consumable",
                "drug",
                "ingested",
                "poison",
                "vitality"
            ]
        },
        "usage": {
            "value": "held-in-one-hand"
        },
        "uses": {
            "autoDestroy": true,
            "max": 1,
            "value": 1
        }
    },
    "type": "consumable"
}
