{
    "_id": "X345VfEx9DZwO47G",
    "img": "icons/commodities/metal/fragments-steel-ring.webp",
    "name": "Alloy Orb (Low-Grade)",
    "system": {
        "baseItem": null,
        "bulk": {
            "value": 0.1
        },
        "category": "other",
        "containerId": null,
        "damage": null,
        "description": {
            "value": "<p><strong>Activate</strong> <span class=\"action-glyph\">A</span> (concentrate)</p>\n<hr />\n<p>Although solid, this orb of metal swirls with bright silver and dark iron colors, as if made of liquid. When you activate the <em>alloy orb</em>, select cold iron or silver. The affixed weapon functions as the chosen material for 1 minute, suppressing its original material. This orb only works on weapons of 8th level or lower.</p>\n<p>@UUID[Compendium.pf2e.equipment-effects.Item.Effect: Alloy Orb (Low-Grade)]</p>"
        },
        "hardness": 0,
        "hp": {
            "max": 0,
            "value": 0
        },
        "level": {
            "value": 3
        },
        "material": {
            "grade": null,
            "type": null
        },
        "price": {
            "value": {
                "gp": 10
            }
        },
        "publication": {
            "license": "ORC",
            "remaster": true,
            "title": "Pathfinder GM Core"
        },
        "quantity": 1,
        "rules": [],
        "size": "med",
        "traits": {
            "rarity": "common",
            "value": [
                "consumable",
                "magical",
                "talisman"
            ]
        },
        "usage": {
            "value": "affixed-to-a-metal-weapon"
        },
        "uses": {
            "autoDestroy": true,
            "max": 1,
            "value": 1
        }
    },
    "type": "consumable"
}
