{
    "_id": "AoTTRsojnlfrTIe4",
    "img": "icons/magic/light/light-lantern-lit-white.webp",
    "name": "Alluring Lantern",
    "system": {
        "baseItem": null,
        "bulk": {
            "value": 0.1
        },
        "containerId": null,
        "description": {
            "value": "<p>An antenna with a bioluminescent lure protrudes from your head, drawing enemies' attention. When not activated, the antenna lays flat and blends in with your hair or skin.</p><hr /><p><strong>Activate—Raise Lure</strong> <span class=\"action-glyph\">1</span> (manipulate, mental, visual)</p>\n<p><strong>Frequency</strong> once per day</p>\n<p><strong>Effect</strong> Until the beginning of your next turn, the lure raises above your head and lights up with multicolored flashes that draws creatures closer. Any creature that begins its turn within @Template[emanation|distance:20]{20 feet} of you must succeed at a @Check[will|dc:23|traits:mental,visual] save or become @UUID[Compendium.pf2e.conditionitems.Item.Fascinated] by the lure and must spend at least one of its actions to move toward you. The fascination ends at the end of the creature's turn.</p>"
        },
        "hardness": 0,
        "hp": {
            "max": 0,
            "value": 0
        },
        "level": {
            "value": 8
        },
        "material": {
            "grade": null,
            "type": null
        },
        "price": {
            "value": {
                "gp": 450
            }
        },
        "publication": {
            "license": "ORC",
            "remaster": true,
            "title": "Pathfinder Howl of the Wild"
        },
        "quantity": 1,
        "rules": [],
        "size": "med",
        "traits": {
            "rarity": "common",
            "value": [
                "graft",
                "invested",
                "magical"
            ]
        },
        "usage": {
            "value": "implanted"
        }
    },
    "type": "equipment"
}
