{
    "_id": "LKNsUuhm1CcUIWMh",
    "img": "systems/pf2e/icons/equipment/held-items/alluring-scarf.webp",
    "name": "Alluring Scarf (Greater)",
    "system": {
        "baseItem": null,
        "bulk": {
            "value": 0
        },
        "containerId": null,
        "description": {
            "value": "<p>This thin, multicolored scarf shifts between hues in almost dizzying patterns.</p>\n<hr />\n<p><strong>Activate</strong> <span class=\"action-glyph\">2</span> Interact (emotion, enchantment, mental, visual)</p>\n<p><strong>Frequency</strong> once per day</p>\n<hr />\n<p><strong>Effect</strong> You Stride. All creatures within 20 feet of you when you started the Stride must attempt a @Check[will|dc:29|traits:emotion,mental,visual] save. On a failure, a creature becomes @UUID[Compendium.pf2e.conditionitems.Item.Fascinated] and must spend at least one of its actions on its next turn to move toward you. A fascinated creature can attempt another Will save if you move more than 30 feet away from them, and as normal, acting hostile to a creature or its allies breaks fascination automatically. Creatures that critically failed their save don't receive further saves if you move more than 30 feet away, and acting hostile to such a creature's allies allows them to attempt another save, rather than automatically ending the fascination. You can Sustain the Activation for up to 1 minute.</p>"
        },
        "hardness": 0,
        "hp": {
            "max": 0,
            "value": 0
        },
        "level": {
            "value": 12
        },
        "material": {
            "grade": null,
            "type": null
        },
        "price": {
            "value": {
                "gp": 1650
            }
        },
        "publication": {
            "license": "OGL",
            "remaster": false,
            "title": "Pathfinder Lost Omens The Grand Bazaar"
        },
        "quantity": 1,
        "rules": [],
        "size": "med",
        "traits": {
            "rarity": "uncommon",
            "value": [
                "magical"
            ]
        },
        "usage": {
            "value": "held-in-one-hand"
        }
    },
    "type": "equipment"
}
