{
    "_id": "bU731I8njNmSAQhQ",
    "img": "systems/pf2e/icons/equipment/worn-items/other-worn-items/aluum-charm.webp",
    "name": "Aluum Charm",
    "system": {
        "baseItem": null,
        "bulk": {
            "value": 0
        },
        "containerId": null,
        "description": {
            "value": "<p>This ornate pendant of brass is adorned with a vibrant blue gemstone. An <em>aluum charm</em> grants control over a particular aluum and lesser influence over other such constructs. As long as you wear an aluum's linked <em>aluum charm</em>, that aluum follows your verbal commands, including somewhat nuanced orders like \"subdue this target\" or \"strike anyone wearing a blue robe.\"</p>\n<hr />\n<p><strong>Activate</strong> <span class=\"action-glyph\">2</span> command</p>\n<p><strong>Frequency</strong> once per round</p>\n<hr />\n<p><strong>Effect</strong> The charm grants you control over an aluum you can see within 60 feet, with a level equal to or lower than the charm. This has the effect of @UUID[Compendium.pf2e.spells-srd.Item.Dominate] and allows a @Check[will|dc:28] save. If the aluum is currently under the control of someone wearing its linked charm, it gets a result on its saving throw one degree higher than what it rolled.</p>\n<p>You can control only one aluum at a time using this activation, and controlling a new aluum ends the effect for one you had previously affected.</p>"
        },
        "hardness": 0,
        "hp": {
            "max": 0,
            "value": 0
        },
        "level": {
            "value": 10
        },
        "material": {
            "grade": null,
            "type": null
        },
        "price": {
            "value": {}
        },
        "publication": {
            "license": "OGL",
            "remaster": false,
            "title": "Pathfinder #149: Against the Scarlet Triad"
        },
        "quantity": 1,
        "rules": [],
        "size": "med",
        "traits": {
            "rarity": "uncommon",
            "value": [
                "invested",
                "magical"
            ]
        },
        "usage": {
            "value": "worn"
        }
    },
    "type": "equipment"
}
