{
    "_id": "TPiF3YBADh10JDPV",
    "img": "systems/pf2e/icons/equipment/shields/specific-shields/amaranthine-pavise.webp",
    "name": "Amaranthine Pavise",
    "system": {
        "acBonus": 2,
        "baseItem": "tower-shield",
        "bulk": {
            "value": 4
        },
        "containerId": null,
        "description": {
            "value": "<p>This tower shield was developed by followers of Ketephys, the elven god of the hunt. It's distinct for having a central ridge, and for being made from only wood and hide. AC increases to +4 if you are using the @UUID[Compendium.pf2e.actionspf2e.Item.Take Cover] action.</p>\n<table class=\"pf2e\">\n<thead>\n<tr>\n<th>Hardness</th>\n<th>HP</th>\n<th>BT</th>\n</tr>\n</thead>\n<tbody>\n<tr>\n<td>9</td>\n<td>54</td>\n<td>27</td>\n</tr>\n</tbody>\n</table>\n<p>Ketephys's religious symbol, a hawk rising over a silver crescent, is painted on the hide stretched across the front of the shield. Each amaranthine pavise is blessed by Ketephysian priests to aid in liberating Tanglebriar and defeating the nascent demon lord Treerazer. While you have the shield raised, you gain a +2 circumstance bonus to saving throws against the innate spells and special abilities of demons. When your allies have cover from the amaranthine pavise, the circumstance bonus they gain from cover to Reflex saves against area effects also applies to Fortitude and Will saves against demons' area effects.</p>\n<hr />\n<p><strong>Activate</strong> <span class=\"action-glyph\">2</span> command</p>\n<p><strong>Frequency</strong> once per day</p>\n<hr />\n<p><strong>Effect</strong> Ketephys's wrath descends upon your foes. The shield casts good @UUID[Compendium.pf2e.spells-srd.Item.Divine Wrath] with a DC of 27.</p>"
        },
        "hardness": 9,
        "hp": {
            "max": 54,
            "value": 54
        },
        "level": {
            "value": 10
        },
        "material": {
            "grade": null,
            "type": null
        },
        "price": {
            "value": {
                "gp": 1000
            }
        },
        "publication": {
            "license": "OGL",
            "remaster": false,
            "title": "Pathfinder Lost Omens The Grand Bazaar"
        },
        "quantity": 1,
        "rules": [],
        "runes": {
            "reinforcing": 0
        },
        "size": "med",
        "specific": {
            "integrated": null,
            "material": {
                "grade": null,
                "type": null
            },
            "runes": {
                "reinforcing": 0
            }
        },
        "speedPenalty": 0,
        "traits": {
            "integrated": null,
            "rarity": "uncommon",
            "value": [
                "magical"
            ]
        }
    },
    "type": "shield"
}
