{
    "_id": "gn5ITN5GILHKxGA4",
    "img": "systems/pf2e/icons/equipment/alchemical-items/alchemical-elixirs/ambrosia-of-undying-hope.webp",
    "name": "Ambrosia of Undying Hope",
    "system": {
        "baseItem": null,
        "bulk": {
            "value": 0.1
        },
        "category": "elixir",
        "containerId": null,
        "damage": null,
        "description": {
            "value": "<p>This elixir is usually stored in a small metal flask or miniature stein. The dark liquid sparkles as if it were full of stars and is considered sacred to @UUID[Compendium.pf2e.deities.Item.Cayden Cailean] and to the cults of the Failed in Absalom.</p>\n<p>The next time you would die from damage within 8 hours after you drink the ambrosia, it prevents you from dying, you regain @Damage[20[healing]]{20 Hit Points}, the elixir's benefits end, and you become temporarily immune to the ambrosia of undying hope for 24 hours.</p>\n<p>The ambrosia can't protect you from death effects or disintegration, but it can protect against almost any other form of death via damage. You can only be under the effect of a single ambrosia of undying hope at a time.</p>"
        },
        "hardness": 0,
        "hp": {
            "max": 0,
            "value": 0
        },
        "level": {
            "value": 19
        },
        "material": {
            "grade": null,
            "type": null
        },
        "price": {
            "value": {
                "gp": 6200
            }
        },
        "publication": {
            "license": "OGL",
            "remaster": false,
            "title": "Pathfinder #156: The Apocalypse Prophet"
        },
        "quantity": 1,
        "rules": [],
        "size": "med",
        "traits": {
            "rarity": "rare",
            "value": [
                "alchemical",
                "consumable",
                "elixir"
            ]
        },
        "usage": {
            "value": "held-in-one-hand"
        },
        "uses": {
            "autoDestroy": true,
            "max": 1,
            "value": 1
        }
    },
    "type": "consumable"
}
