{
    "_id": "5jUIOETCI3QG69cS",
    "img": "icons/equipment/neck/amulet-round-blue.webp",
    "name": "Amnemonic Charm",
    "system": {
        "baseItem": null,
        "bulk": {
            "value": 0
        },
        "category": "talisman",
        "containerId": null,
        "damage": null,
        "description": {
            "value": "<p><strong>Activate</strong> <span class=\"action-glyph\">f</span> envision</p>\n<p><strong>Trigger</strong> You fail or critically fail a Deception, Diplomacy, or Intimidation check to @UUID[Compendium.pf2e.actionspf2e.Item.Coerce], @UUID[Compendium.pf2e.actionspf2e.Item.Lie], @UUID[Compendium.pf2e.actionspf2e.Item.Make an Impression], or @UUID[Compendium.pf2e.actionspf2e.Item.Request]</p>\n<p><strong>Requirements</strong> You're a master in the skill you failed with.</p>\n<hr />\n<p>This ornate locket, usually containing a faceless, humanoid portrait, is typically worn on a chain around the neck or attached to your clothing. When activated, the charm casts a @UUID[Compendium.pf2e.spells-srd.Item.Rewrite Memory] spell (@Check[will|dc:26|traits:mental,spell]) against a single target of the check, removing all memory of your failed attempt and potentially allowing you to make another attempt. The effect can't remove more than 3 minutes of memories from its target.</p>"
        },
        "hardness": 0,
        "hp": {
            "max": 0,
            "value": 0
        },
        "level": {
            "value": 9
        },
        "material": {
            "grade": null,
            "type": null
        },
        "price": {
            "value": {
                "gp": 140
            }
        },
        "publication": {
            "license": "OGL",
            "remaster": false,
            "title": "Pathfinder Treasure Vault"
        },
        "quantity": 1,
        "rules": [],
        "size": "med",
        "traits": {
            "rarity": "uncommon",
            "value": [
                "consumable",
                "magical",
                "talisman"
            ]
        },
        "usage": {
            "value": "affixed-to-armor"
        },
        "uses": {
            "autoDestroy": true,
            "max": 1,
            "value": 1
        }
    },
    "type": "consumable"
}
