{
    "_id": "yY0OkkshPrsoRkAh",
    "img": "icons/equipment/hand/gauntlet-simple-leather-brown-gold.webp",
    "name": "Amphisbaena Handwraps",
    "system": {
        "baseItem": null,
        "bonus": {
            "value": 0
        },
        "bonusDamage": {
            "value": 0
        },
        "bulk": {
            "value": 0
        },
        "category": "unarmed",
        "containerId": null,
        "damage": {
            "damageType": "bludgeoning",
            "dice": 1,
            "die": "d4"
        },
        "description": {
            "value": "<p>Your hands fit through the venomous mouths of this pair of handwraps made from amphisbaena skin. Your unarmed strikes gain the versatile P trait. <em>Amphisbaena handwraps</em> can have weapon runes etched onto them, similar to @UUID[Compendium.pf2e.equipment-srd.Item.Handwraps of Mighty Blows].</p><hr /><p><strong>Activate—Twin Venom Strike</strong> <span class=\"action-glyph\">2</span> (manipulate)</p>\n<p><strong>Frequency</strong> once per hour</p>\n<p><strong>Effect</strong> Make two unarmed Strikes. Both Strikes count toward your multiple attack penalty, but the penalty doesn't increase until after both attacks. Each Strike deals an additional 1d6 poison damage.</p><hr /><p><strong>Craft Requirements</strong> The initial raw materials must include the skin and heads of an amphisbaena.</p>"
        },
        "group": "brawling",
        "hardness": 0,
        "hp": {
            "max": 0,
            "value": 0
        },
        "level": {
            "value": 5
        },
        "material": {
            "grade": null,
            "type": null
        },
        "price": {
            "value": {
                "gp": 150
            }
        },
        "publication": {
            "license": "ORC",
            "remaster": true,
            "title": "Pathfinder Howl of the Wild"
        },
        "quantity": 1,
        "range": null,
        "reload": {
            "value": null
        },
        "rules": [
            {
                "itemType": "weapon",
                "key": "ItemAlteration",
                "mode": "add",
                "predicate": [
                    "item:category:unarmed"
                ],
                "property": "traits",
                "value": "versatile-p"
            },
            {
                "domain": "all",
                "key": "RollOption",
                "label": "PF2E.SpecificRule.Equipment.AmphisbaenaHandwraps.TwinVenomStrikeLabel",
                "option": "twin-venom-strike",
                "toggleable": true
            },
            {
                "damageType": "poison",
                "diceNumber": 1,
                "dieSize": "d6",
                "key": "DamageDice",
                "predicate": [
                    "item:category:unarmed",
                    "twin-venom-strike"
                ],
                "selector": "strike-damage"
            }
        ],
        "runes": {
            "potency": 0,
            "property": [],
            "striking": 0
        },
        "size": "med",
        "splashDamage": {
            "value": 0
        },
        "traits": {
            "otherTags": [
                "handwraps-of-mighty-blows"
            ],
            "rarity": "uncommon",
            "value": [
                "invested",
                "magical"
            ]
        },
        "usage": {
            "value": "worngloves"
        }
    },
    "type": "weapon"
}
