{
    "_id": "Hoe17WNDQ2PQd9JZ",
    "img": "icons/magic/perception/eye-ringed-green.webp",
    "name": "Amphisbaena Spittle",
    "system": {
        "baseItem": null,
        "bulk": {
            "value": 0.1
        },
        "category": "catalyst",
        "containerId": null,
        "damage": null,
        "description": {
            "value": "<p><strong>Activate</strong> Cast a Spell</p><hr /><p>Hardened clumps of <em>amphisbaena spittle</em> can be harvested from the dual-headed snake's hunting grounds. When a casting of @UUID[Compendium.pf2e.spells-srd.Item.Web of Eyes] is empowered with this catalyst, you can place an additional scrying sensor on the back of each target's head, in the shape of a closed snake's eye. When a target shares their vision with the others affected by the spell, the eye blinks open, preventing the target from being flanked until the start of its next turn.</p>\n<p>@UUID[Compendium.pf2e.equipment-effects.Item.Effect: Amphisbaena Spittle]</p>"
        },
        "hardness": 0,
        "hp": {
            "max": 0,
            "value": 0
        },
        "level": {
            "value": 5
        },
        "material": {
            "grade": null,
            "type": null
        },
        "price": {
            "value": {
                "gp": 21
            }
        },
        "publication": {
            "license": "ORC",
            "remaster": true,
            "title": "Pathfinder Howl of the Wild"
        },
        "quantity": 1,
        "rules": [],
        "size": "med",
        "traits": {
            "rarity": "common",
            "value": [
                "catalyst",
                "consumable",
                "magical"
            ]
        },
        "usage": {
            "value": "held-in-one-hand"
        },
        "uses": {
            "autoDestroy": true,
            "max": 1,
            "value": 1
        }
    },
    "type": "consumable"
}
