{
    "_id": "MtSUaIZ1gThCrNNj",
    "img": "systems/pf2e/icons/equipment/worn-items/other-worn-items/amphibious-chair.webp",
    "name": "Amphibious Chair",
    "system": {
        "baseItem": null,
        "bulk": {
            "value": 0
        },
        "containerId": null,
        "description": {
            "value": "<p>This magical upgrade allows the wheelchair to shift its functionality between land and aquatic environments without a hitch, propelling through the water or on land with equal ease. Your chair has a base land Speed of 20 feet if that's faster than your land Speed (for example, if you are an aquatic creature with no land Speed or a very slow land Speed), and your chair has a base swim Speed of 20 feet if that's faster than any swim Speed you have. Additionally, while riding in the chair, you can magically breathe underwater if you normally breathe air, or breathe air if you can normally only breathe underwater.</p>"
        },
        "hardness": 0,
        "hp": {
            "max": 0,
            "value": 0
        },
        "level": {
            "value": 9
        },
        "material": {
            "grade": null,
            "type": null
        },
        "price": {
            "value": {
                "gp": 575
            }
        },
        "publication": {
            "license": "OGL",
            "remaster": false,
            "title": "Pathfinder Lost Omens The Grand Bazaar"
        },
        "quantity": 1,
        "rules": [
            {
                "key": "BaseSpeed",
                "selector": "land",
                "value": 20
            },
            {
                "key": "BaseSpeed",
                "selector": "swim",
                "value": 20
            }
        ],
        "size": "med",
        "traits": {
            "rarity": "common",
            "value": [
                "magical"
            ]
        },
        "usage": {
            "value": "other"
        }
    },
    "type": "equipment"
}
