{
    "_id": "xqnADOBdW77FvzNu",
    "img": "icons/equipment/neck/amulet-geometric-stone-red.webp",
    "name": "Amulet of the Hellcat",
    "system": {
        "baseItem": null,
        "bulk": {
            "value": 0
        },
        "containerId": null,
        "description": {
            "value": "<p>This glass amulet is set on a steel backing shaped like a cage and flickers with an eerie crimson glow. Magically sealed within is a portion of a hellcat's ever-burning heart. While wearing the amulet, you gain a +1 item bonus to Stealth checks made while in bright light, and you can cast the @UUID[Compendium.pf2e.spells-srd.Item.Light] cantrip emanating from the amulet as an innate divine spell.</p><hr /><p><strong>Activate—Invisible Pounce</strong> <span class=\"action-glyph\">2</span> (concentrate, manipulate)</p>\n<p><strong>Frequency</strong> once per day</p>\n<p><strong>Requirements</strong> You are in bright light</p>\n<p><strong>Effect</strong> You become @UUID[Compendium.pf2e.conditionitems.Item.Invisible], Stride up to your speed, and then make a melee Strike at the end of that movement. After making the Strike, you are no longer invisible. If at any point during your Stride, you pass out of bright light, you are no longer invisible and must stop moving. You may make a melee Strike if you have a target within reach.</p><hr /><p><strong>Craft Requirements</strong> The initial raw materials must include the heart of a hellcat.</p>"
        },
        "hardness": 0,
        "hp": {
            "max": 0,
            "value": 0
        },
        "level": {
            "value": 7
        },
        "material": {
            "grade": null,
            "type": null
        },
        "price": {
            "value": {
                "gp": 350
            }
        },
        "publication": {
            "license": "ORC",
            "remaster": true,
            "title": "Pathfinder Howl of the Wild"
        },
        "quantity": 1,
        "rules": [
            {
                "key": "FlatModifier",
                "predicate": [
                    "lighting:bright-light"
                ],
                "selector": "stealth",
                "type": "item",
                "value": 1
            }
        ],
        "size": "med",
        "traits": {
            "rarity": "uncommon",
            "value": [
                "invested",
                "magical"
            ]
        },
        "usage": {
            "value": "worn"
        }
    },
    "type": "equipment"
}
