{
    "_id": "GbR8rgZMCVBn3Evb",
    "img": "icons/commodities/treasure/token-gold-gem-purple.webp",
    "name": "Amulet Implement",
    "system": {
        "baseItem": null,
        "bulk": {
            "value": 0
        },
        "containerId": null,
        "description": {
            "value": "<p>@Embed[Compendium.pf2e.classfeatures.Item.PoclGJ7BCEyIuqJe inline]</p>"
        },
        "hardness": 0,
        "hp": {
            "max": 0,
            "value": 0
        },
        "level": {
            "value": 0
        },
        "material": {
            "grade": null,
            "type": null
        },
        "price": {
            "value": {}
        },
        "publication": {
            "license": "OGL",
            "remaster": false,
            "title": "Pathfinder Dark Archive"
        },
        "quantity": 1,
        "rules": [
            {
                "key": "RollOption",
                "option": "implement-held"
            },
            {
                "key": "RollOption",
                "option": "implement:amulet:equipped"
            }
        ],
        "size": "med",
        "traits": {
            "rarity": "common",
            "value": []
        },
        "usage": {
            "value": "held-in-one-hand"
        }
    },
    "type": "equipment"
}
