{
    "_id": "mNgScZVAq037JuNb",
    "img": "icons/equipment/neck/pendant-round-teal.webp",
    "name": "Amulet of the Third Eye",
    "system": {
        "apex": {
            "attribute": "wis"
        },
        "baseItem": null,
        "bulk": {
            "value": 0.1
        },
        "containerId": null,
        "description": {
            "value": "<p>This large brass medallion hangs low on the torso. It's shaped in the form of an unblinking eye, with a ring of turquoise as the iris and an orb of jet serving as the pupil. The amulet grants you a +2 item bonus to Perception checks. When you invest the amulet, you either increase your Wisdom score by 2 or increase it to 18, whichever is higher.</p>\n<p><strong>Activate</strong> <span class=\"action-glyph\">2</span> envision</p>\n<p><strong>Frequency</strong> once per day</p>\n<hr />\n<p><strong>Effect</strong> You cast @UUID[Compendium.pf2e.spells-srd.Item.Truesight].</p>"
        },
        "hardness": 0,
        "hp": {
            "max": 0,
            "value": 0
        },
        "level": {
            "value": 17
        },
        "material": {
            "grade": null,
            "type": null
        },
        "price": {
            "value": {
                "gp": 15000
            }
        },
        "publication": {
            "license": "OGL",
            "remaster": false,
            "title": "Pathfinder Treasure Vault"
        },
        "quantity": 1,
        "rules": [
            {
                "key": "FlatModifier",
                "selector": "perception",
                "type": "item",
                "value": 2
            }
        ],
        "size": "med",
        "traits": {
            "rarity": "common",
            "value": [
                "apex",
                "invested",
                "magical"
            ]
        },
        "usage": {
            "value": "wornamulet"
        }
    },
    "type": "equipment"
}
