{
    "_id": "ne00KCUcrmRT3PM9",
    "img": "systems/pf2e/icons/equipment/consumables/fulus/fulu-anathema.webp",
    "name": "Anathema Fulu",
    "system": {
        "baseItem": null,
        "bulk": {
            "value": 0
        },
        "category": "fulu",
        "containerId": null,
        "damage": null,
        "description": {
            "value": "<p><strong>Duration</strong> 1 hour</p>\n<p>First used by aasimars of Tianjing to weaken qlippoth, an anathema fulu comes in four pieces, one placed in each cardinal direction. Choose one of the following traits when activating the fulus: celestial, elemental, fey, fiend, monitor, or undead. If a creature with that trait starts its turn in the area, it must succeed at a @Check[fortitude|dc:30] saving throw or become @UUID[Compendium.pf2e.conditionitems.Item.Sickened]{Sickened 2} until the start of its next turn. On a critical success, the creature becomes temporarily immune to any anathema fulus for 1 hour. Regardless of the save result, if you subsequently cast banishment on such a creature in the area, the creature takes the –2 penalty described in that spell for using a material component that's anathema to that creature. The fulu acts as that component; you don't need to add it. If a creature affected by this penalty rolls a saving throw against banishment, the caster can use a free action to force the result one step lower. Doing so burns the whole fulu out, ending the effect. If any of the fulu's pieces are moved or destroyed after activation, the effect ends.</p>"
        },
        "hardness": 0,
        "hp": {
            "max": 0,
            "value": 0
        },
        "level": {
            "value": 11
        },
        "material": {
            "grade": null,
            "type": null
        },
        "price": {
            "value": {
                "gp": 250
            }
        },
        "publication": {
            "license": "OGL",
            "remaster": false,
            "title": "Pathfinder Treasure Vault"
        },
        "quantity": 1,
        "rules": [],
        "size": "med",
        "traits": {
            "rarity": "common",
            "value": [
                "consumable",
                "fulu",
                "magical"
            ]
        },
        "usage": {
            "value": "held-in-one-hand"
        },
        "uses": {
            "autoDestroy": true,
            "max": 1,
            "value": 1
        }
    },
    "type": "consumable"
}
