{
    "_id": "oL8G6OqITPJ5Fd6A",
    "img": "systems/pf2e/icons/equipment/runes/weapon-property-runes/weapon-property-runes.webp",
    "name": "Ancestral Echoing",
    "system": {
        "baseItem": null,
        "bulk": {
            "value": 0
        },
        "containerId": null,
        "description": {
            "value": "<p>The wisdom of this weapon's past owners flows into your mind, amplifying your own abilities with the weapon. Your proficiency rank with this weapon is one step higher than normal, to a maximum of the highest proficiency rank you have in any weapon. For instance, if you had master proficieny with martial weapons and expert proficiency with advanced weapons, you would have master proficiency with advanced weapon that had this rune.</p>\n<p>In addition, while wielding the ancestral echoing weapon, you have expert proficiency in one Lore skill relevant to one or more of the weapon's previous owners. This is typically Dwarven Lore but is ultimately determined by the GM depending on the weapon's history.</p>"
        },
        "hardness": 0,
        "hp": {
            "max": 0,
            "value": 0
        },
        "level": {
            "value": 15
        },
        "material": {
            "grade": null,
            "type": null
        },
        "price": {
            "value": {
                "gp": 9500
            }
        },
        "publication": {
            "license": "OGL",
            "remaster": false,
            "title": "Pathfinder #148: Fires of the Haunted City"
        },
        "quantity": 1,
        "rules": [],
        "size": "med",
        "traits": {
            "rarity": "rare",
            "value": [
                "dwarf",
                "magical",
                "saggorak"
            ]
        },
        "usage": {
            "value": "etched-onto-a-weapon"
        }
    },
    "type": "equipment"
}
