{
    "_id": "SuKERInt6Z3I3bCa",
    "img": "systems/pf2e/icons/equipment/runes/weapon-property-runes/weapon-property-runes.webp",
    "name": "Anchoring",
    "system": {
        "baseItem": null,
        "bulk": {
            "value": 0
        },
        "containerId": null,
        "description": {
            "value": "<p>This rune prevents enemies from escaping your grasp by @UUID[Compendium.pf2e.conditionitems.Item.Fleeing] to other planes. If you critically hit a target with an anchoring weapon, the weapon casts @UUID[Compendium.pf2e.spells-srd.Item.Planar Tether] on the target (@Check[will|dc:27|name:Dimensional Anchor]{DC 27 Will}, counteract modifier [[/r 1d20+17 #counteract]]{+17}).</p>"
        },
        "hardness": 0,
        "hp": {
            "max": 0,
            "value": 0
        },
        "level": {
            "value": 10
        },
        "material": {
            "grade": null,
            "type": null
        },
        "price": {
            "value": {
                "gp": 900
            }
        },
        "publication": {
            "license": "OGL",
            "remaster": false,
            "title": "Pathfinder Lost Omens The Grand Bazaar"
        },
        "quantity": 1,
        "rules": [],
        "size": "med",
        "traits": {
            "rarity": "uncommon",
            "value": [
                "magical"
            ]
        },
        "usage": {
            "value": "etched-onto-a-weapon"
        }
    },
    "type": "equipment"
}
