{
    "_id": "kY41VIXUSEJYEznp",
    "img": "systems/pf2e/icons/equipment/runes/weapon-property-runes/weapon-property-runes.webp",
    "name": "Anchoring (Greater)",
    "system": {
        "baseItem": null,
        "bulk": {
            "value": 0
        },
        "containerId": null,
        "description": {
            "value": "<p>This rune prevents enemies from escaping your grasp by @UUID[Compendium.pf2e.conditionitems.Item.Fleeing] to other planes.</p>\n<p>When you critically hit a target with a weapon with the anchoring rune, the weapon casts 8th-rank @UUID[Compendium.pf2e.spells-srd.Item.Planar Tether] on the target (@Check[will|dc:38|name:Dimensional Anchor]{DC 38 Will}, counteract modifier [[/r 1d20+28 #counteract]]{+28}), except that if the target critically succeeds at its Will save, instead of having no effect, the <em>dimensional anchor</em> lasts for 1 round. When you hit a target with the weapon but don't critically hit, the target is affected by 4th-rank <em>dimensional anchor</em> for 1 round without a save (this still uses a counteract modifier of +28).</p>"
        },
        "hardness": 0,
        "hp": {
            "max": 0,
            "value": 0
        },
        "level": {
            "value": 18
        },
        "material": {
            "grade": null,
            "type": null
        },
        "price": {
            "value": {
                "gp": 22000
            }
        },
        "publication": {
            "license": "OGL",
            "remaster": false,
            "title": "Pathfinder Lost Omens The Grand Bazaar"
        },
        "quantity": 1,
        "rules": [],
        "size": "med",
        "traits": {
            "rarity": "uncommon",
            "value": [
                "magical"
            ]
        },
        "usage": {
            "value": "etched-onto-a-weapon"
        }
    },
    "type": "equipment"
}
