{
    "_id": "pnUZKqJilb3aEVz5",
    "img": "icons/tools/nautical/anchor.webp",
    "name": "Anchor of Aquatic Exploration",
    "system": {
        "baseItem": null,
        "bulk": {
            "value": 1
        },
        "containerId": null,
        "description": {
            "value": "<p>No matter how often it's washed, the last crystals of salt rime never quite leave this pitted anchor. When you're holding the <em>anchor of aquatic exploration</em>, you can breathe underwater; however, you can't Swim, losing any Swim speed you have, automatically failing any Athletics checks to Swim, and so on. Instead, when you enter a body of water, you sink to the bottom at a rate of 25 feet per round and can move across the bottom at your normal Speed. You're protected from environmental effects of deep water such as pressure, cold temperatures, and any negative consequences of depressurization.</p>\n<p><strong>Activate</strong> 1 minute (Interact)</p>\n<p><strong>Requirements</strong> You're underwater</p>\n<p><strong>Frequency</strong> once per day</p>\n<hr />\n<p><strong>Effect</strong> You spend one minute digging the anchor into the seabed, after which the anchor casts a @UUID[Compendium.pf2e.spells-srd.Item.Cozy Cabin] spell, summoning a sunken ship instead of a cabin. The sunken ship is filled with breathable air.</p>"
        },
        "hardness": 0,
        "hp": {
            "max": 0,
            "value": 0
        },
        "level": {
            "value": 9
        },
        "material": {
            "grade": null,
            "type": null
        },
        "price": {
            "value": {
                "gp": 690
            }
        },
        "publication": {
            "license": "OGL",
            "remaster": false,
            "title": "Pathfinder Treasure Vault"
        },
        "quantity": 1,
        "rules": [],
        "size": "med",
        "traits": {
            "rarity": "uncommon",
            "value": [
                "magical"
            ]
        },
        "usage": {
            "value": "held-in-one-hand"
        }
    },
    "type": "equipment"
}
