{
    "_id": "OsUMak2bLZ5H3lTY",
    "img": "icons/equipment/back/cloak-layered-white.webp",
    "name": "Angelic Opera Cloak",
    "system": {
        "apex": {
            "attribute": "dex"
        },
        "baseItem": null,
        "bulk": {
            "value": 0.1
        },
        "containerId": null,
        "description": {
            "value": "<p>This luxurious cloak embodies an angel's swiftness. You gain a +3 item bonus to Acrobatics checks and never take falling damage, as your cloak billows like a pair of wings to soften any fall you take. When you invest in the cloak, you either increase your Dexterity score by 2 or increase it to 18, whichever would give you a higher score. If you are unholy, you are @UUID[Compendium.pf2e.conditionitems.Item.Slowed]{Slowed 1} while wearing this cloak.</p>\n<p><strong>Activate—On Angel's Wings</strong> <span class=\"action-glyph\">2</span> (concentrate)</p>\n<p><strong>Frequency</strong> once per hour</p><hr /><p><strong>Effect</strong> The opera cloak transforms into two pairs of brilliant, feathered wings that grant you a fly Speed of 40 feet for 10 minutes. During this time, you gain immunity to paralysis effects and ignore effects that would give you a circumstance penalty to speed.</p>"
        },
        "hardness": 0,
        "hp": {
            "max": 0,
            "value": 0
        },
        "level": {
            "value": 19
        },
        "material": {
            "grade": null,
            "type": null
        },
        "price": {
            "value": {
                "gp": 40000
            }
        },
        "publication": {
            "license": "ORC",
            "remaster": true,
            "title": "Pathfinder #206: Bring the House Down"
        },
        "quantity": 1,
        "rules": [
            {
                "key": "FlatModifier",
                "selector": "acrobatics",
                "type": "item",
                "value": 3
            }
        ],
        "size": "med",
        "traits": {
            "rarity": "rare",
            "value": [
                "apex",
                "holy",
                "invested",
                "magical"
            ]
        },
        "usage": {
            "value": "worncloak"
        }
    },
    "type": "equipment"
}
