{
    "_id": "TA3QxxYcaGy2MYCk",
    "img": "icons/sundries/lights/lantern-bullseye-signal-copper.webp",
    "name": "Anglerfish Lantern (Submersible)",
    "system": {
        "baseItem": null,
        "bulk": {
            "value": 1
        },
        "containerId": null,
        "description": {
            "value": "<p>This @UUID[Compendium.pf2e.equipment-srd.Item.Lantern (Bull's Eye)]{bull's-eye lantern} is either stylized after an anglerfish or made from the taxidermy of one. While it can be lit as usual, the <em>submersible anglerfish lantern</em> automatically shines when submerged in water.</p>\n<hr />\n<p><strong>Activate—Mesmerizing Lights</strong> <span class=\"action-glyph\">2</span> (concentrate, manipulate)</p>\n<p><strong>Frequency</strong> once per hour</p>\n<p><strong>Effect</strong> All creatures within the bright light of the <em>submersible anglerfish lantern</em> must succeed at a @Check[will|dc:24] save or be @UUID[Compendium.pf2e.conditionitems.Item.Fascinated] by the light for 1 round (1 minute on a critical failure). The fascination ends if the light is extinguished. Aquatic animals and creatures with the water trait take a –2 circumstance penalty to this check. Regardless of the result, the creature then becomes immune to this effect for the next 24 hours.</p>\n<hr />\n<p><strong>Activate—Dive!</strong> 1 minute (concentrate, manipulate)</p>\n<p><strong>Frequency</strong> once per day</p>\n<p><strong>Effect</strong> You lower the <em>submersible anglerfish lantern</em> into water at least 15 feet deep while issuing a command. The lantern transforms into a @UUID[Compendium.pf2e.vehicles.Actor.Bathysphere] for 1 hour. This vehicle possesses a @Template[cone|distance:60] light that can be swiveled up to 90 degrees with an Interact action and has the activation listed above. When the effect ends, any occupants are ejected harmlessly. If the bathysphere becomes broken, the effect ends and the <em>submersible anglerfish lantern</em> is broken as well.</p>"
        },
        "hardness": 0,
        "hp": {
            "max": 0,
            "value": 0
        },
        "level": {
            "value": 8
        },
        "material": {
            "grade": null,
            "type": null
        },
        "price": {
            "value": {
                "gp": 500
            }
        },
        "publication": {
            "license": "OGL",
            "remaster": true,
            "title": "Pathfinder Rage of Elements"
        },
        "quantity": 1,
        "rules": [
            {
                "key": "TokenEffectIcon",
                "value": "icons/sundries/lights/lantern-bullseye-signal-copper.webp"
            },
            {
                "key": "TokenLight",
                "value": {
                    "angle": 90,
                    "animation": {
                        "intensity": 4,
                        "speed": 1,
                        "type": "torch"
                    },
                    "bright": 60,
                    "color": "#975335",
                    "dim": 120,
                    "shadows": 0.2
                }
            }
        ],
        "size": "med",
        "traits": {
            "rarity": "uncommon",
            "value": [
                "magical",
                "water"
            ]
        },
        "usage": {
            "value": "held-in-one-hand"
        }
    },
    "type": "equipment"
}
