{
    "_id": "pD9H7z7NB3o5dvPN",
    "img": "icons/sundries/lights/lantern-bullseye-signal-copper.webp",
    "name": "Anglerfish Lantern",
    "system": {
        "baseItem": null,
        "bulk": {
            "value": 1
        },
        "containerId": null,
        "description": {
            "value": "<p>This @UUID[Compendium.pf2e.equipment-srd.Item.Lantern (Bull's Eye)]{bull's-eye lantern} is either stylized after an anglerfish or made from the taxidermy of one. While it can be lit as usual, the <em>anglerfish lantern</em> automatically shines when submerged in water.</p>\n<hr />\n<p><strong>Activate—Mesmerizing Lights</strong> <span class=\"action-glyph\">2</span> (concentrate, manipulate)</p>\n<p><strong>Frequency</strong> once per hour</p>\n<p><strong>Effect</strong> All creatures within the bright light of the <em>anglerfish lantern</em> must succeed at a @Check[will|dc:19] save or be @UUID[Compendium.pf2e.conditionitems.Item.Fascinated] by the light for 1 round (1 minute on a critical failure). The fascination ends if the light is extinguished. Aquatic animals and creatures with the water trait take a –2 circumstance penalty to this check. Regardless of the result, the creature then becomes immune to this effect for the next 24 hours.</p>"
        },
        "hardness": 0,
        "hp": {
            "max": 0,
            "value": 0
        },
        "level": {
            "value": 5
        },
        "material": {
            "grade": null,
            "type": null
        },
        "price": {
            "value": {
                "gp": 150
            }
        },
        "publication": {
            "license": "OGL",
            "remaster": true,
            "title": "Pathfinder Rage of Elements"
        },
        "quantity": 1,
        "rules": [
            {
                "key": "TokenEffectIcon",
                "value": "icons/sundries/lights/lantern-bullseye-signal-copper.webp"
            },
            {
                "key": "TokenLight",
                "value": {
                    "angle": 90,
                    "animation": {
                        "intensity": 4,
                        "speed": 1,
                        "type": "torch"
                    },
                    "bright": 60,
                    "color": "#975335",
                    "dim": 120,
                    "shadows": 0.2
                }
            }
        ],
        "size": "med",
        "traits": {
            "rarity": "common",
            "value": [
                "magical",
                "water"
            ]
        },
        "usage": {
            "value": "held-in-one-hand"
        }
    },
    "type": "equipment"
}
