{
    "_id": "GZo6icE8v07xQKKc",
    "img": "systems/pf2e/icons/equipment/consumables/fulus/fulu-fancy.webp",
    "name": "Animal-Turning Fulu",
    "system": {
        "baseItem": null,
        "bulk": {
            "value": 0
        },
        "category": "fulu",
        "containerId": null,
        "damage": null,
        "description": {
            "value": "<p><strong>Activate</strong> <span class=\"action-glyph\">r</span> envision</p>\n<p><strong>Trigger</strong> A creature with the animal trait successfully Strikes you.</p>\n<hr />\n<p>Frightened animals depicted on this fulu flee in all directions from a central figure (traditionally represented by a human hunter, but sometimes depicted as a skeletal undead creature or even a fiend with long, broken arms). You activate this fulu, gaining a +2 item bonus to AC against the triggering Strike. If this causes the Strike to miss, you become @UUID[Compendium.pf2e.conditionitems.Item.Concealed] from the triggering creature until the start of your next turn.</p>"
        },
        "hardness": 0,
        "hp": {
            "max": 0,
            "value": 0
        },
        "level": {
            "value": 1
        },
        "material": {
            "grade": null,
            "type": null
        },
        "price": {
            "value": {
                "gp": 4
            }
        },
        "publication": {
            "license": "OGL",
            "remaster": false,
            "title": "Pathfinder #196: The Summer That Never Was"
        },
        "quantity": 1,
        "rules": [],
        "size": "med",
        "traits": {
            "rarity": "rare",
            "value": [
                "consumable",
                "fulu",
                "magical",
                "talisman"
            ]
        },
        "usage": {
            "value": "affixed-to-armor"
        },
        "uses": {
            "autoDestroy": true,
            "max": 1,
            "value": 1
        }
    },
    "type": "consumable"
}
