{
    "_id": "suTxnYr8arqC9pt7",
    "img": "systems/pf2e/icons/equipment/alchemical-items/drugs/flayleaf.webp",
    "name": "Animal Nip (Lesser)",
    "system": {
        "baseItem": null,
        "bulk": {
            "value": 0
        },
        "category": "other",
        "containerId": null,
        "damage": null,
        "description": {
            "value": "<p><strong>Activate</strong> <span class=\"action-glyph\">1</span> (manipulate)</p>\n<hr />\n<p>Animal nip contains a mix of herbaceous, fragrant plants, ground into a coarse powder with a strong scent that attracts a broad spectrum of animals. You activate animal nip by sprinkling it on the ground or a target of your choice. For the next minute, all creatures within 30 feet that have the animal trait must attempt a @Check[will|dc:18] save or become @UUID[Compendium.pf2e.conditionitems.Item.Fascinated] by the smell of the animal nip for 1 round. On a critical failure, they also fall @UUID[Compendium.pf2e.conditionitems.Item.Prone] and roll about on the ground. If the target is subject to a hostile act, the fascination ends immediately. Regardless of the result of the creature's save, it's then immune to animal nip for 1 hour.</p>"
        },
        "hardness": 0,
        "hp": {
            "max": 0,
            "value": 0
        },
        "level": {
            "value": 4
        },
        "material": {
            "grade": null,
            "type": null
        },
        "price": {
            "value": {
                "gp": 15
            }
        },
        "publication": {
            "license": "OGL",
            "remaster": true,
            "title": "Pathfinder Rage of Elements"
        },
        "quantity": 1,
        "rules": [],
        "size": "med",
        "traits": {
            "rarity": "common",
            "value": [
                "alchemical",
                "consumable",
                "olfactory",
                "plant",
                "wood"
            ]
        },
        "usage": {
            "value": "held-in-one-hand"
        },
        "uses": {
            "autoDestroy": true,
            "max": 1,
            "value": 1
        }
    },
    "type": "consumable"
}
