{
    "_id": "pr2xsD4tk0mzWhms",
    "img": "icons/tools/instruments/pipe-flute-yellow.webp",
    "name": "Animal Call",
    "system": {
        "baseItem": null,
        "bulk": {
            "value": 0
        },
        "containerId": null,
        "description": {
            "value": "<p>Animal calls are often whistles or similar devices that imitate the calls of animals. Each call is for a specific type of animal, such as a duck or bear. When you use the call, it gives you a +1 item bonus to @UUID[Compendium.pf2e.actionspf2e.Item.Command an Animal], provided the animal is of the type as the call. You also do not take a circumstance penalty when attempting to @UUID[Compendium.pf2e.actionspf2e.Item.Demoralize] that animal for not sharing a language.</p>"
        },
        "hardness": 0,
        "hp": {
            "max": 0,
            "value": 0
        },
        "level": {
            "value": 0
        },
        "material": {
            "grade": null,
            "type": null
        },
        "price": {
            "value": {
                "sp": 5
            }
        },
        "publication": {
            "license": "ORC",
            "remaster": true,
            "title": "Pathfinder Howl of the Wild"
        },
        "quantity": 1,
        "rules": [
            {
                "domain": "skill-check",
                "key": "RollOption",
                "option": "animal-call",
                "toggleable": true
            },
            {
                "key": "FlatModifier",
                "predicate": [
                    "action:command-an-animal",
                    "animal-call"
                ],
                "selector": "skill-check",
                "type": "item",
                "value": 1
            }
        ],
        "size": "med",
        "traits": {
            "rarity": "common",
            "value": []
        },
        "usage": {
            "value": "held-in-one-hand"
        }
    },
    "type": "equipment"
}
