{
    "_id": "9IwSktj0Xj7A2Ruh",
    "img": "icons/equipment/neck/collar-rounded-gold-blue.webp",
    "name": "Anklets of Alacrity",
    "system": {
        "apex": {
            "attribute": "dex"
        },
        "baseItem": null,
        "bulk": {
            "value": 0
        },
        "containerId": null,
        "description": {
            "value": "<p>These gem-studded golden anklets give you a +3 item bonus to Acrobatics checks. When you invest the anklets, you either increase your Dexterity score by 2 or increase it to 18, whichever would give you a higher score.</p>\n<hr />\n<p><strong>Activate</strong> <span class=\"action-glyph\">A</span> Interact</p>\n<p><strong>Frequency</strong> once per day</p>\n<hr />\n<p><strong>Effect</strong> You click the anklets together, gaining a +20-foot status bonus to all your Speeds and the effects of @UUID[Compendium.pf2e.spells-srd.Item.Water Walk] for the next 10 minutes.</p>\n<p>@UUID[Compendium.pf2e.equipment-effects.Item.Effect: Anklets of Alacrity]</p>"
        },
        "hardness": 0,
        "hp": {
            "max": 0,
            "value": 0
        },
        "level": {
            "value": 17
        },
        "material": {
            "grade": null,
            "type": null
        },
        "price": {
            "value": {
                "gp": 15000
            }
        },
        "publication": {
            "license": "OGL",
            "remaster": false,
            "title": "Pathfinder Core Rulebook"
        },
        "quantity": 1,
        "rules": [
            {
                "key": "FlatModifier",
                "selector": "acrobatics",
                "type": "item",
                "value": 3
            }
        ],
        "size": "med",
        "traits": {
            "rarity": "common",
            "value": [
                "apex",
                "invested",
                "magical"
            ]
        },
        "usage": {
            "value": "wornanklets"
        }
    },
    "type": "equipment"
}
