{
    "_id": "znITT3WIS59TYtCu",
    "img": "systems/pf2e/icons/equipment/consumables/oils/anointing-oil.webp",
    "name": "Anointing Oil (Greater)",
    "system": {
        "baseItem": null,
        "bulk": {
            "value": 0.1
        },
        "category": "oil",
        "containerId": null,
        "damage": null,
        "description": {
            "value": "<p>Carried by many Knights of Lastwall, this amber-colored, fragrant-smelling oil is meant to prevent those who fall in battle from rising as undead. Applying <em>anointing oil</em> to a corpse casts a 5th-rank @UUID[Compendium.pf2e.spells-srd.Item.Peaceful Rest] on it. The effects last for 24 hours. The funerary rites of the Knights of Lastwall sometimes include using this type of oil on their dead if they are to be buried.</p>\n<p>The oil is repugnant to the undead. An undead creature that touches a corpse treated with this oil is @UUID[Compendium.pf2e.conditionitems.Item.Enfeebled]{Enfeebled 1} until the contact is broken or the oil's effect wears off.</p>"
        },
        "hardness": 0,
        "hp": {
            "max": 0,
            "value": 0
        },
        "level": {
            "value": 10
        },
        "material": {
            "grade": null,
            "type": null
        },
        "price": {
            "value": {
                "gp": 180
            }
        },
        "publication": {
            "license": "OGL",
            "remaster": false,
            "title": "Pathfinder Lost Omens Knights of Lastwall"
        },
        "quantity": 1,
        "rules": [],
        "size": "med",
        "traits": {
            "rarity": "uncommon",
            "value": [
                "consumable",
                "magical",
                "oil"
            ]
        },
        "usage": {
            "value": "held-in-two-hands"
        },
        "uses": {
            "autoDestroy": true,
            "max": 1,
            "value": 1
        }
    },
    "type": "consumable"
}
