{
    "_id": "YC6kyZGOKZmONbVM",
    "img": "systems/pf2e/icons/equipment/held-items/anointed-waterskin.webp",
    "name": "Anointed Waterskin",
    "system": {
        "baseItem": null,
        "bulk": {
            "value": 0.1
        },
        "containerId": null,
        "description": {
            "value": "<p>This waterskin coruscates with holy energy, causing it to slowly fill itself with special blessed water unique to the item. After using any of the activations, the waterskin is empty, but slowly refills itself. It becomes full enough to use again at the next dawn.</p><hr /><p><strong>Activate</strong> <span class=\"action-glyph\">2</span> command, Interact</p>\n<p><strong>Requirements</strong> The anointed waterskin is full</p><hr /><p><strong>Effect</strong> You throw the anointed waterskin up to 60 feet. The water explodes out of it, with the effects of @UUID[Compendium.pf2e.spells-srd.Item.Holy Cascade] (DC 25).</p><hr /><p><strong>Activate</strong> <span class=\"action-glyph\">1</span> Interact</p>\n<p><strong>Requirements</strong> The anointed waterskin is full</p><hr /><p><strong>Effect</strong> You drink the water within the waterskin, granting you the effects of @UUID[Compendium.pf2e.spells-srd.Item.Bless]. As normal with the spell, you can increase the radius with a single action with the concentrate trait.</p><hr /><p><strong>Activate</strong> 1 minute (command, Interact)</p>\n<p><strong>Requirements</strong> The anointed waterskin is full</p><hr /><p><strong>Effect</strong> You decant the water, creating up to 10 vials of <em>@UUID[Compendium.pf2e.equipment-srd.Item.Holy Water]</em>. You must provide the vials.</p>"
        },
        "hardness": 0,
        "hp": {
            "max": 0,
            "value": 0
        },
        "level": {
            "value": 9
        },
        "material": {
            "grade": null,
            "type": null
        },
        "price": {
            "value": {
                "gp": 600
            }
        },
        "publication": {
            "license": "OGL",
            "remaster": false,
            "title": "Pathfinder Secrets of Magic"
        },
        "quantity": 1,
        "rules": [],
        "size": "med",
        "traits": {
            "rarity": "common",
            "value": [
                "divine",
                "good",
                "water"
            ]
        },
        "usage": {
            "value": "held-in-one-hand"
        }
    },
    "type": "equipment"
}
