{
    "_id": "ICDQcwf2U7bSoieB",
    "img": "icons/consumables/potions/potion-jar-corked-orange.webp",
    "name": "Anticorrosion Oil",
    "system": {
        "baseItem": null,
        "bulk": {
            "value": 0.1
        },
        "category": "oil",
        "containerId": null,
        "damage": null,
        "description": {
            "value": "<p><strong>Activate</strong> <span class=\"action-glyph\">1</span> Interact</p>\n<p>You can coat objects of 6 Bulk or less with <em>anticorrosion oil</em>. For 24 hours, the object takes half damage from acid and from all effects that specifically cause it to rust or corrode, such as contact with a rust monster's antennae.</p>"
        },
        "hardness": 0,
        "hp": {
            "max": 0,
            "value": 0
        },
        "level": {
            "value": 2
        },
        "material": {
            "grade": null,
            "type": null
        },
        "price": {
            "value": {
                "gp": 6
            }
        },
        "publication": {
            "license": "OGL",
            "remaster": false,
            "title": "Pathfinder Treasure Vault"
        },
        "quantity": 1,
        "rules": [],
        "size": "med",
        "traits": {
            "rarity": "common",
            "value": [
                "consumable",
                "magical",
                "oil"
            ]
        },
        "usage": {
            "value": "held-in-two-hands"
        },
        "uses": {
            "autoDestroy": true,
            "max": 1,
            "value": 1
        }
    },
    "type": "consumable"
}
