{
    "_id": "7iZCCqXDGiTv0ar3",
    "img": "systems/pf2e/icons/default-icons/consumable.svg",
    "name": "Antipode Oil",
    "system": {
        "baseItem": null,
        "bulk": {
            "value": 0.1
        },
        "category": "poison",
        "containerId": null,
        "damage": null,
        "description": {
            "value": "<p><strong>Activate</strong> <span class=\"action-glyph\">1</span> Interact</p>\n<p>Prepared from brown mold, this liquid oscillates between rapidly absorbing and releasing heat from its victim. Each round the type of damage dealt by this poison changes, starting with cold, then fire, then cold, and so on. If the victim of this poison takes cold damage from a source other than the oil, reduce the save DC to 22 for 1 round. If the victim takes fire damage from a source other than the oil, increase the save DC to 25 for 1 round.</p>\n<p><strong>Saving Throw</strong> @Check[fortitude|dc:24]</p>\n<p><strong>Maximum Duration</strong> 6 rounds</p>\n<p><strong>Stage 1</strong> @Damage[2d6[cold]] or @Damage[2d6[fire]] (1 round)</p>\n<p><strong>Stage 2</strong> @Damage[3d6[cold]] or @Damage[3d6[fire]] (1 round)</p>"
        },
        "hardness": 0,
        "hp": {
            "max": 0,
            "value": 0
        },
        "level": {
            "value": 6
        },
        "material": {
            "grade": null,
            "type": null
        },
        "price": {
            "value": {
                "gp": 45
            }
        },
        "publication": {
            "license": "OGL",
            "remaster": false,
            "title": "Pathfinder Treasure Vault"
        },
        "quantity": 1,
        "rules": [],
        "size": "med",
        "traits": {
            "rarity": "common",
            "value": [
                "alchemical",
                "consumable",
                "injury",
                "poison",
                "virulent"
            ]
        },
        "usage": {
            "value": "held-in-two-hands"
        },
        "uses": {
            "autoDestroy": true,
            "max": 1,
            "value": 1
        }
    },
    "type": "consumable"
}
