{
    "_id": "TEd1rxn3CfPeh0jZ",
    "img": "icons/consumables/potions/bottle-round-corked-pink.webp",
    "name": "Antifungal Salve (Lesser)",
    "system": {
        "baseItem": null,
        "bulk": {
            "value": 0.1
        },
        "category": "other",
        "containerId": null,
        "damage": null,
        "description": {
            "value": "<p><strong>Activate</strong> <span class=\"action-glyph\">1</span> (manipulate)</p><hr /><p>This foul-smelling pink paste is traditionally kept in a tightly sealed jar. Spreading the salve on exposed skin grants a +2 item bonus to saving throws against all afflictions that have the fungus trait or that originate from creatures with the fungus trait. The bonus lasts for 6 hours.</p>\n<p>@UUID[Compendium.pf2e.equipment-effects.Item.Effect: Antifungal Salve]</p>"
        },
        "hardness": 0,
        "hp": {
            "max": 0,
            "value": 0
        },
        "level": {
            "value": 1
        },
        "material": {
            "grade": null,
            "type": null
        },
        "price": {
            "value": {
                "gp": 3
            }
        },
        "publication": {
            "license": "ORC",
            "remaster": true,
            "title": "Pathfinder #210: Whispers in the Dirt"
        },
        "quantity": 1,
        "rules": [],
        "size": "med",
        "traits": {
            "rarity": "common",
            "value": [
                "alchemical",
                "consumable"
            ]
        },
        "usage": {
            "value": "held-in-two-hands"
        },
        "uses": {
            "autoDestroy": true,
            "max": 1,
            "value": 1
        }
    },
    "type": "consumable"
}
