{
    "_id": "kajpTXg3oHIJStQa",
    "img": "systems/pf2e/icons/equipment/alchemical-items/alchemical-elixirs/antiplague.webp",
    "name": "Antiplague (Major)",
    "system": {
        "baseItem": null,
        "bulk": {
            "value": 0.1
        },
        "category": "elixir",
        "containerId": null,
        "damage": null,
        "description": {
            "value": "<p><strong>Activate</strong> <span class=\"action-glyph\">A</span> (manipulate)</p><hr /><p>Antiplague can fortify the body's defenses against diseases. Upon drinking an antiplague, you gain a +4 item bonus to Fortitude saving throws against diseases for 24 hours; this applies to your daily save against a disease's progression.</p>\n<p>When you drink the antiplague, you can immediately attempt a saving throw against one disease of 14th level or lower affecting you. If you succeed, you are cured of the disease.</p>\n<p>@UUID[Compendium.pf2e.equipment-effects.Item.Effect: Antiplague]</p>"
        },
        "hardness": 0,
        "hp": {
            "max": 0,
            "value": 0
        },
        "level": {
            "value": 14
        },
        "material": {
            "grade": null,
            "type": null
        },
        "price": {
            "value": {
                "gp": 675
            }
        },
        "publication": {
            "license": "ORC",
            "remaster": true,
            "title": "Pathfinder GM Core"
        },
        "quantity": 1,
        "rules": [],
        "size": "med",
        "traits": {
            "rarity": "common",
            "value": [
                "alchemical",
                "consumable",
                "elixir",
                "healing"
            ]
        },
        "usage": {
            "value": "held-in-one-hand"
        },
        "uses": {
            "autoDestroy": true,
            "max": 1,
            "value": 1
        }
    },
    "type": "consumable"
}
