{
    "_id": "737LQfIaLXBPEzc3",
    "img": "systems/pf2e/icons/equipment/consumables/oils/antimagic-oil.webp",
    "name": "Antimagic Oil",
    "system": {
        "baseItem": null,
        "bulk": {
            "value": 0.1
        },
        "category": "oil",
        "containerId": null,
        "damage": null,
        "description": {
            "value": "<p><strong>Activate</strong> <span class=\"action-glyph\">A</span> (manipulate)</p>\n<hr />\n<p>This oil contains energy that repels nearly all types of magic. When you apply this oil to armor, the creature wearing the armor becomes immune to all spells, effects of magic items (the wearer's and those of others), and effects with the magical trait for 1 minute.</p>\n<p>The oil affects neither the magic of the armor nor the fundamental runes of weapons attacking the wearer. Magical effects from a source of 20th level or higher, such as a deity, still function on the armor's wearer.</p>"
        },
        "hardness": 0,
        "hp": {
            "max": 0,
            "value": 0
        },
        "level": {
            "value": 20
        },
        "material": {
            "grade": null,
            "type": null
        },
        "price": {
            "value": {
                "gp": 13000
            }
        },
        "publication": {
            "license": "ORC",
            "remaster": true,
            "title": "Pathfinder GM Core"
        },
        "quantity": 1,
        "rules": [],
        "size": "med",
        "traits": {
            "rarity": "rare",
            "value": [
                "consumable",
                "magical",
                "oil"
            ]
        },
        "usage": {
            "value": "held-in-two-hands"
        },
        "uses": {
            "autoDestroy": true,
            "max": 1,
            "value": 1
        }
    },
    "type": "consumable"
}
