{
    "_id": "ANzB9WzlGQXDn76G",
    "img": "systems/pf2e/icons/equipment/alchemical-items/alchemical-elixirs/antidote.webp",
    "name": "Antidote (Major)",
    "system": {
        "baseItem": null,
        "bulk": {
            "value": 0.1
        },
        "category": "elixir",
        "containerId": null,
        "damage": null,
        "description": {
            "value": "<p><strong>Activate</strong> <span class=\"action-glyph\">A</span> (manipulate)</p><hr /><p>An antidote protects you against toxins. Upon drinking an antidote, you gain a +4 item bonus to Fortitude saving throws against poisons for 6 hours, and when you drink the antidote, you can immediately attempt a saving throw against one poison of 14th level or lower affecting you. If you succeed, the poison is neutralized.</p>\n<p>@UUID[Compendium.pf2e.equipment-effects.Item.Effect: Antidote]</p>"
        },
        "hardness": 0,
        "hp": {
            "max": 0,
            "value": 0
        },
        "level": {
            "value": 14
        },
        "material": {
            "grade": null,
            "type": null
        },
        "price": {
            "value": {
                "gp": 675
            }
        },
        "publication": {
            "license": "ORC",
            "remaster": true,
            "title": "Pathfinder GM Core"
        },
        "quantity": 1,
        "rules": [],
        "size": "med",
        "traits": {
            "rarity": "common",
            "value": [
                "alchemical",
                "consumable",
                "elixir",
                "healing"
            ]
        },
        "usage": {
            "value": "held-in-one-hand"
        },
        "uses": {
            "autoDestroy": true,
            "max": 1,
            "value": 1
        }
    },
    "type": "consumable"
}
