{
    "_id": "o02lg3k1RBoFXVFV",
    "img": "systems/pf2e/icons/equipment/runes/armor-property-runes/armor-property-runes.webp",
    "name": "Antimagic",
    "system": {
        "baseItem": null,
        "bulk": {
            "value": 0
        },
        "containerId": null,
        "description": {
            "value": "<p>This intricate rune displaces spell energy, granting you a +1 status bonus to saving throws against magical effects.</p>\n<hr />\n<p><strong>Activate—Antimagic Armor</strong> <span class=\"action-glyph\">R</span> (concentrate)</p>\n<p><strong>Frequency</strong> once per day</p>\n<p><strong>Trigger</strong> A spell targets you or includes you in its area</p>\n<p><strong>Effect</strong> The armor attempts to counteract the triggering spell with the effect of a 7th-rank @UUID[Compendium.pf2e.spells-srd.Item.Dispel Magic] spell and a counteract modifier of [[/r 1d20+26 #Counteract]]{+26}.</p>\n<hr />\n<p><strong>Craft Requirements</strong> Supply one casting of <em>dispel magic</em>.</p>"
        },
        "hardness": 0,
        "hp": {
            "max": 0,
            "value": 0
        },
        "level": {
            "value": 15
        },
        "material": {
            "grade": null,
            "type": null
        },
        "price": {
            "value": {
                "gp": 6500
            }
        },
        "publication": {
            "license": "ORC",
            "remaster": true,
            "title": "Pathfinder GM Core"
        },
        "quantity": 1,
        "rules": [],
        "size": "med",
        "traits": {
            "rarity": "uncommon",
            "value": [
                "magical"
            ]
        },
        "usage": {
            "value": "etched-onto-armor"
        }
    },
    "type": "equipment"
}
