{
    "_id": "NSQOijKqomyotXkj",
    "img": "systems/pf2e/icons/equipment/consumables/ammunition/antler-arrow.webp",
    "name": "Antler Arrow",
    "system": {
        "baseItem": null,
        "bulk": {
            "value": 0
        },
        "category": "ammo",
        "containerId": null,
        "damage": null,
        "description": {
            "value": "<p><strong>Activate</strong> <span class=\"action-glyph\">A</span> (manipulate)</p><hr /><p>Creation of these arrows was inspired by an encounter with a horned archon scout who sought to peacefully restrain their foes. When an activated <em>antler arrow</em> hits a target, bone antlers extend to pin it down. The target must succeed at a @Check[reflex|dc:16] save or become stuck to the surface, taking the critical specialization effects of a bow.</p>\n<p>If the hit with the <em>antler arrow</em> is a critical hit and you have access to the bow critical specialization effect, the DC of the Athletics check increases to 15.</p>"
        },
        "hardness": 0,
        "hp": {
            "max": 0,
            "value": 0
        },
        "level": {
            "value": 2
        },
        "material": {
            "grade": null,
            "type": null
        },
        "price": {
            "value": {
                "gp": 7
            }
        },
        "publication": {
            "license": "ORC",
            "remaster": true,
            "title": "Pathfinder Player Core 2"
        },
        "quantity": 1,
        "rules": [
            {
                "key": "Note",
                "outcome": [
                    "success"
                ],
                "selector": "{item|_id}-damage",
                "text": "PF2E.AmmunitionNotes.AntlerArrow.Text",
                "title": "PF2E.AmmunitionNotes.AntlerArrow.Title"
            },
            {
                "key": "Note",
                "outcome": [
                    "success"
                ],
                "selector": "{item|_id}-damage",
                "text": "PF2E.Item.Weapon.CriticalSpecialization.bow",
                "title": "PF2E.Actor.Creature.CriticalSpecialization"
            },
            {
                "key": "Note",
                "outcome": [
                    "criticalSuccess"
                ],
                "predicate": [
                    {
                        "not": "critical-specialization"
                    }
                ],
                "selector": "{item|_id}-damage",
                "text": "PF2E.AmmunitionNotes.AntlerArrow.Text",
                "title": "PF2E.AmmunitionNotes.AntlerArrow.Title"
            },
            {
                "key": "Note",
                "outcome": [
                    "criticalSuccess"
                ],
                "predicate": [
                    {
                        "not": "critical-specialization"
                    }
                ],
                "selector": "{item|_id}-damage",
                "text": "PF2E.Item.Weapon.CriticalSpecialization.bow",
                "title": "PF2E.Actor.Creature.CriticalSpecialization"
            },
            {
                "key": "Note",
                "outcome": [
                    "criticalSuccess"
                ],
                "predicate": [
                    "critical-specialization"
                ],
                "selector": "{item|_id}-damage",
                "text": "PF2E.AmmunitionNotes.AntlerArrow.CriticalText",
                "title": "PF2E.AmmunitionNotes.AntlerArrow.Title"
            }
        ],
        "size": "med",
        "stackGroup": "arrows",
        "traits": {
            "rarity": "common",
            "value": [
                "consumable",
                "magical"
            ]
        },
        "usage": {
            "value": "held-in-one-hand"
        },
        "uses": {
            "autoDestroy": true,
            "max": 1,
            "value": 1
        }
    },
    "type": "consumable"
}
