{
    "_id": "UuNVe6SDNztreNEN",
    "img": "systems/pf2e/icons/equipment/consumables/fulus/fulu-modest.webp",
    "name": "Apotropaic Fulu",
    "system": {
        "baseItem": null,
        "bulk": {
            "value": 0
        },
        "category": "fulu",
        "containerId": null,
        "damage": null,
        "description": {
            "value": "<p><strong>Usage</strong> affixed over an entrance</p>\n<hr />\n<p>This unassuming yellow paper, affixed above a door or gate, flickers in the light. Pick an alignment trait: chaotic, good, lawful, or evil. When a creature with the opposing alignment trait of the fulu (good for an evil fulu, and so on) passes through the entrance, it must succeed at a @Check[fortitude|dc:17] save or become @UUID[Compendium.pf2e.conditionitems.Item.Sickened]{Sickened 2}; regardless of whether they succeed, the creature becomes temporarily immune for 1 day.</p>"
        },
        "hardness": 0,
        "hp": {
            "max": 0,
            "value": 0
        },
        "level": {
            "value": 5
        },
        "material": {
            "grade": null,
            "type": null
        },
        "price": {
            "value": {
                "gp": 25
            }
        },
        "publication": {
            "license": "OGL",
            "remaster": false,
            "title": "Pathfinder Secrets of Magic"
        },
        "quantity": 1,
        "rules": [],
        "size": "med",
        "traits": {
            "rarity": "common",
            "value": [
                "consumable",
                "fulu",
                "magical"
            ]
        },
        "usage": {
            "value": "held-in-one-hand"
        },
        "uses": {
            "autoDestroy": true,
            "max": 1,
            "value": 1
        }
    },
    "type": "consumable"
}
