{
    "_id": "MlKNR5Q784mgmU0C",
    "img": "icons/weapons/daggers/dagger-straight-blue.webp",
    "name": "Apotheosis Knife",
    "system": {
        "baseItem": "dagger",
        "bonus": {
            "value": 0
        },
        "bonusDamage": {
            "value": 0
        },
        "bulk": {
            "value": 0.1
        },
        "category": "simple",
        "containerId": null,
        "damage": {
            "damageType": "piercing",
            "dice": 1,
            "die": "d4"
        },
        "description": {
            "value": "<p>This slim <em>+3 major striking unholy wounding dagger</em> has a curved blade akin to that of a peeling knife. Soft elf-leather strips adorn the handle. If you are a demon, it amplifies any auras you have by granting a +1 item bonus to your aura's DCs.</p>\n<p><strong>Activate—Burrowing Splinter</strong> <span class=\"action-glyph\">1</span> (manipulate)</p>\n<p><strong>Frequency</strong> one per day</p>\n<p><strong>Requirements</strong> Your previous action was a successful Strike with the <em>apotheosis knife</em></p><hr /><p><strong>Effect</strong> You twist the blade, causing a sliver of the dagger to break off inside the body of the creature you damaged with the <em>apotheosis knife</em> on your prior action. Just as the blade itself cuts away flesh, this splinter slices away at the target's mind. The target must attempt a @Check[will|dc:43] save. If the target is a demon, the burrowing splinter automatically triggers the effects of their sin vulnerability, regardless of their saving throw result.</p><hr /><p><strong>Critical Success</strong> The target takes no additional damage.</p>\n<p><strong>Success</strong> The target takes @Damage[6d6[mental]] damage and is @UUID[Compendium.pf2e.conditionitems.Item.Stupefied]{Stupefied 1} until the end of their next turn.</p>\n<p><strong>Failure</strong> The target takes @Damage[6d6[persistent,mental]] damage and is stupefied 1 with an unlimited duration.</p>\n<p><strong>Critical Failure</strong> The target takes @Damage[12d6[persistent,mental]] damage, is stupefied 1 with an unlimited duration, and is @UUID[Compendium.pf2e.conditionitems.Item.Stunned]{Stunned 3}.</p>"
        },
        "group": "knife",
        "hardness": 0,
        "hp": {
            "max": 0,
            "value": 0
        },
        "level": {
            "value": 20
        },
        "material": {
            "grade": null,
            "type": null
        },
        "price": {
            "value": {
                "gp": 60000
            }
        },
        "publication": {
            "license": "ORC",
            "remaster": true,
            "title": "Pathfinder #212: A Voice in the Blight"
        },
        "quantity": 1,
        "range": null,
        "reload": {
            "value": "-"
        },
        "rules": [],
        "runes": {
            "potency": 3,
            "property": [
                "unholy",
                "wounding"
            ],
            "striking": 3
        },
        "size": "med",
        "specific": {
            "material": {
                "grade": null,
                "type": null
            },
            "runes": {
                "potency": 3,
                "property": [
                    "unholy",
                    "wounding"
                ],
                "striking": 3
            }
        },
        "splashDamage": {
            "value": 0
        },
        "traits": {
            "rarity": "rare",
            "value": [
                "agile",
                "finesse",
                "magical",
                "thrown-10",
                "unholy",
                "versatile-s"
            ]
        },
        "usage": {
            "canBeAmmo": false,
            "value": "held-in-one-hand"
        }
    },
    "type": "weapon"
}
