{
    "_id": "eYemXoYEObmaeOAE",
    "img": "icons/equipment/hand/glove-tooled-leather-blue.webp",
    "name": "Apparition Gloves",
    "system": {
        "baseItem": null,
        "bulk": {
            "value": 0.1
        },
        "containerId": null,
        "description": {
            "value": "<p>This set of gloves translates whatever the wearer says into the signed version of that language by projecting a ghostly, translucent version of the wearer's hands in front of them. The apparition is a purely visual illusion used for communication, so it can't move on its own, nor can it hold or manipulate objects, or attack.</p>"
        },
        "hardness": 0,
        "hp": {
            "max": 0,
            "value": 0
        },
        "level": {
            "value": 2
        },
        "material": {
            "grade": null,
            "type": null
        },
        "price": {
            "value": {
                "gp": 25
            }
        },
        "publication": {
            "license": "OGL",
            "remaster": false,
            "title": "Pathfinder Treasure Vault"
        },
        "quantity": 1,
        "rules": [],
        "size": "med",
        "traits": {
            "rarity": "common",
            "value": [
                "magical"
            ]
        },
        "usage": {
            "value": "worngloves"
        }
    },
    "type": "equipment"
}
