{
    "_id": "60RuBISKBTuYquBe",
    "img": "systems/pf2e/icons/default-icons/consumable.svg",
    "name": "Appetizing Flavor Snare",
    "system": {
        "baseItem": null,
        "bulk": {
            "value": 0
        },
        "category": "snare",
        "containerId": null,
        "damage": null,
        "description": {
            "value": "<p>You construct this snare around a sealed bladder containing substances that local predators find delicious, such as scent glands from prey animals or fresh carrion. The first creature to enter the square must succeed at a @Check[reflex|dc:15] save or be doused with the substances. For 1 hour, animals attracted to the flavor (such as most predators, at the GM's discretion) can smell the creature from double the usual distance of their scent and are likely to approach to investigate the smell. A creature can wash away the appetizing flavor with 1 minute of vigorous scrubbing.</p>"
        },
        "hardness": 0,
        "hp": {
            "max": 0,
            "value": 0
        },
        "level": {
            "value": 1
        },
        "material": {
            "grade": null,
            "type": null
        },
        "price": {
            "value": {
                "gp": 3
            }
        },
        "publication": {
            "license": "OGL",
            "remaster": false,
            "title": "Pathfinder Lost Omens Monsters of Myth"
        },
        "quantity": 1,
        "rules": [],
        "size": "med",
        "traits": {
            "rarity": "rare",
            "value": [
                "consumable",
                "mechanical",
                "snare",
                "trap"
            ]
        },
        "usage": {
            "value": "held-in-one-hand"
        },
        "uses": {
            "autoDestroy": true,
            "max": 1,
            "value": 1
        }
    },
    "type": "consumable"
}
