{
    "_id": "vTEWlRBUD4VzVwxK",
    "img": "systems/pf2e/icons/equipment/alchemical-items/alchemical-elixirs/applereed-mutagen.webp",
    "name": "Applereed Mutagen (Greater)",
    "system": {
        "baseItem": null,
        "bulk": {
            "value": 0.1
        },
        "category": "mutagen",
        "containerId": null,
        "damage": null,
        "description": {
            "value": "<p><strong>Activate</strong> <span class=\"action-glyph\">A</span> Interact</p>\n<p>This gummy liquid disproportionately lengthens your legs, causing you to grow but making your movement awkward. The effect is very noticeable unless your clothes can adequately conceal it.</p>\n<p><strong>Benefit</strong> You gain a +4 item bonus to Athletics checks and you gain a +20 foot status bonus to your Speed. In addition, you grow one size larger, but your larger size does not have any additional effects beyond the potential change in space.</p>\n<p><strong>Drawback</strong> You take a -1 penalty to AC and a -2 penalty to Reflex saves.</p>\n<p><strong>Duration</strong> 1 hour.</p>\n<p>@UUID[Compendium.pf2e.equipment-effects.Item.Effect: Applereed Mutagen (Greater)]</p>"
        },
        "hardness": 0,
        "hp": {
            "max": 0,
            "value": 0
        },
        "level": {
            "value": 18
        },
        "material": {
            "grade": null,
            "type": null
        },
        "price": {
            "value": {
                "gp": 5000
            }
        },
        "publication": {
            "license": "OGL",
            "remaster": false,
            "title": "Pathfinder Lost Omens Legends"
        },
        "quantity": 1,
        "rules": [],
        "size": "med",
        "traits": {
            "rarity": "rare",
            "value": [
                "alchemical",
                "consumable",
                "elixir",
                "mutagen",
                "polymorph"
            ]
        },
        "usage": {
            "value": "held-in-one-hand"
        },
        "uses": {
            "autoDestroy": true,
            "max": 1,
            "value": 1
        }
    },
    "type": "consumable"
}
