{
    "_id": "O4SbscW0mhRRSbRK",
    "img": "icons/consumables/fruit/apricot-ripe-orange.webp",
    "name": "Apricot of Bestial Might",
    "system": {
        "baseItem": null,
        "bulk": {
            "value": 0.1
        },
        "category": "mutagen",
        "containerId": null,
        "damage": null,
        "description": {
            "value": "<p><strong>Activate</strong> <span class=\"action-glyph\">1</span> Interact</p>\n<p>This yellow fruit's soft flesh is covered by waxy, fibrous leaves reminiscent of a pineapple. When you eat an apricot of bestial might, you transform into a boar-faced battle form with scaly skin. You can use feats with this item as if it were a bestial mutagen, improving your tusk unarmed attack as if it were a claw or jaws attack.</p>\n<p><strong>Benefit</strong> You gain 8 resistance to all physical damage and gain a tusk unarmed attack with the deadly d12 trait that deals 1d10 piercing damage.</p>\n<p><strong>Drawback</strong> You become @UUID[Compendium.pf2e.conditionitems.Item.Clumsy]{Clumsy 1}. If you perform an action with the auditory or linguistic traits, you must succeed at a @Check[flat|dc:5] or the action is lost.</p>\n<p>@UUID[Compendium.pf2e.equipment-effects.Item.Effect: Apricot of Bestial Might]</p>"
        },
        "hardness": 0,
        "hp": {
            "max": 0,
            "value": 0
        },
        "level": {
            "value": 16
        },
        "material": {
            "grade": null,
            "type": null
        },
        "price": {
            "value": {
                "gp": 2000
            }
        },
        "publication": {
            "license": "OGL",
            "remaster": false,
            "title": "Pathfinder #167: Ready? Fight!"
        },
        "quantity": 1,
        "rules": [],
        "size": "med",
        "traits": {
            "rarity": "uncommon",
            "value": [
                "alchemical",
                "consumable",
                "elixir",
                "mutagen",
                "polymorph"
            ]
        },
        "usage": {
            "value": "held-in-one-hand"
        },
        "uses": {
            "autoDestroy": true,
            "max": 1,
            "value": 1
        }
    },
    "type": "consumable"
}
