{
    "_id": "DP1ONNSs427HjgVc",
    "img": "icons/tools/instruments/lute-gold-brown.webp",
    "name": "Arachnolute",
    "system": {
        "baseItem": null,
        "bulk": {
            "value": 1
        },
        "containerId": null,
        "description": {
            "value": "<p>The strings of this spider-shaped lute are made from the webbing of a goliath spider and the tuning pegs are crafted from the spider's spinnerets. An <em>arachnolute</em> grants you a +2 item bonus to Performance checks while playing music with the instrument.</p><hr /><p><strong>Activate—Web Chord</strong> <span class=\"action-glyph\">2</span> (manipulate)</p>\n<p><strong>Frequency</strong> once per hour</p>\n<p><strong>Effect</strong> Sticky webbing sprays in a @Template[cone|distance:30] as you strum the lute's strings. Each creature in the area of the webbing is @UUID[Compendium.pf2e.conditionitems.Item.Immobilized] unless it succeeds at a @Check[reflex|dc:29] save.</p><hr /><p><strong>Craft Requirements</strong> The initial materials must include the spinnerets of a goliath spider, as well as a spool of its webbing.</p>"
        },
        "hardness": 0,
        "hp": {
            "max": 0,
            "value": 0
        },
        "level": {
            "value": 11
        },
        "material": {
            "grade": null,
            "type": null
        },
        "price": {
            "value": {
                "gp": 1300
            }
        },
        "publication": {
            "license": "ORC",
            "remaster": true,
            "title": "Pathfinder Howl of the Wild"
        },
        "quantity": 1,
        "rules": [
            {
                "domain": "performance",
                "key": "RollOption",
                "label": "PF2E.SpecificRule.PlayingItem",
                "option": "playing",
                "toggleable": true
            },
            {
                "key": "FlatModifier",
                "predicate": [
                    "playing"
                ],
                "selector": "performance",
                "type": "item",
                "value": 2
            }
        ],
        "size": "med",
        "traits": {
            "rarity": "uncommon",
            "value": [
                "magical"
            ]
        },
        "usage": {
            "value": "held-in-two-hands"
        }
    },
    "type": "equipment"
}
