{
    "_id": "4kyf3ScoJ4TvhPG3",
    "img": "icons/weapons/guns/gun-blunderbuss-worn-brown.webp",
    "name": "Arboreal's Revenge",
    "system": {
        "baseItem": "blunderbuss",
        "bonus": {
            "value": 0
        },
        "bonusDamage": {
            "value": 0
        },
        "bulk": {
            "value": 2
        },
        "category": "martial",
        "containerId": null,
        "damage": {
            "damageType": "piercing",
            "dice": 1,
            "die": "d8"
        },
        "description": {
            "value": "<p>This walnut and brass <em>+1 striking blunderbuss</em> has a natural look, with wood worn smooth by time, but left knotted and gnarled. The handgrip beneath the flared muzzle is a well-positioned bulging tree knot, and the long stock looks as if it was grown to fit you. On closer examination, the whorls and rings in the wood resemble eyes.</p>\n<p><em>Arboreal's revenge</em> is a haunted firearm constructed with wood hewn from a living arboreal, slaying the arboreal and trapping its spirit in the firearm. Perhaps a patient wielder could one day put the arboreal's spirit to rest, or at least come to terms with it, abating the drawbacks of the weapon while keeping its advantages.</p>\n<p>When you first fire <em>arboreal's revenge</em>, the blunderbuss fuses with you, after which it's almost impossible to remove it from your possession with a @UUID[Compendium.pf2e.spells-srd.Item.Cleanse Affliction] or similar effect, like many cursed items. You gain weakness 5 to fire and the flat check for you to recover from persistent fire damage increases from 15 to 17, or from 10 to 12 if you receive appropriate help.</p>\n<p>Whenever you wield <em>arboreal's revenge</em>, the arboreal spirit bound to the blunderbuss attempts to overtake you. The wood handgrip sprouts roots which grow around your hand, binding both of your hands to the firearm. You gain a +4 circumstance bonus to your Reflex DC when defending against checks to @UUID[Compendium.pf2e.actionspf2e.Item.Disarm] you. However, you can't Release your grip on the blunderbuss until you forcibly tear off the roots, though they do allow you to move your hands enough (and only enough) to reload and fire the blunderbuss. Tearing off the roots takes 1 minute.</p>\n<p>The arboreal haunting the firearm can use the following two effects whenever it wants, often using them at random. You can coax it into performing them each intentionally once per day, with the following activations.</p><hr /><p><strong>Activate—Arboreal Growth</strong> <span class=\"action-glyph\">f</span> (concentrate)</p>\n<p><strong>Frequency</strong> once per day</p>\n<p><strong>Effect</strong> The arboreal haunting the blunderbuss attempts to regrow itself into a new physical body by sprouting from the bodies of all the creatures that the firearm recently harmed. You and all creatures within 60 feet damaged by arboreal's revenge within the last minute must attempt a @Check[fortitude|dc:20] saving throw. On a failure, they take a –10-foot circumstance penalty to their Speeds as roots rapidly sprout from their wounds, which lasts until they @UUID[Compendium.pf2e.actionspf2e.Item.Escape] ([[/act escape dc=20]]{DC 20}).</p>\n<p>@UUID[Compendium.pf2e.equipment-effects.Item.Effect: Arboreal's Revenge (Speed Penalty)]</p><hr /><p><strong>Activate—Arboreal's Grace</strong> <span class=\"action-glyph\">2</span> (manipulate)</p>\n<p><strong>Frequency</strong> once per day</p>\n<p><strong>Effect</strong> You cast @UUID[Compendium.pf2e.spells-srd.Item.Oaken Resilience] from the blunderbuss as a 2nd-rank primal spell. However, the weakness to fire imposed by oaken resilience is cumulative with the weakness to fire imposed by this weapon's curse, for a total of weakness 8 to fire.</p>\n<p>@UUID[Compendium.pf2e.spell-effects.Item.Spell Effect: Oaken Resilience (Arboreal's Revenge)]</p>"
        },
        "group": "firearm",
        "hardness": 0,
        "hp": {
            "max": 0,
            "value": 0
        },
        "level": {
            "value": 6
        },
        "material": {
            "grade": null,
            "type": null
        },
        "price": {
            "value": {}
        },
        "publication": {
            "license": "ORC",
            "remaster": true,
            "title": "Pathfinder Guns & Gears"
        },
        "quantity": 1,
        "range": 40,
        "reload": {
            "value": "1"
        },
        "rules": [
            {
                "key": "FlatModifier",
                "predicate": [
                    "action:disarm"
                ],
                "selector": "reflex",
                "type": "circumstance",
                "value": 4
            },
            {
                "key": "Weakness",
                "type": "fire",
                "value": 5
            }
        ],
        "runes": {
            "potency": 1,
            "property": [],
            "striking": 1
        },
        "size": "med",
        "specific": {
            "material": {
                "grade": null,
                "type": null
            },
            "runes": {
                "potency": 1,
                "property": [],
                "striking": 1
            }
        },
        "splashDamage": {
            "value": 0
        },
        "traits": {
            "rarity": "rare",
            "value": [
                "concussive",
                "cursed",
                "magical",
                "scatter-10"
            ]
        },
        "usage": {
            "value": "held-in-two-hands"
        }
    },
    "type": "weapon"
}
