{
    "_id": "6qqsyhVHPo8LQH8Z",
    "img": "icons/weapons/staves/staff-nature-spiral.webp",
    "name": "Arboreal Staff",
    "system": {
        "baseItem": "staff",
        "bonus": {
            "value": 0
        },
        "bonusDamage": {
            "value": 0
        },
        "bulk": {
            "value": 1
        },
        "category": "simple",
        "containerId": null,
        "damage": {
            "damageType": "bludgeoning",
            "dice": 1,
            "die": "d4"
        },
        "description": {
            "value": "<p><strong>Perception</strong> [[/r 1d20+25]]{+25}; precise vision (low-light) 60 feet, imprecise hearing 30 feet, imprecise tremorsense 30 feet (only when touching the ground)</p>\n<p><strong>Communication</strong> speech (Arboreal, Common, Sylvan; speak with plants)</p>\n<p><strong>Skills</strong> Diplomacy [[/r 1d20+22]]{+22}, Forest Lore [[/r 1d20+25]]{+25}, Nature [[/r 1d20+25]]{+25}</p>\n<p><strong>Int</strong> +4, <strong>Wis</strong> +6, <strong>Cha</strong> +4</p>\n<p><strong>Will</strong> [[/r 1d20+27]]{+27}</p>\n<hr />\n<p>Rather than passing on when they feel their death approaching, a rare few elderly arboreals undergo a ritual of preservation. This rite fuses the arboreal's consciousness into a branch, allowing their spirit to live on within the object. The branch functions as a greater verdant staff, though the arboreal spirit allows only partners willing to safeguard nature to use the staff's spells. An arboreal who decides to become an arboreal staff is more connected to shorter-lived species than others of their kind. Most choose to endure to share their knowledge with future generations, but they take a long view in ways that can be frustrating to their wielders.</p>\n<p>In addition to the activation and spells of a greater verdant staff, an arboreal staff can cast the spells it holds as if it were the staff's wielder, though it usually does so only to benefit a partner. The staff also has @UUID[Compendium.pf2e.spells-srd.Item.Earthbind] available as a 3rd-rank spell.</p>\n<p><strong>Activate</strong> Cast a Spell</p>\n<hr />\n<p><strong>Effect</strong> You expend a number of charges from the staff to cast a spell from its list.</p>\n<ul>\n<li><strong>Cantrips</strong> @UUID[Compendium.pf2e.spells-srd.Item.Tangle Vine]</li>\n<li><strong>1st</strong> @UUID[Compendium.pf2e.spells-srd.Item.Shillelagh] (can target the arboreal staff)</li>\n<li><strong>2nd</strong> @UUID[Compendium.pf2e.spells-srd.Item.Oaken Resilience], @UUID[Compendium.pf2e.spells-srd.Item.Entangling Flora], @UUID[Compendium.pf2e.spells-srd.Item.Shape Wood], @UUID[Compendium.pf2e.spells-srd.Item.One with Plants]</li>\n<li><strong>3rd</strong> @UUID[Compendium.pf2e.spells-srd.Item.Wall of Thorns], @UUID[Compendium.pf2e.spells-srd.Item.Earthbind]</li>\n<li><strong>4th</strong> @UUID[Compendium.pf2e.spells-srd.Item.Oaken Resilience], @UUID[Compendium.pf2e.spells-srd.Item.Speak with Plants]</li>\n<li><strong>5th</strong> @UUID[Compendium.pf2e.spells-srd.Item.Plant Form], @UUID[Compendium.pf2e.spells-srd.Item.Wall of Thorns]</li>\n</ul>\n<p><strong>Craft Requirements</strong> Supply one casting of all listed levels of all listed spells.</p>"
        },
        "group": "club",
        "hardness": 0,
        "hp": {
            "max": 0,
            "value": 0
        },
        "level": {
            "value": 12
        },
        "material": {
            "grade": null,
            "type": null
        },
        "price": {
            "value": {
                "gp": 1750
            }
        },
        "publication": {
            "license": "OGL",
            "remaster": false,
            "title": "Pathfinder Treasure Vault"
        },
        "quantity": 1,
        "range": null,
        "reload": {
            "value": ""
        },
        "rules": [
            {
                "key": "FlatModifier",
                "predicate": [
                    {
                        "or": [
                            "target:trait:plant",
                            "target:trait:fungus"
                        ]
                    },
                    {
                        "or": [
                            "action:recall-knowledge",
                            "action:identify"
                        ]
                    }
                ],
                "selector": "skill-check",
                "type": "circumstance",
                "value": 2
            }
        ],
        "runes": {
            "potency": 0,
            "property": [],
            "striking": 0
        },
        "size": "med",
        "splashDamage": {
            "value": 0
        },
        "traits": {
            "rarity": "rare",
            "value": [
                "intelligent",
                "magical",
                "primal",
                "staff",
                "two-hand-d8"
            ]
        },
        "usage": {
            "value": "held-in-one-hand"
        }
    },
    "type": "weapon"
}
