{
    "_id": "amJW9azNUSJLmWGP",
    "img": "icons/equipment/feet/boots-collared-green.webp",
    "name": "Arboreal Boots",
    "system": {
        "baseItem": null,
        "bulk": {
            "value": 0.1
        },
        "containerId": null,
        "description": {
            "value": "<p>These soft leather boots are embossed with simple woodland scenes. The boots grant a +1 item bonus to Acrobatics and allow you to ignore difficult terrain from plants and fungi.</p>"
        },
        "hardness": 0,
        "hp": {
            "max": 0,
            "value": 0
        },
        "level": {
            "value": 5
        },
        "material": {
            "grade": null,
            "type": null
        },
        "price": {
            "value": {
                "gp": 160
            }
        },
        "publication": {
            "license": "ORC",
            "remaster": true,
            "title": "Pathfinder GM Core"
        },
        "quantity": 1,
        "rules": [
            {
                "key": "FlatModifier",
                "selector": "acrobatics",
                "type": "item",
                "value": 1
            }
        ],
        "size": "med",
        "traits": {
            "rarity": "common",
            "value": [
                "invested",
                "primal"
            ]
        },
        "usage": {
            "value": "wornshoes"
        }
    },
    "type": "equipment"
}
