{
    "_id": "rRAx62TLPTZSiaLD",
    "img": "icons/equipment/feet/boots-collared-green.webp",
    "name": "Arboreal Boots (Greater)",
    "system": {
        "baseItem": null,
        "bulk": {
            "value": 0.1
        },
        "containerId": null,
        "description": {
            "value": "<p>These soft leather boots are embossed with simple woodland scenes. The boots grant a +2 item bonus to Acrobatics and allow you to ignore difficult terrain from plants and fungi.</p>\n<p>You also gain a 10-foot climb Speed while climbing plants or fungi and don't need to use your hands to Climb them.</p>"
        },
        "hardness": 0,
        "hp": {
            "max": 0,
            "value": 0
        },
        "level": {
            "value": 9
        },
        "material": {
            "grade": null,
            "type": null
        },
        "price": {
            "value": {
                "gp": 700
            }
        },
        "publication": {
            "license": "ORC",
            "remaster": true,
            "title": "Pathfinder GM Core"
        },
        "quantity": 1,
        "rules": [
            {
                "key": "FlatModifier",
                "selector": "acrobatics",
                "type": "item",
                "value": 2
            }
        ],
        "size": "med",
        "traits": {
            "rarity": "common",
            "value": [
                "invested",
                "primal"
            ]
        },
        "usage": {
            "value": "wornshoes"
        }
    },
    "type": "equipment"
}
