{
    "_id": "vxBcsWCjWd6DZ0Jz",
    "img": "icons/sundries/scrolls/scroll-bound-grey-tan.webp",
    "name": "Arcane Scroll Case of Simplicity",
    "system": {
        "baseItem": null,
        "bulk": {
            "value": 0
        },
        "containerId": null,
        "description": {
            "value": "<p>The four different types of <em>scroll cases of simplicity</em> often bear adornments appropriate to their magical tradition, such as angelic wings or otherworldly lettering. On the inside, intricate runic diagrams spiral out to surround the scroll stored within. A scroll placed within the case can be converted into energy to cast consistently useful spells depending on its type. You must be able to cast spells of a given tradition to use a <em>scroll case of simplicity</em> of a corresponding type.</p>\n<p><strong>Activate</strong> <span class=\"action-glyph\">A</span> Interact</p>\n<p><strong>Requirements</strong> The scroll case contains a single scroll of a 1st-rank spell</p>\n<hr />\n<p><strong>Effect</strong> You transfer the scroll's energy into the scroll case, consuming the scroll, and you can immediately begin casting one of the scroll case's spells. If you use any action other than to Cast a Spell from the scroll case after activating the <em>scroll case of simplicity</em>, the scroll and its energy are lost.</p>\n<p>The scroll case can be used to cast @UUID[Compendium.pf2e.spells-srd.Item.Alarm] or @UUID[Compendium.pf2e.spells-srd.Item.Phantasmal Minion]</p>"
        },
        "hardness": 0,
        "hp": {
            "max": 0,
            "value": 0
        },
        "level": {
            "value": 4
        },
        "material": {
            "grade": null,
            "type": null
        },
        "price": {
            "value": {
                "gp": 100
            }
        },
        "publication": {
            "license": "OGL",
            "remaster": false,
            "title": "Pathfinder Lost Omens Character Guide"
        },
        "quantity": 1,
        "rules": [],
        "size": "med",
        "traits": {
            "rarity": "uncommon",
            "value": [
                "invested",
                "magical"
            ]
        },
        "usage": {
            "value": "held-in-one-hand"
        }
    },
    "type": "equipment"
}
