{
    "_id": "hyMbJb2MRF5beIaU",
    "img": "systems/pf2e/icons/equipment/worn-items/other-worn-items/wayfinder.webp",
    "name": "Archaic Wayfinder",
    "system": {
        "baseItem": null,
        "bulk": {
            "value": 0
        },
        "containerId": null,
        "description": {
            "value": "<p><strong>Activate</strong> Cast a Spell</p>\n<p>An <em>archaic wayfinder</em> functions as a compass and acts as a repository for one cantrip cast into it. To fill an <em>archaic wayfinder</em>, a spellcaster casts the chosen cantrip into the empty device, providing any necessary cost; the spell cannot be one that is normally cast as a free action or reaction.</p>\n<p>Activating an <em>archaic wayfinder</em> is the same as the casting for the relevant spell. Once it has been activated, it becomes empty again. An <em>archaic wayfinder</em> can hold an aeon stone and activate its resonant power. An archaic wayfinder counts against the limit of one wayfinder with a slotted resonant aeon stone.</p>"
        },
        "hardness": 0,
        "hp": {
            "max": 0,
            "value": 0
        },
        "level": {
            "value": 2
        },
        "material": {
            "grade": null,
            "type": null
        },
        "price": {
            "value": {
                "gp": 30
            }
        },
        "publication": {
            "license": "OGL",
            "remaster": false,
            "title": "Pathfinder Lost Omens World Guide"
        },
        "quantity": 1,
        "rules": [
            {
                "key": "AdjustModifier",
                "requiresEquipped": false,
                "selector": "survival",
                "slug": "no-compass",
                "suppress": true
            }
        ],
        "size": "med",
        "traits": {
            "rarity": "uncommon",
            "value": [
                "invested",
                "magical"
            ]
        },
        "usage": {
            "value": "held-in-one-hand"
        }
    },
    "type": "equipment"
}
