{
    "_id": "Kx1Se9u0LU1ZS5R1",
    "img": "icons/sundries/books/book-tooled-silver-blue.webp",
    "name": "Architect's Pattern Book",
    "system": {
        "baseItem": null,
        "bulk": {
            "value": 0.1
        },
        "containerId": null,
        "description": {
            "value": "<p>Typically created by wizards who are hobbyists or professional architects, an architect's pattern book allows the caster to customize certain spells that create magical structures or domiciles, adding recreational areas such as an indoor bathhouse, gaming room, swimming pool, or similar luxury.</p>\n<p><strong>Activate</strong> <span class=\"action-glyph\">F</span> envision (spellshape)</p>\n<p><strong>Frequency</strong> once per week</p>\n<hr />\n<p><strong>Effect</strong> If your next action is to cast a @UUID[Compendium.pf2e.spells-srd.Item.Cozy Cabin], @UUID[Compendium.pf2e.spells-srd.Item.Planar Palace], or @UUID[Compendium.pf2e.spells-srd.Item.Resplendent Mansion] spell, you add a room to the structure that is up to 10 feet per side per rank of the spell. This room is outfitted with all the accoutrements for a particular type of recreation, determined by you when you cast the spell. Any character who spends at least 1 hour using this recreational facility and then sleeps a full 8 hours inside the location created by the spell is exceptionally well-rested. They regain double the amount of Hit Points they would normally receive for an 8-hour rest, and when they make the next day's preparations, they gain a +1 circumstance bonus to Athletics checks and Will saves for the next 12 hours.</p>\n<p>@UUID[Compendium.pf2e.equipment-effects.Item.Effect: Architect's Pattern Book]</p>"
        },
        "hardness": 0,
        "hp": {
            "max": 0,
            "value": 0
        },
        "level": {
            "value": 6
        },
        "material": {
            "grade": null,
            "type": null
        },
        "price": {
            "value": {
                "gp": 240
            }
        },
        "publication": {
            "license": "OGL",
            "remaster": false,
            "title": "Pathfinder Treasure Vault"
        },
        "quantity": 1,
        "rules": [],
        "size": "med",
        "traits": {
            "rarity": "uncommon",
            "value": [
                "grimoire",
                "magical"
            ]
        },
        "usage": {
            "value": "held-in-one-hand"
        }
    },
    "type": "equipment"
}
