{
    "_id": "PuEe7jnw2dTL3POp",
    "img": "icons/equipment/shield/targe-steel-blue.webp",
    "name": "Arctic Worm Chitin Shield",
    "system": {
        "acBonus": 2,
        "baseItem": "tower-shield",
        "bulk": {
            "value": 4
        },
        "containerId": null,
        "description": {
            "value": "<p>This tower shield is crafted from interlocking sections of an arctic cave worm's chitin that are rimed with constant frost. It has Hardness 13, HP 104, and BT 52.</p><hr /><p><strong>Activate—Misty Chill</strong> <span class=\"action-glyph\">1</span> (cold, concentrate, manipulate)</p>\n<p><strong>Effect</strong> You Raise the Shield and an icy mist begins to flow off it. Until the beginning of your next turn, you gain resistance 5 to cold and any creature that ends its turn adjacent to you takes @Damage[3d6[cold]] damage (@Check[reflex|dc:29|basic] save).</p>\n<p>@UUID[Compendium.pf2e.equipment-effects.Item.Effect: Misty Chill]</p><hr /><p><strong>Craft Requirements</strong> The initial raw materials must include chitin from an arctic cave worm.</p>"
        },
        "hardness": 13,
        "hp": {
            "max": 104,
            "value": 104
        },
        "level": {
            "value": 12
        },
        "material": {
            "grade": null,
            "type": null
        },
        "price": {
            "value": {
                "gp": 1800
            }
        },
        "publication": {
            "license": "ORC",
            "remaster": true,
            "title": "Pathfinder Howl of the Wild"
        },
        "quantity": 1,
        "rules": [],
        "runes": {
            "reinforcing": null
        },
        "size": "med",
        "specific": {
            "integrated": null,
            "material": {
                "grade": null,
                "type": null
            },
            "runes": {
                "reinforcing": 0
            }
        },
        "speedPenalty": -5,
        "traits": {
            "integrated": null,
            "rarity": "uncommon",
            "value": [
                "invested",
                "magical"
            ]
        }
    },
    "type": "shield"
}
