{
    "_id": "nowjVXddPXr6fMnR",
    "img": "systems/pf2e/icons/equipment/tattoos/arctic-vigor.webp",
    "name": "Arctic Vigor",
    "system": {
        "baseItem": null,
        "bulk": {
            "value": 0
        },
        "containerId": null,
        "description": {
            "value": "<p>This tattoo takes the shape of the face of a roaring polar bear with piercing, ice-blue eyes. You don't take damage from extreme cold or severe cold.</p>\n<hr />\n<p><strong>Activate</strong> <span class=\"action-glyph\">2</span> command</p>\n<p><strong>Frequency</strong> once per day</p>\n<hr />\n<p><strong>Effect</strong> You call forth a blast of polar wind in a @Template[burst|distance:10] within a range of 30 feet that deals @Damage[7d6[cold]|options:area-damage] damage. All creatures in the area must attempt a @Check[fortitude|dc:27|basic|name:Tattoo Polar Blast|showDC:all|options:area-effect] save.</p>"
        },
        "hardness": 0,
        "hp": {
            "max": 0,
            "value": 0
        },
        "level": {
            "value": 10
        },
        "material": {
            "grade": null,
            "type": null
        },
        "price": {
            "value": {
                "gp": 900
            }
        },
        "publication": {
            "license": "OGL",
            "remaster": false,
            "title": "Pathfinder Lost Omens The Grand Bazaar"
        },
        "quantity": 1,
        "rules": [],
        "size": "med",
        "traits": {
            "rarity": "uncommon",
            "value": [
                "cold",
                "invested",
                "magical",
                "tattoo"
            ]
        },
        "usage": {
            "value": "tattooed-on-the-body"
        }
    },
    "type": "equipment"
}
