{
    "_id": "dxRKFkFeCDQLLEyT",
    "img": "icons/equipment/finger/ring-band-engraved-scrolls-grey.webp",
    "name": "Armbands of the Gorgon",
    "system": {
        "apex": {
            "attribute": "con"
        },
        "baseItem": null,
        "bulk": {
            "value": 0.1
        },
        "containerId": null,
        "description": {
            "value": "<p>Each of these shining, bluish-gray metal armbands is adorned with the plated visage of a gorgon's head. When targeted by a spell or effect with the incapacitation effect, you treat the result of your save as if it were one degree of success better, and the result of any check made to inflict such an effect on you as one degree of success worse (as if you were more than twice the rank of the spell or effect targeting you). When you invest the armbands, you either increase your Constitution score by 2 or increase it to 18, whichever is higher.</p>\n<p><strong>Activate</strong> <span class=\"action-glyph\">1</span> Interact</p>\n<p><strong>Frequency</strong> once per day</p>\n<hr />\n<p><strong>Effect</strong> You clap the bracers together and remove a single condition of your choice currently afflicting you. If the condition is permanent, it's instead suppressed for 1 hour.</p>"
        },
        "hardness": 0,
        "hp": {
            "max": 0,
            "value": 0
        },
        "level": {
            "value": 17
        },
        "material": {
            "grade": null,
            "type": null
        },
        "price": {
            "value": {
                "gp": 15000
            }
        },
        "publication": {
            "license": "OGL",
            "remaster": false,
            "title": "Pathfinder Treasure Vault"
        },
        "quantity": 1,
        "rules": [
            {
                "adjustment": {
                    "success": "one-degree-better"
                },
                "key": "AdjustDegreeOfSuccess",
                "predicate": [
                    "incapacitation"
                ],
                "selector": "saving-throw",
                "type": "save"
            }
        ],
        "size": "med",
        "traits": {
            "rarity": "common",
            "value": [
                "apex",
                "invested",
                "magical"
            ]
        },
        "usage": {
            "value": "wornarmbands"
        }
    },
    "type": "equipment"
}
