{
    "_id": "wI4Tj8bNwpZHequC",
    "img": "icons/equipment/wrist/bracer-studded-leather-steel.webp",
    "name": "Armbands of Athleticism",
    "system": {
        "baseItem": null,
        "bulk": {
            "value": 0.1
        },
        "containerId": null,
        "description": {
            "value": "<p>Skilled awl work has imprinted images of a muscled weightlifter into these tiered leather bands, which grant you enhanced stamina and skill when performing athletic exercises.</p>\n<p>While fastened to your upper arms, the armbands give you a +2 item bonus to Athletics checks.</p>\n<p>In addition, whenever you use an action to Climb or Swim and you succeed at the Athletics check, add a +5-foot item bonus to the distance you move.</p>"
        },
        "hardness": 0,
        "hp": {
            "max": 0,
            "value": 0
        },
        "level": {
            "value": 9
        },
        "material": {
            "grade": null,
            "type": null
        },
        "price": {
            "value": {
                "gp": 645
            }
        },
        "publication": {
            "license": "ORC",
            "remaster": true,
            "title": "Pathfinder GM Core"
        },
        "quantity": 1,
        "rules": [
            {
                "key": "FlatModifier",
                "selector": "athletics",
                "type": "item",
                "value": 2
            },
            {
                "key": "Note",
                "outcome": [
                    "success",
                    "criticalSuccess"
                ],
                "predicate": [
                    {
                        "or": [
                            "action:climb",
                            "action:swim"
                        ]
                    }
                ],
                "selector": "athletics",
                "text": "PF2E.SpecificRule.Equipment.ArmbandsOfAthleticism.Note",
                "title": "{item|name}"
            }
        ],
        "size": "med",
        "traits": {
            "rarity": "common",
            "value": [
                "invested",
                "magical"
            ]
        },
        "usage": {
            "value": "wornarmbands"
        }
    },
    "type": "equipment"
}
