{
    "_id": "nLhb0w0DbtUC6weH",
    "img": "systems/pf2e/icons/equipment/armor/specific-magic-armor/armor-of-the-holy-warrior.webp",
    "name": "Armor of the Holy Warrior",
    "system": {
        "acBonus": 5,
        "baseItem": "half-plate",
        "bulk": {
            "value": 2
        },
        "category": "heavy",
        "checkPenalty": -3,
        "containerId": null,
        "description": {
            "value": "<p>Based on the armors used by the holy warriors who served under General Arnisant in the Shining Crusade, this well-polished <em>+2 greater resilient half plate</em> is decorated with religious motifs and carved with sacred scripture. While wearing armor of the holy warrior, your item bonus from the <em>greater resilient rune</em> increases from +2 to +3; if you upgrade to a <em>major resilient rune</em>, the item bonus instead increases from +3 to +4. An undead that critically fails an unarmed attack against you while you wear this armor takes 1d6 vitality damage.</p>\n<p>If you are evil, you're @UUID[Compendium.pf2e.conditionitems.Item.Enfeebled]{Enfeebled 2} while wearing the armor. If you're undead, you also take @Damage[2d6[vitality]] damage each round that you wear the armor.</p>\n<hr />\n<p><strong>Activate</strong> <span class=\"action-glyph\">3</span> command, envision, Interact</p>\n<p><strong>Frequency</strong> once per day</p>\n<hr />\n<p><strong>Effect</strong> The armor casts the three-action version of a 6th-rank @UUID[Compendium.pf2e.spells-srd.Item.Heal] spell.</p>"
        },
        "dexCap": 1,
        "group": "plate",
        "hardness": 0,
        "hp": {
            "max": 0,
            "value": 0
        },
        "level": {
            "value": 16
        },
        "material": {
            "grade": null,
            "type": null
        },
        "price": {
            "value": {
                "gp": 9000
            }
        },
        "publication": {
            "license": "OGL",
            "remaster": false,
            "title": "Pathfinder Lost Omens Knights of Lastwall"
        },
        "quantity": 1,
        "rules": [
            {
                "key": "FlatModifier",
                "selector": "saving-throw",
                "value": 1
            }
        ],
        "runes": {
            "potency": 2,
            "property": [],
            "resilient": 2
        },
        "size": "med",
        "specific": {
            "material": {
                "grade": null,
                "type": null
            },
            "runes": {
                "potency": 2,
                "property": [],
                "resilient": 2
            }
        },
        "speedPenalty": -10,
        "strength": 3,
        "traits": {
            "rarity": "rare",
            "value": [
                "divine",
                "good",
                "invested",
                "magical"
            ]
        }
    },
    "type": "armor"
}
