{
    "_id": "6ELjUFY0sEJ7nZlZ",
    "img": "systems/pf2e/icons/equipment/runes/fundamental-armor-runes/armor-potency.webp",
    "name": "Armor Potency (+3)",
    "system": {
        "baseItem": null,
        "bulk": {
            "value": 0
        },
        "containerId": null,
        "description": {
            "value": "<p>Magic wards deflect attacks. Increase the armor's item bonus to AC by 3. The armor can be etched with three property runes.</p>\n<p>You can upgrade the <em>armor potency</em> rune already etched on a suit of armor using the normal process for upgrading items and runes.</p>\n<p><strong>Craft Requirements</strong> You are an legendary in Crafting.</p>"
        },
        "hardness": 0,
        "hp": {
            "max": 0,
            "value": 0
        },
        "level": {
            "value": 18
        },
        "material": {
            "grade": null,
            "type": null
        },
        "price": {
            "value": {
                "gp": 20560
            }
        },
        "publication": {
            "license": "ORC",
            "remaster": true,
            "title": "Pathfinder GM Core"
        },
        "quantity": 1,
        "rules": [],
        "size": "med",
        "traits": {
            "rarity": "common",
            "value": [
                "magical"
            ]
        },
        "usage": {
            "value": "etched-onto-armor"
        }
    },
    "type": "equipment"
}
