{
    "_id": "mkMWda6ivlhnXq4d",
    "img": "icons/equipment/chest/breastplate-banded-simple-leather-brown.webp",
    "name": "Armored Coat",
    "system": {
        "acBonus": 2,
        "baseItem": "armored-coat",
        "bulk": {
            "value": 2
        },
        "category": "light",
        "checkPenalty": -1,
        "containerId": null,
        "description": {
            "value": "<p>A custom, lightweight mail is fitted within the lining of a coat or similar apparel, physically hiding the armor while maintaining the wearer's fashion. While not nearly as protective as heavier armors, the armored coat allows the wearer to blend in more aesthetically during civilian functions. Like other suits of armor, the armored coat is custom-fitted to an individual's body type, ensuring comfort without sacrificing its defensive capabilities.</p>"
        },
        "dexCap": 2,
        "group": "leather",
        "hardness": 0,
        "hp": {
            "max": 0,
            "value": 0
        },
        "level": {
            "value": 0
        },
        "material": {
            "grade": null,
            "type": null
        },
        "price": {
            "value": {
                "gp": 20
            }
        },
        "publication": {
            "license": "OGL",
            "remaster": false,
            "title": "Pathfinder Lost Omens Knights of Lastwall"
        },
        "quantity": 1,
        "rules": [],
        "runes": {
            "potency": 0,
            "property": [],
            "resilient": 0
        },
        "size": "med",
        "speedPenalty": 0,
        "strength": 2,
        "traits": {
            "rarity": "uncommon",
            "value": [
                "comfort",
                "flexible"
            ]
        }
    },
    "type": "armor"
}
