{
    "_id": "bkbL0YitEh46Ne0f",
    "img": "icons/equipment/leg/tasset-reticulated-steel-gold.webp",
    "name": "Armored Skirt",
    "system": {
        "baseItem": null,
        "bulk": {
            "value": 1
        },
        "containerId": null,
        "description": {
            "value": "<p>These armor-plated skirts, which are also known as armored kilts, are favored by Knights of Lastwall for their versatility and aesthetic appeal. An armored skirt can be donned with 2 Interact actions when it's worn with light or medium armor, or as part of donning heavy armor.</p>\n<p>When worn with a breastplate, chain shirt, chain mail, or scale mail, an armored skirt increases the armor's item bonus to AC by 1, worsens the armor's check penalty by 1, reduces the armor's Dex cap by 1, increases the Strength score required to ignore the check penalty and reduce the Speed penalty by 2, and adds the noisy trait. This also makes the armor one step heavier (from light to medium, or medium to heavy), and you use the proficiency bonus appropriate to this adjusted armor type.</p>\n<p>Alternatively, when wearing an armored skirt to replace appropriate portions of a set of half plate or full plate, reduce the armor's item bonus to AC by 1, lessen the check penalty by 1, decrease the Strength score required to ignore the check penalty and reduce the Speed penalty by 2, increase the armor's Dex cap by 1, and add the noisy trait to the armor. An armored skirt grants no benefit when worn by itself or with armors other than those listed here.</p>"
        },
        "hardness": 0,
        "hp": {
            "max": 0,
            "value": 0
        },
        "level": {
            "value": 0
        },
        "material": {
            "grade": null,
            "type": null
        },
        "price": {
            "value": {
                "gp": 2
            }
        },
        "publication": {
            "license": "OGL",
            "remaster": false,
            "title": "Pathfinder Lost Omens Character Guide"
        },
        "quantity": 1,
        "rules": [
            {
                "itemType": "armor",
                "key": "ItemAlteration",
                "mode": "add",
                "predicate": [
                    "item:equipped",
                    {
                        "or": [
                            "armor:base:breastplate",
                            "armor:base:chain-mail",
                            "armor:base:chain-shirt",
                            "armor:base:scale-mail"
                        ]
                    }
                ],
                "property": "ac-bonus",
                "value": 1
            },
            {
                "itemType": "armor",
                "key": "ItemAlteration",
                "mode": "subtract",
                "predicate": [
                    "item:equipped",
                    {
                        "or": [
                            "armor:base:breastplate",
                            "armor:base:chain-mail",
                            "armor:base:chain-shirt",
                            "armor:base:scale-mail"
                        ]
                    }
                ],
                "property": "check-penalty",
                "value": 1
            },
            {
                "itemType": "armor",
                "key": "ItemAlteration",
                "mode": "subtract",
                "predicate": [
                    "item:equipped",
                    {
                        "or": [
                            "armor:base:breastplate",
                            "armor:base:chain-mail",
                            "armor:base:chain-shirt",
                            "armor:base:scale-mail"
                        ]
                    }
                ],
                "property": "dex-cap",
                "value": 1
            },
            {
                "itemType": "armor",
                "key": "ItemAlteration",
                "mode": "add",
                "predicate": [
                    "item:equipped",
                    {
                        "or": [
                            "armor:base:breastplate",
                            "armor:base:chain-mail",
                            "armor:base:chain-shirt",
                            "armor:base:scale-mail"
                        ]
                    }
                ],
                "property": "strength",
                "value": 1
            },
            {
                "itemType": "armor",
                "key": "ItemAlteration",
                "mode": "add",
                "predicate": [
                    "item:equipped",
                    {
                        "or": [
                            "armor:base:breastplate",
                            "armor:base:chain-mail",
                            "armor:base:chain-shirt",
                            "armor:base:full-plate",
                            "armor:base:half-plate",
                            "armor:base:scale-mail"
                        ]
                    }
                ],
                "property": "traits",
                "value": "noisy"
            },
            {
                "itemType": "armor",
                "key": "ItemAlteration",
                "mode": "override",
                "predicate": [
                    "item:equipped",
                    "armor:base:chain-shirt"
                ],
                "property": "category",
                "value": "medium"
            },
            {
                "itemType": "armor",
                "key": "ItemAlteration",
                "mode": "override",
                "predicate": [
                    "item:equipped",
                    {
                        "or": [
                            "armor:base:breastplate",
                            "armor:base:chain-mail",
                            "armor:base:scale-mail"
                        ]
                    }
                ],
                "property": "category",
                "value": "heavy"
            },
            {
                "itemType": "armor",
                "key": "ItemAlteration",
                "mode": "subtract",
                "predicate": [
                    "item:equipped",
                    {
                        "or": [
                            "armor:base:full-plate",
                            "armor:base:half-plate"
                        ]
                    }
                ],
                "property": "ac-bonus",
                "value": 1
            },
            {
                "itemType": "armor",
                "key": "ItemAlteration",
                "mode": "add",
                "predicate": [
                    "item:equipped",
                    {
                        "or": [
                            "armor:base:full-plate",
                            "armor:base:half-plate"
                        ]
                    }
                ],
                "property": "check-penalty",
                "value": 1
            },
            {
                "itemType": "armor",
                "key": "ItemAlteration",
                "mode": "subtract",
                "predicate": [
                    "item:equipped",
                    {
                        "or": [
                            "armor:base:full-plate",
                            "armor:base:half-plate"
                        ]
                    }
                ],
                "property": "strength",
                "value": 1
            },
            {
                "itemType": "armor",
                "key": "ItemAlteration",
                "mode": "add",
                "predicate": [
                    "item:equipped",
                    {
                        "or": [
                            "armor:base:full-plate",
                            "armor:base:half-plate"
                        ]
                    }
                ],
                "property": "dex-cap",
                "value": 1
            }
        ],
        "size": "med",
        "traits": {
            "rarity": "common",
            "value": []
        },
        "usage": {
            "value": "worn"
        }
    },
    "type": "equipment"
}
