{
    "_id": "bz052lqiBuGmD790",
    "img": "icons/equipment/wrist/bracer-armored-steel-worn.webp",
    "name": "Armory Bracelet (Major)",
    "system": {
        "baseItem": null,
        "bulk": {
            "value": 0
        },
        "containerId": null,
        "description": {
            "value": "<p>Several small charms shaped like weapons hang from an <em>armory bracelet</em>, which is often brass. The bracelet has one charm each for the groups bow, brawling, club, dart, flail, hammer, knife, pick, polearm, shield, sling, spear, and sword. Rare versions of the armory bracelet include charms for firearms.</p>\n<p><strong>Activate</strong> <span class=\"action-glyph\">2</span> envision, Interact</p>\n<p><strong>Frequency</strong> once per day</p>\n<hr />\n<p><strong>Effect</strong> You pull one charm from the bracelet. The charm transforms into a weapon of your choice from the charm's weapon group. If the weapon requires ammunition, it appears with a quiver or pouch with 20 pieces of ammunition for the weapon. The weapon is a <em>+3 greater striking</em> weapon of the type you chose. After 1 minute, the weapon transforms into a <em>+2 greater striking</em> weapon and remains until your next daily preparations. At that point, the weapon and any remaining ammunition crumble to dust and all the charms reappear on the bracelet. The weapon and ammunition created with the charm are noticeably different from others and can't be sold.</p>"
        },
        "hardness": 0,
        "hp": {
            "max": 0,
            "value": 0
        },
        "level": {
            "value": 15
        },
        "material": {
            "grade": null,
            "type": null
        },
        "price": {
            "value": {
                "gp": 6000
            }
        },
        "publication": {
            "license": "OGL",
            "remaster": false,
            "title": "Pathfinder Treasure Vault"
        },
        "quantity": 1,
        "rules": [],
        "size": "med",
        "traits": {
            "rarity": "common",
            "value": [
                "invested",
                "magical"
            ]
        },
        "usage": {
            "value": "worn"
        }
    },
    "type": "equipment"
}
