{
    "_id": "HuC6uonXt6YXePjb",
    "img": "icons/containers/bags/satchel-leather-embossed-tan.webp",
    "name": "Armor Latches",
    "system": {
        "baseItem": null,
        "bulk": {
            "value": 0
        },
        "containerId": null,
        "description": {
            "value": "<p>This armor is easily doffed. A set of armor with armor latches gains the noisy trait; you can't add latches to armor that already possesses the noisy trait. You can remove a set of armor with armor latches with a 3-action activity, which has the manipulate trait. This doesn't affect the time it takes to don the armor.</p>"
        },
        "hardness": 0,
        "hp": {
            "max": 0,
            "value": 0
        },
        "level": {
            "value": 1
        },
        "material": {
            "grade": null,
            "type": null
        },
        "price": {
            "value": {
                "gp": 4
            }
        },
        "publication": {
            "license": "OGL",
            "remaster": false,
            "title": "Pathfinder Treasure Vault"
        },
        "quantity": 1,
        "rules": [],
        "size": "med",
        "traits": {
            "rarity": "common",
            "value": [
                "adjustment"
            ]
        },
        "usage": {
            "value": "applied-to-armor"
        }
    },
    "type": "equipment"
}
