{
    "_id": "CbZ72wdo1jiWLXeY",
    "img": "icons/commodities/metal/ingot-silver.webp",
    "name": "Armor Polishing Kit",
    "system": {
        "baseItem": null,
        "bulk": {
            "value": 0.1
        },
        "category": "other",
        "containerId": null,
        "damage": null,
        "description": {
            "value": "<p><strong>Activate</strong> 10 minutes (Interact)</p>\n<hr />\n<p>This kit can be used to clean and polish armor. Creatures wearing armor that has been maintained by this kit gain a +1 circumstance bonus on Diplomacy checks to @UUID[Compendium.pf2e.actionspf2e.Item.Make an Impression] on soldiers, guards, Gorumites, and other martially minded characters. This bonus expires after 24 hours, or if the armor is soiled in some way, such as by walking through a sewer or falling in a mud pit.</p>"
        },
        "hardness": 0,
        "hp": {
            "max": 0,
            "value": 0
        },
        "level": {
            "value": 1
        },
        "material": {
            "grade": null,
            "type": null
        },
        "price": {
            "value": {
                "gp": 4
            }
        },
        "publication": {
            "license": "OGL",
            "remaster": false,
            "title": "Pathfinder Adventure: Rusthenge"
        },
        "quantity": 1,
        "rules": [],
        "size": "med",
        "traits": {
            "rarity": "uncommon",
            "value": [
                "alchemical",
                "consumable"
            ]
        },
        "usage": {
            "value": "held-in-one-hand"
        },
        "uses": {
            "autoDestroy": true,
            "max": 1,
            "value": 1
        }
    },
    "type": "consumable"
}
