{
    "_id": "poHyu9ZhQPudhPPu",
    "img": "systems/pf2e/icons/default-icons/consumable.svg",
    "name": "Aroma Concealer",
    "system": {
        "baseItem": null,
        "bulk": {
            "value": 0.1
        },
        "category": "oil",
        "containerId": null,
        "damage": null,
        "description": {
            "value": "<p><strong>Activate</strong> 1 minute (Interact)</p><hr /><p>This oily mix of herbs and natural detergents can be applied to a creature to reduce and cover any ordinary odors they produce. The creature receives a +2 item bonus to Stealth checks to @UUID[Compendium.pf2e.actionspf2e.Item.Hide] or @UUID[Compendium.pf2e.actionspf2e.Item.Sneak] against creatures using primarily smell. This bonus also applies to the DC to @UUID[Compendium.pf2e.actionspf2e.Item.Track] the creature by scent. The listed amount is enough to cover one Medium or smaller creature and takes 1 minute to apply. The effect lasts for 1 hour after applying.</p>"
        },
        "hardness": 0,
        "hp": {
            "max": 0,
            "value": 0
        },
        "level": {
            "value": 1
        },
        "material": {
            "grade": null,
            "type": null
        },
        "price": {
            "value": {
                "gp": 3
            }
        },
        "publication": {
            "license": "ORC",
            "remaster": true,
            "title": "Pathfinder Howl of the Wild"
        },
        "quantity": 1,
        "rules": [],
        "size": "med",
        "traits": {
            "otherTags": [
                "alchemical-tool"
            ],
            "rarity": "common",
            "value": [
                "alchemical",
                "consumable",
                "oil"
            ]
        },
        "usage": {
            "value": "held-in-two-hands"
        },
        "uses": {
            "autoDestroy": true,
            "max": 1,
            "value": 1
        }
    },
    "type": "consumable"
}
