{
    "_id": "w2ENw2VMPcsbif8g",
    "img": "icons/weapons/ammunition/arrows-broadhead-white.webp",
    "name": "Arrows",
    "system": {
        "baseItem": null,
        "bulk": {
            "value": 0.1
        },
        "category": "ammo",
        "containerId": null,
        "damage": null,
        "description": {
            "value": "<p>These projectiles are the ammunition for bows. The shaft of an arrow is made of wood. It is stabilized in flight by fletching at one end and bears a metal head on the other.</p>"
        },
        "hardness": 0,
        "hp": {
            "max": 0,
            "value": 0
        },
        "level": {
            "value": 0
        },
        "material": {
            "grade": null,
            "type": null
        },
        "price": {
            "per": 10,
            "value": {
                "sp": 1
            }
        },
        "publication": {
            "license": "ORC",
            "remaster": true,
            "title": "Pathfinder Player Core"
        },
        "quantity": 10,
        "rules": [],
        "size": "med",
        "stackGroup": "arrows",
        "traits": {
            "rarity": "common",
            "value": []
        },
        "usage": {
            "value": "held-in-one-hand"
        },
        "uses": {
            "autoDestroy": true,
            "max": 1,
            "value": 1
        }
    },
    "type": "consumable"
}
