{
    "_id": "9ZGkQo739t9utj37",
    "img": "systems/pf2e/icons/equipment/shields/specific-shields/arrow-catching-shield.webp",
    "name": "Arrow-Catching Shield",
    "system": {
        "acBonus": 2,
        "baseItem": "wooden-shield",
        "bulk": {
            "value": 1
        },
        "containerId": null,
        "description": {
            "value": "<p>This wooden shield (Hardness 10, HP 40, BT 20) is carved with images of overlapping fletched arrows.</p>\n<hr />\n<p><strong>Activate</strong> <span class=\"action-glyph\">R</span> Interact</p>\n<p><strong>Trigger</strong> A ranged weapon Strike targets a creature within 15 feet of you when you have this shield raised, and the attacker has not yet rolled their attack</p>\n<hr />\n<p><strong>Effect</strong> The triggering Strike targets you instead of its normal target. If it hits, you gain the effects of the @UUID[Compendium.pf2e.feats-srd.Item.Shield Block] reaction.</p>"
        },
        "hardness": 6,
        "hp": {
            "max": 24,
            "value": 24
        },
        "level": {
            "value": 11
        },
        "material": {
            "grade": null,
            "type": null
        },
        "price": {
            "value": {
                "gp": 1350
            }
        },
        "publication": {
            "license": "OGL",
            "remaster": false,
            "title": "Pathfinder Core Rulebook"
        },
        "quantity": 1,
        "rules": [],
        "runes": {
            "reinforcing": 0
        },
        "size": "med",
        "specific": {
            "integrated": null,
            "material": {
                "grade": null,
                "type": null
            },
            "runes": {
                "reinforcing": 0
            }
        },
        "speedPenalty": 0,
        "traits": {
            "integrated": null,
            "rarity": "common",
            "value": [
                "magical"
            ]
        }
    },
    "type": "shield"
}
