{
    "_id": "OIirLySQDLZgT15S",
    "img": "icons/commodities/materials/bowl-powder-teal.webp",
    "name": "Arsenic",
    "system": {
        "baseItem": null,
        "bulk": {
            "value": 0.1
        },
        "category": "poison",
        "containerId": null,
        "damage": null,
        "description": {
            "value": "<p>This toxin is a compound of arsenic and other substances. You can't reduce your sickened condition while affected.</p>\n<hr />\n<p><strong>Activate</strong> <span class=\"action-glyph\">A</span> (manipulate)</p>\n<p><strong>Saving Throw</strong> @Check[fortitude|dc:18]</p>\n<p><strong>Onset</strong> 10 minutes</p>\n<p><strong>Maximum Duration</strong> 5 minutes</p>\n<p><strong>Stage 1</strong> @Damage[1d4[poison]] damage and @UUID[Compendium.pf2e.conditionitems.Item.Sickened]{Sickened 1} (1 minute)</p>\n<p><strong>Stage 2</strong> @Damage[1d6[poison]] damage and @UUID[Compendium.pf2e.conditionitems.Item.Sickened]{Sickened 2} (1 minute)</p>\n<p><strong>Stage 3</strong> @Damage[1d8[poison]] damage and @UUID[Compendium.pf2e.conditionitems.Item.Sickened]{Sickened 3} (1 minute)</p>"
        },
        "hardness": 0,
        "hp": {
            "max": 0,
            "value": 0
        },
        "level": {
            "value": 1
        },
        "material": {
            "grade": null,
            "type": null
        },
        "price": {
            "value": {
                "gp": 3
            }
        },
        "publication": {
            "license": "ORC",
            "remaster": true,
            "title": "Pathfinder GM Core"
        },
        "quantity": 1,
        "rules": [],
        "size": "med",
        "traits": {
            "rarity": "common",
            "value": [
                "alchemical",
                "consumable",
                "ingested",
                "poison"
            ]
        },
        "usage": {
            "value": "held-in-one-hand"
        },
        "uses": {
            "autoDestroy": true,
            "max": 1,
            "value": 1
        }
    },
    "type": "consumable"
}
