{
    "_id": "Y7VAygKtMnE6HaXJ",
    "img": "systems/pf2e/icons/default-icons/consumable.svg",
    "name": "Artevil Suspension",
    "system": {
        "baseItem": null,
        "bulk": {
            "value": 0.1
        },
        "category": "other",
        "containerId": null,
        "damage": null,
        "description": {
            "value": "<p><strong>Activate</strong> @UUID[Compendium.pf2e.actionspf2e.Item.Treat Poison]</p>\n<hr />\n<p>This dried herb is known for its ability to draw toxins from the body, albeit violently. You can administer the suspension orally, Activating the item as part of the same activity you use to Treat Poison. If you succeed at your Medicine check to Treat Poison against an ingested poison, you can reduce the stage of the toxin by one stage, though this can't reduce the stage below stage 1 or cure the poison entirely. If you do, the creature becomes @UUID[Compendium.pf2e.conditionitems.Item.Sickened]{Sickened 2} as its body purges the toxin. An artevil suspension doesn't work unless the poison was administered through ingestion; for instance, if a poison can be administered through either ingestion or injury and was administered through injury, the suspension won't work.</p>"
        },
        "hardness": 0,
        "hp": {
            "max": 0,
            "value": 0
        },
        "level": {
            "value": 3
        },
        "material": {
            "grade": null,
            "type": null
        },
        "price": {
            "value": {
                "gp": 11
            }
        },
        "publication": {
            "license": "OGL",
            "remaster": false,
            "title": "Pathfinder Lost Omens Travel Guide"
        },
        "quantity": 1,
        "rules": [],
        "size": "med",
        "traits": {
            "otherTags": [
                "herbal"
            ],
            "rarity": "common",
            "value": [
                "alchemical",
                "consumable"
            ]
        },
        "usage": {
            "value": "held-in-one-hand"
        },
        "uses": {
            "autoDestroy": true,
            "max": 1,
            "value": 1
        }
    },
    "type": "consumable"
}
