{
    "_id": "VVymhIF6UBThdHP9",
    "img": "icons/equipment/head/goggles-leather-tan.webp",
    "name": "Artificer Spectacles",
    "system": {
        "apex": {
            "attribute": "int"
        },
        "baseItem": null,
        "bulk": {
            "value": 0
        },
        "containerId": null,
        "description": {
            "value": "<p>These seemingly ordinary rectangular eyeglasses feature clear lenses framed in copper. When invested and worn, they rest perfectly on the bridge of the nose and can only be removed by the wearer. You gain a +3 item bonus to Crafting checks and any skill check made to Identify Magic. When you invest the spectacles, you either increase your Intelligence score by 2 or increase it to 18, whichever is higher. You must select the skills and languages the first time you invest the item, and whenever you invest the same artificer spectacles, you get the same skills and languages you chose the first time.</p>\n<p><strong>Activate</strong> <span class=\"action-glyph\">2</span> Interact</p>\n<p><strong>Frequency</strong> once per hour</p>\n<hr />\n<p><strong>Effect</strong> You cast a 3rd-rank @UUID[Compendium.pf2e.spells-srd.Item.Mending]spell on an item you touch.</p>"
        },
        "hardness": 0,
        "hp": {
            "max": 0,
            "value": 0
        },
        "level": {
            "value": 17
        },
        "material": {
            "grade": null,
            "type": null
        },
        "price": {
            "value": {
                "gp": 15000
            }
        },
        "publication": {
            "license": "OGL",
            "remaster": false,
            "title": "Pathfinder Treasure Vault"
        },
        "quantity": 1,
        "rules": [
            {
                "key": "FlatModifier",
                "selector": "crafting",
                "type": "item",
                "value": 3
            },
            {
                "key": "FlatModifier",
                "label": "Artificer Spectacles (Identify Magic)",
                "predicate": [
                    "action:identify-magic"
                ],
                "selector": "skill-check",
                "type": "item",
                "value": 3
            }
        ],
        "size": "med",
        "traits": {
            "rarity": "common",
            "value": [
                "apex",
                "invested",
                "magical"
            ]
        },
        "usage": {
            "value": "worneyeglasses"
        }
    },
    "type": "equipment"
}
