{
    "_id": "0QgniSjpzksm5riV",
    "img": "systems/pf2e/icons/equipment/adventuring-gear/artisan-tools.webp",
    "name": "Artisan's Toolkit (Sterling)",
    "system": {
        "baseItem": null,
        "bulk": {
            "value": 2
        },
        "containerId": null,
        "description": {
            "value": "<p>You need these tools to create items from raw materials with the Craft skill. Sterling artisan's tools give you a +1 item bonus to the check.</p>\n<p>Different sets are needed for different work, as determined by the GM; for example, a blacksmith's toolkit differs from a woodworker's toolkit. If you wear your artisan's toolkit, you can draw and replace it as part of the action that uses it.</p>"
        },
        "hardness": 0,
        "hp": {
            "max": 0,
            "value": 0
        },
        "level": {
            "value": 3
        },
        "material": {
            "grade": null,
            "type": null
        },
        "price": {
            "value": {
                "gp": 50
            }
        },
        "publication": {
            "license": "ORC",
            "remaster": true,
            "title": "Pathfinder Player Core"
        },
        "quantity": 1,
        "rules": [
            {
                "key": "FlatModifier",
                "label": "Artisan's Tools, Sterling (craft items)",
                "predicate": [
                    "action:craft"
                ],
                "selector": "crafting",
                "type": "item",
                "value": 1
            }
        ],
        "size": "med",
        "traits": {
            "rarity": "common",
            "value": []
        },
        "usage": {
            "value": "other"
        }
    },
    "type": "equipment"
}
