{
    "_id": "7fN8xgFBxqrOkCJW",
    "img": "icons/sundries/survival/wetskin-leather-red.webp",
    "name": "Ascendant Dragon Spirit",
    "system": {
        "baseItem": null,
        "bulk": {
            "value": 0.1
        },
        "category": "potion",
        "containerId": null,
        "damage": null,
        "description": {
            "value": "<p><strong>Activate</strong> <span class=\"action-glyph\">1</span> Interact</p>\n<hr />\n<p>This masterfully crafted spirit is mixed into a potent magical cocktail and packaged in a gourd with an engraving of a forest dragon coiling around it. Drinking it imparts an intriguing balance of woodsmoke, honey, and bright floral notes on the back end. When consumed, your arms become infused with the deadly power of a forest dragon. For 1 minute, your unarmed Strikes deal an additional 1d6 poison damage and an additional 1d6 void damage.</p>\n<p>@UUID[Compendium.pf2e.equipment-effects.Item.Effect: Ascendant Dragon Spirit]</p>"
        },
        "hardness": 0,
        "hp": {
            "max": 0,
            "value": 0
        },
        "level": {
            "value": 11
        },
        "material": {
            "grade": null,
            "type": null
        },
        "price": {
            "value": {
                "gp": 250
            }
        },
        "publication": {
            "license": "OGL",
            "remaster": false,
            "title": "Pathfinder #199: To Bloom Below the Web"
        },
        "quantity": 1,
        "rules": [],
        "size": "med",
        "traits": {
            "rarity": "uncommon",
            "value": [
                "consumable",
                "magical",
                "potion"
            ]
        },
        "usage": {
            "value": "held-in-one-hand"
        },
        "uses": {
            "autoDestroy": true,
            "max": 1,
            "value": 1
        }
    },
    "type": "consumable"
}
