{
    "_id": "KwkZfSgS1z3XM0nl",
    "img": "icons/magic/unholy/barrier-fire-pink.webp",
    "name": "Ash Gown (Greater)",
    "system": {
        "baseItem": null,
        "bulk": {
            "value": 0.1
        },
        "containerId": null,
        "description": {
            "value": "<p><em>Greater ash gowns</em> are formal wear spun from smoke, ash, and char collected from the Plane of Fire. Typically, they're voluminous floor-length dresses or three-piece suits, but regardless of their specific tailoring, <em>greater ash gowns</em> are always an ostentatious display of wealth and loyalty to the powers of the Plane of Fire. They're exceptionally popular in the courts of the Elemental Lords and among the high society of Medina Mudii'a. The gown grants you resistance 10 to fire and a +2 item bonus to Intimidation checks.</p>\n<hr />\n<p><strong>Activate—Blazing Promenade</strong> <span class=\"action-glyph\">2</span> (manipulate)</p>\n<p><strong>Frequency</strong> once per 10 minutes</p>\n<p><strong>Effect</strong> The <em>greater ash gown</em> ignites in a ferocious blaze, flames licking the floor and trailing behind you like a dancing cape. You Stride and make a Strike at the end of your movement. During the Stride, your flames incinerate minor obstacles in your path; you ignore non-magical difficult terrain, and any you move through is destroyed. Creatures that are adjacent to you at any point during your movement take @Damage[4d6[fire]] damage with a @Check[reflex|dc:28|basic] save. A creature doesn't need to attempt this save more than once, even if you move past it multiple times.</p>"
        },
        "hardness": 0,
        "hp": {
            "max": 0,
            "value": 0
        },
        "level": {
            "value": 11
        },
        "material": {
            "grade": null,
            "type": null
        },
        "price": {
            "value": {
                "gp": 1300
            }
        },
        "publication": {
            "license": "OGL",
            "remaster": true,
            "title": "Pathfinder Rage of Elements"
        },
        "quantity": 1,
        "rules": [
            {
                "key": "Resistance",
                "type": "fire",
                "value": 10
            },
            {
                "key": "FlatModifier",
                "selector": "intimidation",
                "type": "item",
                "value": 2
            }
        ],
        "size": "med",
        "traits": {
            "rarity": "common",
            "value": [
                "fire",
                "invested",
                "magical"
            ]
        },
        "usage": {
            "value": "wornclothing"
        }
    },
    "type": "equipment"
}
