{
    "_id": "pZB0Gsv1SoPkmzkY",
    "img": "systems/pf2e/icons/equipment/alchemical-items/alchemical-poisons/malyass-root-paste.webp",
    "name": "Ashes of the War God",
    "system": {
        "baseItem": null,
        "bulk": {
            "value": 0
        },
        "category": "other",
        "containerId": null,
        "damage": null,
        "description": {
            "value": "<p><strong>Activate</strong> <span class=\"action-glyph\">1</span> (manipulate)</p><hr /><p><em>Ashes of the war god</em> may be applied to armor, a weapon, or mixed into an elixir or potion.</p>\n<p><strong>Armor</strong> The armor becomes <em>+3 major resilient armor</em> for 1 day. It retains any property runes.</p>\n<p><strong>Elixir or Potion</strong> In addition to the normal effects drinking the elixir or potion grant you, you gain a +3 item bonus to Athletics checks and Fortitude saves for 1 hour.</p>\n<p><strong>Weapon</strong> The weapon becomes a <em>+3 major striking weapon</em> for 1 day. It retains any property runes.</p>"
        },
        "hardness": 0,
        "hp": {
            "max": 0,
            "value": 0
        },
        "level": {
            "value": 20
        },
        "material": {
            "grade": null,
            "type": null
        },
        "price": {
            "value": {
                "gp": 14000
            }
        },
        "publication": {
            "license": "ORC",
            "remaster": true,
            "title": "Pathfinder #206: Bring the House Down"
        },
        "quantity": 1,
        "rules": [],
        "size": "med",
        "traits": {
            "rarity": "rare",
            "value": [
                "consumable",
                "magical"
            ]
        },
        "usage": {
            "value": "held-in-one-hand"
        },
        "uses": {
            "autoDestroy": true,
            "max": 1,
            "value": 1
        }
    },
    "type": "consumable"
}
