{
    "_id": "lo5QOMA9VAUwUVl7",
    "img": "systems/pf2e/icons/equipment/runes/weapon-property-runes/weapon-property-runes.webp",
    "name": "Ashen (Greater)",
    "system": {
        "baseItem": null,
        "bulk": {
            "value": 0
        },
        "containerId": null,
        "description": {
            "value": "<p>In his attempts to recreate the initial feeling of the object he encountered ages ago, the Ash Engineer discovered a different effect, one that would confound his enemies. Ashen weapons are typically coated in a thin layer of ash that gradually returns over the span of a day, even after wiping away. A creature hit by an attack from an ashen weapon becomes surrounded by burning ash, which deals @Damage[1d8[persistent,fire]] damage. This ash clouds the senses, causing the creature to become @UUID[Compendium.pf2e.conditionitems.Item.Confused] for 1 round unless it succeeds at a @Check[will|dc:35] save. On a critical failure, the effect lasts for 1 minute.</p>"
        },
        "hardness": 0,
        "hp": {
            "max": 0,
            "value": 0
        },
        "level": {
            "value": 16
        },
        "material": {
            "grade": null,
            "type": null
        },
        "price": {
            "value": {
                "gp": 9000
            }
        },
        "publication": {
            "license": "OGL",
            "remaster": false,
            "title": "Pathfinder Lost Omens Highhelm"
        },
        "quantity": 1,
        "rules": [],
        "size": "med",
        "traits": {
            "rarity": "uncommon",
            "value": [
                "magical"
            ]
        },
        "usage": {
            "value": "etched-onto-a-weapon"
        }
    },
    "type": "equipment"
}
