{
    "_id": "LWMlDUCdDGo1wJnF",
    "img": "icons/equipment/wrist/bracer-red-silver.webp",
    "name": "Assassin's Bracers (Type I)",
    "system": {
        "baseItem": null,
        "bulk": {
            "value": 0.1
        },
        "containerId": null,
        "description": {
            "value": "<p>These paired bracers of red leather appear as plain armbands on the outside but display the branded symbol of @UUID[Compendium.pf2e.deities.Item.Achaekek] on the inside. They grant the wearer a +1 item bonus to AC and saving throws, and a maximum Dexterity modifier of +5 as armor. You can affix talismans to <em>assassin's bracers</em> as though they were light armor.</p><hr /><p><strong>Activate—Focus on the Doomed</strong> <span class=\"action-glyph\">2</span> (concentrate, manipulate)</p>\n<p><strong>Frequency</strong> once per day</p>\n<p><strong>Effect</strong> You designate one creature within 30 feet. You cast 4th-rank @UUID[Compendium.pf2e.spells-srd.Item.Invisibility] on yourself, but the designated creature can still see you. The bracers enhance your appearance to the designated creature, making you appear more fearsome and unnerving, granting you a +1 item bonus to attempts to @UUID[Compendium.pf2e.actionspf2e.Item.Feint] or @UUID[Compendium.pf2e.actionspf2e.Item.Demoralize] the designated creature. The designated creature takes a –1 item penalty to saving throws against fear effects.</p>\n<p>@UUID[Compendium.pf2e.equipment-effects.Item.Effect: Focus on the Doomed]</p>\n<p>@UUID[Compendium.pf2e.equipment-effects.Item.Effect: Focus on the Doomed (Fear Penalty)]</p>"
        },
        "hardness": 0,
        "hp": {
            "max": 0,
            "value": 0
        },
        "level": {
            "value": 10
        },
        "material": {
            "grade": null,
            "type": null
        },
        "price": {
            "value": {
                "gp": 1000
            }
        },
        "publication": {
            "license": "ORC",
            "remaster": true,
            "title": "Pathfinder Adventure: Prey for Death"
        },
        "quantity": 1,
        "rules": [
            {
                "key": "FlatModifier",
                "selector": [
                    "ac",
                    "saving-throw"
                ],
                "type": "item",
                "value": 1
            },
            {
                "key": "DexterityModifierCap",
                "value": 5
            },
            {
                "key": "ActiveEffectLike",
                "mode": "override",
                "path": "flags.pf2e.assassinsBracersBonus",
                "value": 1
            }
        ],
        "size": "med",
        "traits": {
            "rarity": "uncommon",
            "value": [
                "illusion",
                "invested",
                "magical"
            ]
        },
        "usage": {
            "value": "wornbracers"
        }
    },
    "type": "equipment"
}
