{
    "_id": "txBx1I37esf3IgqM",
    "img": "icons/equipment/chest/breastplate-banded-simple-leather-brown.webp",
    "name": "Assassin's Skin",
    "system": {
        "acBonus": 1,
        "baseItem": "leather-armor",
        "bulk": {
            "value": 1
        },
        "category": "light",
        "checkPenalty": -1,
        "containerId": null,
        "description": {
            "value": "<p>This <em>+2 greater resilient leather armor</em> was made from the flayed hide of an Elysian pegasus, then dyed a bright crimson so that it appears slick with fresh blood. The wearer of <em>assassin's skin</em> gains a +3 item bonus to @UUID[Compendium.pf2e.actionspf2e.Item.Escape] checks.</p>\n<p><strong>Activate—Blood Revitalization</strong> <span class=\"action-glyph\">f</span> (concentrate)</p>\n<p><strong>Frequency</strong> once per hour</p>\n<p><strong>Trigger</strong> You would take persistent bleed damage</p><hr /><p><strong>Effect</strong> You don't take the persistent bleed damage and instead regain Hit Points equal to the bleed damage. The persistent bleed damage ends.</p>"
        },
        "dexCap": 4,
        "group": "leather",
        "hardness": 0,
        "hp": {
            "max": 0,
            "value": 0
        },
        "level": {
            "value": 15
        },
        "material": {
            "grade": null,
            "type": null
        },
        "price": {
            "value": {
                "gp": 6500
            }
        },
        "publication": {
            "license": "ORC",
            "remaster": true,
            "title": "Pathfinder Adventure: Prey for Death"
        },
        "quantity": 1,
        "rules": [
            {
                "key": "FlatModifier",
                "predicate": [
                    "action:escape"
                ],
                "selector": [
                    "acrobatics",
                    "athletics",
                    "unarmed-strike-attack"
                ],
                "type": "item",
                "value": 3
            }
        ],
        "runes": {
            "potency": 2,
            "property": [],
            "resilient": 2
        },
        "size": "med",
        "specific": {
            "material": {
                "grade": null,
                "type": null
            },
            "runes": {
                "potency": 2,
                "property": [],
                "resilient": 2
            }
        },
        "speedPenalty": 0,
        "strength": 0,
        "traits": {
            "rarity": "rare",
            "value": [
                "invested",
                "magical"
            ]
        }
    },
    "type": "armor"
}
