{
    "_id": "aSvDtG5i5l7scgru",
    "img": "icons/consumables/drinks/wine-amphora-clay-pink.webp",
    "name": "Assassin Vine Wine",
    "system": {
        "baseItem": null,
        "bulk": {
            "value": 0.1
        },
        "category": "elixir",
        "containerId": null,
        "damage": null,
        "description": {
            "value": "<p><strong>Activate</strong> <span class=\"action-glyph\">1</span> Interact</p>\n<p>Crafting wine from assassin vine berries is a dangerous process, but the resulting ruby-red drink is rich and heady. Alchemical reagents added during fermentation concentrate the vine's connection to its environment and impart them onto the imbiber. For 1 minute after drinking a glass of assassin vine wine, you have tremorsense at a range of 30 feet.</p>\n<p>@UUID[Compendium.pf2e.equipment-effects.Item.Effect: Assassin Vine Wine]</p>"
        },
        "hardness": 0,
        "hp": {
            "max": 0,
            "value": 0
        },
        "level": {
            "value": 9
        },
        "material": {
            "grade": null,
            "type": null
        },
        "price": {
            "value": {
                "gp": 130
            }
        },
        "publication": {
            "license": "OGL",
            "remaster": false,
            "title": "Pathfinder Treasure Vault"
        },
        "quantity": 1,
        "rules": [],
        "size": "med",
        "traits": {
            "otherTags": [
                "alchemical-food"
            ],
            "rarity": "common",
            "value": [
                "alchemical",
                "consumable",
                "elixir"
            ]
        },
        "usage": {
            "value": "held-in-one-hand"
        },
        "uses": {
            "autoDestroy": true,
            "max": 1,
            "value": 1
        }
    },
    "type": "consumable"
}
