{
    "_id": "6llILJtsTPgtYXgx",
    "img": "systems/pf2e/icons/equipment/runes/weapon-property-runes/weapon-property-runes.webp",
    "name": "Astral",
    "system": {
        "baseItem": null,
        "bulk": {
            "value": 0
        },
        "containerId": null,
        "description": {
            "value": "<p><em>Astral</em> weapons command powerful spiritual energy from the Astral Plane. This rune has the same effects as a <em>@UUID[Compendium.pf2e.equipment-srd.Item.Ghost Touch]</em> rune, plus Strikes with it deal an extra 1d6 spirit damage. If used to attack a creature that's possessing another creature, this weapon deals no damage to the possessed creature. On a critical hit against a creature possessing another creature, the possessing creature must succeed at a @Check[will|dc:26] save or be expelled and unable to possess a creature for [[/gmr 1d4 #rounds]]{1d4 rounds}.</p>"
        },
        "hardness": 0,
        "hp": {
            "max": 0,
            "value": 0
        },
        "level": {
            "value": 8
        },
        "material": {
            "grade": null,
            "type": null
        },
        "price": {
            "value": {
                "gp": 450
            }
        },
        "publication": {
            "license": "ORC",
            "remaster": true,
            "title": "Pathfinder GM Core"
        },
        "quantity": 1,
        "rules": [],
        "size": "med",
        "traits": {
            "rarity": "common",
            "value": [
                "magical",
                "spirit"
            ]
        },
        "usage": {
            "value": "etched-onto-a-weapon"
        }
    },
    "type": "equipment"
}
