{
    "_id": "7tqSRAuOgqt3CFhM",
    "img": "systems/pf2e/icons/default-icons/consumable.svg",
    "name": "Astringent Venom",
    "system": {
        "baseItem": null,
        "bulk": {
            "value": 0.1
        },
        "category": "poison",
        "containerId": null,
        "damage": null,
        "description": {
            "value": "<p><strong>Activate</strong> <span class=\"action-glyph\">3</span> Interact</p>\n<p>This oily, dark-purple powder gives off the distinct odor of boiled leather. When delivered, the poison acts quickly to constrict the victim's blood flow to their extremities and turn their lungs into a soft jelly. A victim of astringent venom is recognizable by the frostbite-like hue of their hands as they loose circulation to their extremities, making it difficult for them to hold things. Each round at the beginning of their turn, a creature affected by astringent venom must succeed at a @Check[flat|dc:5] or drop one random item they're holding.</p>\n<p><strong>Saving Throw</strong> @Check[fortitude|dc:32]</p>\n<p><strong>Onset</strong> 1 round</p>\n<p><strong>Maximum Duration</strong> 6 rounds</p>\n<p><strong>Stage 1</strong> @Damage[6d6[poison]] (1 round)</p>\n<p><strong>Stage 2</strong> @Damage[8d6[poison]] (1 round)</p>\n<p><strong>Stage 3</strong> @Damage[10d6[poison]] and @UUID[Compendium.pf2e.conditionitems.Item.Confused] (1 round)</p>"
        },
        "hardness": 0,
        "hp": {
            "max": 0,
            "value": 0
        },
        "level": {
            "value": 12
        },
        "material": {
            "grade": null,
            "type": null
        },
        "price": {
            "value": {
                "gp": 350
            }
        },
        "publication": {
            "license": "OGL",
            "remaster": false,
            "title": "Pathfinder Treasure Vault"
        },
        "quantity": 1,
        "rules": [],
        "size": "med",
        "traits": {
            "rarity": "common",
            "value": [
                "alchemical",
                "consumable",
                "contact",
                "poison",
                "virulent"
            ]
        },
        "usage": {
            "value": "held-in-two-hands"
        },
        "uses": {
            "autoDestroy": true,
            "max": 1,
            "value": 1
        }
    },
    "type": "consumable"
}
