{
    "_id": "NZJkdq4AezyeUvGi",
    "img": "systems/pf2e/icons/equipment/adventuring-gear/astrolabe.webp",
    "name": "Astrolabe of the Falling Stars",
    "system": {
        "baseItem": null,
        "bulk": {
            "value": 0.1
        },
        "containerId": null,
        "description": {
            "value": "<p>This astrolabe is fashioned of magically attuned platinum plates and rings and is inset with carefully measured ruby gems. The astrolabe's back is engraved with helpful charts, a calendar, and a maker's mark. An <em>astrolabe of falling stars</em> can be used as a @UUID[Compendium.pf2e.equipment-srd.Item.Mariner's Astrolabe]. In addition, it can produce the following magical effect.</p>\n<p><strong>Activate</strong> <span class=\"action-glyph\">2</span> (Interact)</p>\n<p><strong>Frequency</strong> once per day</p>\n<hr />\n<p><strong>Effect</strong> With a flick of your finger, you set the astrolabe's rule spinning, causing the inset rubies to become a blur. Choose a point within 100 feet. The astrolabe of falling stars calls down a brief rain of meteorites in a @Template[burst|distance:10] centered on that point, dealing @Damage[1d8[bludgeoning],1d8[fire]|options:area-damage]{1d8 bludgeoning and 1d8 fire damage} to creatures in the area (@Check[reflex|dc:19|basic|options:area-effect]).</p>"
        },
        "hardness": 0,
        "hp": {
            "max": 0,
            "value": 0
        },
        "level": {
            "value": 5
        },
        "material": {
            "grade": null,
            "type": null
        },
        "price": {
            "value": {
                "gp": 50
            }
        },
        "publication": {
            "license": "OGL",
            "remaster": false,
            "title": "Pathfinder #188: They Watched the Stars"
        },
        "quantity": 1,
        "rules": [
            {
                "key": "FlatModifier",
                "predicate": [
                    "identify-celestial-body"
                ],
                "selector": "skill-check",
                "type": "item",
                "value": 1
            }
        ],
        "size": "med",
        "traits": {
            "rarity": "uncommon",
            "value": [
                "magical"
            ]
        },
        "usage": {
            "value": "held-in-two-hands"
        }
    },
    "type": "equipment"
}
