{
    "_id": "SKKVjloic8hQbYo7",
    "img": "systems/pf2e/icons/equipment/staves/atmospheric-staff.webp",
    "name": "Atmospheric Staff (Greater)",
    "system": {
        "baseItem": "staff",
        "bonus": {
            "value": 0
        },
        "bonusDamage": {
            "value": 0
        },
        "bulk": {
            "value": 2
        },
        "category": "simple",
        "containerId": null,
        "damage": {
            "damageType": "bludgeoning",
            "dice": 1,
            "die": "d4"
        },
        "description": {
            "value": "<p>This staff is made of a dense wood and strikes the ground with an imposing boom. At the top of the staff is a perfectly round obsidian sphere that, when stared at for too long, makes viewers feel as though they're heavier than before. When wielding this staff, you gain a +1 item bonus to saves against forced movement.</p><hr /><p><strong>Activate</strong> Cast a Spell</p>\n<p><strong>Effect</strong> You expend a number of charges from the staff to cast a spell from its list.</p><ul><li><strong>Cantrip</strong> @UUID[Compendium.pf2e.spells-srd.Item.Gale Blast]</li><li><strong>1st</strong> @UUID[Compendium.pf2e.spells-srd.Item.Air Bubble], @UUID[Compendium.pf2e.spells-srd.Item.Gravitational Pull]</li><li><strong>2nd</strong> @UUID[Compendium.pf2e.spells-srd.Item.Gentle Breeze]</li><li><strong>3rd</strong> @UUID[Compendium.pf2e.spells-srd.Item.Gravity Well], @UUID[Compendium.pf2e.spells-srd.Item.Tempest Cloak]</li><li><strong>4th</strong> @UUID[Compendium.pf2e.spells-srd.Item.Fly], @UUID[Compendium.pf2e.spells-srd.Item.Variable Gravity]</li><li><strong>5th</strong> @UUID[Compendium.pf2e.spells-srd.Item.Elemental Form] (air only), @UUID[Compendium.pf2e.spells-srd.Item.Telekinetic Haul]</li></ul><hr /><p><strong>Craft Requirements</strong> Supply one casting of all listed ranks of all listed spells.</p>"
        },
        "group": "club",
        "hardness": 0,
        "hp": {
            "max": 0,
            "value": 0
        },
        "level": {
            "value": 12
        },
        "material": {
            "grade": null,
            "type": null
        },
        "price": {
            "value": {
                "gp": 1900
            }
        },
        "publication": {
            "license": "OGL",
            "remaster": true,
            "title": "Pathfinder Rage of Elements"
        },
        "quantity": 1,
        "range": null,
        "reload": {
            "value": ""
        },
        "rules": [
            {
                "key": "FlatModifier",
                "predicate": [
                    "inflicts:forced-movement"
                ],
                "selector": "saving-throw",
                "type": "item",
                "value": 1
            }
        ],
        "runes": {
            "potency": 0,
            "property": [],
            "striking": 0
        },
        "size": "med",
        "splashDamage": {
            "value": 0
        },
        "traits": {
            "rarity": "uncommon",
            "value": [
                "air",
                "magical",
                "staff",
                "two-hand-d8"
            ]
        },
        "usage": {
            "value": "held-in-one-hand"
        }
    },
    "type": "weapon"
}
