{
    "_id": "qQ9Rros3GdPDRLBg",
    "img": "systems/pf2e/icons/equipment/alchemical-items/food/auric-noodles.webp",
    "name": "Auric Noodles",
    "system": {
        "baseItem": null,
        "bulk": {
            "value": 0.1
        },
        "category": "other",
        "containerId": null,
        "damage": null,
        "description": {
            "value": "<p><strong>Activate</strong> 10 minutes (Interact)</p>\n<p>Auric noodles are boiled, then pan-fried and tossed with sliced vegetables and a sticky, savory sauce incorporating alchemical reagents. After you eat the noodles, they boost your ability to sense magic for 24 hours or until you make your next daily preparations, whichever comes first. You gain a +1 item bonus to checks to Identify Magic, and you can move at full speed while using the @UUID[Compendium.pf2e.actionspf2e.Item.Detect Magic] exploration activity.</p>\n<p>@UUID[Compendium.pf2e.equipment-effects.Item.Effect: Auric Noodles]</p>"
        },
        "hardness": 0,
        "hp": {
            "max": 0,
            "value": 0
        },
        "level": {
            "value": 3
        },
        "material": {
            "grade": null,
            "type": null
        },
        "price": {
            "value": {
                "gp": 10
            }
        },
        "publication": {
            "license": "OGL",
            "remaster": false,
            "title": "Pathfinder Treasure Vault"
        },
        "quantity": 1,
        "rules": [],
        "size": "med",
        "traits": {
            "otherTags": [
                "alchemical-food"
            ],
            "rarity": "common",
            "value": [
                "alchemical",
                "consumable",
                "processed"
            ]
        },
        "usage": {
            "value": "held-in-two-hands"
        },
        "uses": {
            "autoDestroy": true,
            "max": 1,
            "value": 1
        }
    },
    "type": "consumable"
}
