{
    "_id": "hCutQISjPJaKGYtj",
    "img": "icons/equipment/chest/vest-leather-tattered-white.webp",
    "name": "Aurochs Hide Armor",
    "system": {
        "acBonus": 3,
        "baseItem": "hide-armor",
        "bulk": {
            "value": 2
        },
        "category": "medium",
        "checkPenalty": -2,
        "containerId": null,
        "description": {
            "value": "<p>Made of the sturdy, thick hide of the aurochs and tempered to be both flexible and durable, this <em>+1 resilient hide armor</em> is imbued with the aurochs' natural defenses against venomous predators. You gain resistance 5 to poison damage.</p>\n<p><strong>Activate—Stubborn Skin</strong> <span class=\"action-glyph\">1</span></p>\n<p>You pull the layers of the armor taut, stiffening your body against incoming forces for 1 minute. While the armor is taut, you have a –1 penalty to Reflex saves and a +2 item bonus to Fortitude saves.</p>\n<p>@UUID[Compendium.pf2e.equipment-effects.Item.Effect: Stubborn Skin]</p>"
        },
        "dexCap": 2,
        "group": "leather",
        "hardness": 0,
        "hp": {
            "max": 0,
            "value": 0
        },
        "level": {
            "value": 10
        },
        "material": {
            "grade": null,
            "type": null
        },
        "price": {
            "value": {
                "gp": 1000
            }
        },
        "publication": {
            "license": "ORC",
            "remaster": true,
            "title": "Pathfinder #209: Destroyer's Doom"
        },
        "quantity": 1,
        "rules": [
            {
                "key": "Resistance",
                "type": "poison",
                "value": 5
            }
        ],
        "runes": {
            "potency": 1,
            "property": [],
            "resilient": 1
        },
        "size": "med",
        "specific": {
            "material": {
                "grade": null,
                "type": null
            },
            "runes": {
                "potency": 1,
                "property": [],
                "resilient": 1
            }
        },
        "speedPenalty": -5,
        "strength": 2,
        "traits": {
            "rarity": "uncommon",
            "value": [
                "invested",
                "magical"
            ]
        }
    },
    "type": "armor"
}
