{
    "_id": "pX31bW6RrpxJNJms",
    "img": "icons/magic/symbols/rune-sigil-rough-white-teal.webp",
    "name": "Aurochs' Might Tattoo (Greater)",
    "system": {
        "baseItem": null,
        "bulk": {
            "value": 0
        },
        "containerId": null,
        "description": {
            "value": "<p>The aurochs depicted by this tattoo is a powerful symbol of strength and resilience. When upgraded, the tattoo expands to depict an increasingly imposing herd of aurochs.</p>\n<p><strong>Activate—Aurochs Charge</strong> <span class=\"action-glyph\">2</span> (concentrate)</p>\n<p><strong>Frequency</strong> once per day</p><hr /><p><strong>Effect</strong> You Stride twice and make a melee Strike against a creature within your reach at any point during your movement. If the Strike hits and deals damage, the target attempts a @Check[fortitude|dc:38] save to avoid being toppled by the impact.</p><hr /><p><strong>Critical Success</strong> The target is unaffected.</p>\n<p><strong>Success</strong> The target is @UUID[Compendium.pf2e.conditionitems.Item.Off-Guard] until the beginning of its next turn.</p>\n<p><strong>Failure</strong> The target is knocked @UUID[Compendium.pf2e.conditionitems.Item.Prone].</p>\n<p><strong>Critical Failure</strong> As failure, but the target also takes @Damage[6d6[bludgeoning]] damage.</p>"
        },
        "hardness": 0,
        "hp": {
            "max": 0,
            "value": 0
        },
        "level": {
            "value": 18
        },
        "material": {
            "grade": null,
            "type": null
        },
        "price": {
            "value": {
                "gp": 20000
            }
        },
        "publication": {
            "license": "ORC",
            "remaster": true,
            "title": "Pathfinder #207: The Resurrection Flood"
        },
        "quantity": 1,
        "rules": [],
        "size": "med",
        "traits": {
            "rarity": "uncommon",
            "value": [
                "invested",
                "magical",
                "tattoo"
            ]
        },
        "usage": {
            "value": "tattooed-on-the-body"
        }
    },
    "type": "equipment"
}
