{
    "_id": "CNDOlR00gFm3DDAu",
    "img": "icons/consumables/meat/steak-alien-orange.webp",
    "name": "Aurochs Jerky",
    "system": {
        "baseItem": null,
        "bulk": {
            "value": 0
        },
        "category": "other",
        "containerId": null,
        "damage": null,
        "description": {
            "value": "<p><strong>Activate</strong> <span class=\"action-glyph\">2</span> Interact</p><hr /><p>Aurochs meat already makes for tough jerky, but with the right alchemical treatment, it becomes legendarily resilient and imparts that durability to those who eat it. Eating the jerky causes a pair of inch-long horns to grow from your forehead (or causes your existing horns to grow noticeably) for 1 hour. During this time, you gain a +1 item bonus to Fortitude saves. You can end the effect prematurely, causing the horns to retract or revert to their normal size, with a free action that has the concentrate trait.</p>\n<p>@UUID[Compendium.pf2e.equipment-effects.Item.Effect: Aurochs Jerky]</p><hr /><p><strong>Aurochs' Endurance</strong> <span class=\"action-glyph\">f</span> (concentrate)</p>\n<p><strong>Trigger</strong> You begin your turn and are @UUID[Compendium.pf2e.conditionitems.Item.Fatigued]</p>\n<p><strong>Effect</strong> You suppress the fatigued condition for 10 minutes. During this time, you are not immune to fatigue and can become fatigued by subsequent effects, but you gain a +2 item bonus to saving throws against effects that would fatigue you.</p>\n<p>@UUID[Compendium.pf2e.equipment-effects.Item.Effect: Aurochs' Endurance]</p>"
        },
        "hardness": 0,
        "hp": {
            "max": 0,
            "value": 0
        },
        "level": {
            "value": 9
        },
        "material": {
            "grade": null,
            "type": null
        },
        "price": {
            "value": {
                "gp": 80
            }
        },
        "publication": {
            "license": "ORC",
            "remaster": true,
            "title": "Pathfinder #208: Hoof, Cinder, and Storm"
        },
        "quantity": 1,
        "rules": [],
        "size": "med",
        "traits": {
            "otherTags": [
                "alchemical-food"
            ],
            "rarity": "uncommon",
            "value": [
                "alchemical",
                "consumable",
                "processed"
            ]
        },
        "usage": {
            "value": "held-in-one-hand"
        },
        "uses": {
            "autoDestroy": true,
            "max": 1,
            "value": 1
        }
    },
    "type": "consumable"
}
