{
    "_id": "755XG3gP2MWYBXy5",
    "img": "icons/equipment/feet/boots-leather-banded-furred.webp",
    "name": "Avalanche Boots",
    "system": {
        "apex": {
            "attribute": "str"
        },
        "baseItem": null,
        "bulk": {
            "value": 1
        },
        "containerId": null,
        "description": {
            "value": "<p>While the insides of these boots are comfortable, fur-lined leather, the outsides are a jumble of slate plates, giving the impression of a rockslide. You gain a +3 item bonus to Athletics checks and a +2 circumstance bonus to @UUID[Compendium.pf2e.actionspf2e.Item.Force Open] and @UUID[Compendium.pf2e.actionspf2e.Item.Shove]. When you invest the boots, you either increase your Strength modifier by 1 or increase it to +4, whichever is higher.</p>\n<hr />\n<p><strong>Activate</strong> <span class=\"action-glyph\">F</span> envision</p>\n<p><strong>Frequency</strong> once per hour</p>\n<p><strong>Trigger</strong> You succeed or critically succeed with a Shove</p>\n<p><strong>Effect</strong> If the Shove was a success, you push your opponent up to 10 feet instead of 5 feet. If the Shove was a critical success, you push your opponent up to 20 feet, and you can then choose to knock them @UUID[Compendium.pf2e.conditionitems.Item.Prone].</p>"
        },
        "hardness": 0,
        "hp": {
            "max": 0,
            "value": 0
        },
        "level": {
            "value": 17
        },
        "material": {
            "grade": null,
            "type": null
        },
        "price": {
            "value": {
                "gp": 15000
            }
        },
        "publication": {
            "license": "OGL",
            "remaster": false,
            "title": "Pathfinder Treasure Vault"
        },
        "quantity": 1,
        "rules": [
            {
                "key": "FlatModifier",
                "selector": "athletics",
                "type": "item",
                "value": 3
            },
            {
                "key": "FlatModifier",
                "label": "Avalanche Boots (Force Open or Shove)",
                "predicate": [
                    {
                        "or": [
                            "action:force-open",
                            "action:shove"
                        ]
                    }
                ],
                "selector": "athletics",
                "type": "circumstance",
                "value": 2
            }
        ],
        "size": "med",
        "traits": {
            "rarity": "common",
            "value": [
                "apex",
                "invested",
                "magical"
            ]
        },
        "usage": {
            "value": "wornboots"
        }
    },
    "type": "equipment"
}
