{
    "_id": "eDO54Z8RdjL2ymgW",
    "img": "systems/pf2e/icons/equipment/adventuring-gear/dueling-cape.webp",
    "name": "Avernal Cape",
    "system": {
        "baseItem": null,
        "bulk": {
            "value": 0.1
        },
        "containerId": null,
        "description": {
            "gm": "<p><strong>Aspects</strong> beast, fire</p>\n<p><strong>Forming the Bond</strong> While wearing the cape, you defeat a foe and spare their life.</p>\n<p><strong>Advancing the Bond</strong> Befriend beasts and terrify foes with your physical presence and prowess.</p>\n<p><strong>Minor Gifts</strong> @UUID[Compendium.pf2e.adventure-specific-actions.Item.Feral Claws], @UUID[Compendium.pf2e.adventure-specific-actions.Item.Flare Bolt], @UUID[Compendium.pf2e.adventure-specific-actions.Item.Heat Haze]</p>\n<p><strong>Major Gifts</strong> @UUID[Compendium.pf2e.adventure-specific-actions.Item.Form of Fury] (snake form), @UUID[Compendium.pf2e.adventure-specific-actions.Item.Searing Wave]</p>",
            "value": "<p>Made from preserved crimson worm hide, this thick leather cape can deflect incoming blows without serious damage. It functions as a @UUID[Compendium.pf2e.equipment-srd.Item.Dueling Cape] and while moved into a protective position, it also grants you fire resistance equal to twice the relic's number of gifts.</p>\n<p>@UUID[Compendium.pf2e.equipment-effects.Item.Effect: Dueling Cape]</p>"
        },
        "hardness": 0,
        "hp": {
            "max": 0,
            "value": 0
        },
        "level": {
            "value": 5
        },
        "material": {
            "grade": null,
            "type": null
        },
        "price": {
            "value": {}
        },
        "publication": {
            "license": "OGL",
            "remaster": false,
            "title": "Pathfinder #194: Cult of the Cave Worm"
        },
        "quantity": 1,
        "rules": [],
        "size": "med",
        "traits": {
            "rarity": "unique",
            "value": [
                "earth",
                "invested",
                "magical",
                "relic"
            ]
        },
        "usage": {
            "value": "worncloak"
        }
    },
    "type": "equipment"
}
