{
    "_id": "kwp0N4MdOgRpdKi6",
    "img": "systems/pf2e/icons/equipment/consumables/ammunition/awakened-cold-iron-shot.webp",
    "name": "Awakened Cold Iron Shot",
    "system": {
        "baseItem": null,
        "bulk": {
            "value": 0
        },
        "category": "ammo",
        "containerId": null,
        "damage": null,
        "description": {
            "value": "<p><strong>Ammunition</strong> round</p>\n<p><strong>Activate</strong> <span class=\"action-glyph\">1</span> (manipulate)</p><hr /><p>These bullets are formed from a liquefied high-grade precious metal and enchanted to unlock that metal's true potential.</p>\n<p>The shot is a high-grade cold iron bullet. The awakened cold iron attempts to disrupt magic influences the target placed on others' minds. You can name a creature you believe to be enchanted by your target or allow the shot to choose an enchanted creature randomly. On a hit, the shot attempts to counteract the spell or effect the target is using to manipulate that creature's mind. The counteract rank is 9, and the counteract modifier is [[/r 1d20+27 #Counteract]]{+27}. If you fail (but don't critically fail) the counteract check against a demon or fey, you get a success instead. If you hit a demon or fey with no active spell effects on other creatures, the target is @UUID[Compendium.pf2e.conditionitems.Item.Stupefied]{Stupefied 1} for 1 minute instead.</p>"
        },
        "hardness": 0,
        "hp": {
            "max": 0,
            "value": 0
        },
        "level": {
            "value": 17
        },
        "material": {
            "grade": null,
            "type": null
        },
        "price": {
            "value": {
                "gp": 2300
            }
        },
        "publication": {
            "license": "ORC",
            "remaster": true,
            "title": "Pathfinder Guns & Gears"
        },
        "quantity": 1,
        "rules": [
            {
                "definition": [
                    "item:id:{item|_id}"
                ],
                "key": "AdjustStrike",
                "mode": "add",
                "property": "materials",
                "value": "cold-iron"
            }
        ],
        "size": "med",
        "stackGroup": "rounds10",
        "traits": {
            "rarity": "uncommon",
            "value": [
                "consumable",
                "magical"
            ]
        },
        "usage": {
            "value": "held-in-one-hand"
        },
        "uses": {
            "autoDestroy": true,
            "max": 1,
            "value": 1
        }
    },
    "type": "consumable"
}
