{
    "_id": "J3gd5vhcxwFbpCXe",
    "img": "systems/pf2e/icons/equipment/consumables/ammunition/awakened-adamantine-shot.webp",
    "name": "Awakened Adamantine Shot",
    "system": {
        "baseItem": null,
        "bulk": {
            "value": 0
        },
        "category": "ammo",
        "containerId": null,
        "damage": null,
        "description": {
            "value": "<p><strong>Ammunition</strong> round</p>\n<p><strong>Activate</strong> <span class=\"action-glyph\">1</span> (manipulate)</p><hr /><p>These bullets are formed from a liquefied high-grade precious metal and enchanted to unlock that metal's true potential.</p>\n<p>The shot is a high-grade adamantine bullet. The awakened adamantine breaks through any resistance. The shot ignores the first 20 resistance a creature has to physical damage, all damage, or piercing or bludgeoning damage. Against a construct or creature who already has a resistance bypassed by adamantine, or a weakness to adamantine, the shot shatters the target's defenses, causing them to become @UUID[Compendium.pf2e.conditionitems.Item.Off-Guard] for 1 minute instead. Because adamantine is uncommon, this version of awakened metal shot is uncommon even for gunslingers or other characters with access to uncommon guns and bullets from this book.</p>"
        },
        "hardness": 0,
        "hp": {
            "max": 0,
            "value": 0
        },
        "level": {
            "value": 18
        },
        "material": {
            "grade": null,
            "type": null
        },
        "price": {
            "value": {
                "gp": 3500
            }
        },
        "publication": {
            "license": "ORC",
            "remaster": true,
            "title": "Pathfinder Guns & Gears"
        },
        "quantity": 1,
        "rules": [
            {
                "definition": [
                    "item:id:{item|_id}"
                ],
                "key": "AdjustStrike",
                "mode": "add",
                "property": "materials",
                "value": "adamantine"
            }
        ],
        "size": "med",
        "stackGroup": "rounds10",
        "traits": {
            "rarity": "uncommon",
            "value": [
                "alchemical",
                "consumable",
                "magical"
            ]
        },
        "usage": {
            "value": "held-in-one-hand"
        },
        "uses": {
            "autoDestroy": true,
            "max": 1,
            "value": 1
        }
    },
    "type": "consumable"
}
