{
    "_id": "asuxBXmrZErr9tep",
    "img": "icons/weapons/ammunition/shot-round-silver.webp",
    "name": "Awakened Silver Shot",
    "system": {
        "baseItem": null,
        "bulk": {
            "value": 0
        },
        "category": "ammo",
        "containerId": null,
        "damage": null,
        "description": {
            "value": "<p><strong>Ammunition</strong> round</p>\n<p><strong>Activate</strong> <span class=\"action-glyph\">1</span> (manipulate)</p><hr /><p>These bullets are formed from a liquefied high-grade precious metal and enchanted to unlock that metal's true potential.</p>\n<p>The shot is a high-grade silver bullet. The awakened silver gleams with altered celestial moonlight designed to weaken and expose devils and werecreatures. On a hit, it attempts to counteract any polymorph effect on the target. The counteract rank is 9, and the counteract modifier is [[/r 1d20+27 #Counteract]]{+27}. If you fail (but don't critically fail) the counteract check against a devil or a werecreature, you get a success instead. If you counteracted the Change Shape ability, the creature can't use that ability again for 1 round, or 1 minute on a critical success. If you hit a devil or werecreature not under a polymorph effect, the target is @UUID[Compendium.pf2e.conditionitems.Item.Enfeebled]{Enfeebled 1} for 1 minute instead.</p>"
        },
        "hardness": 0,
        "hp": {
            "max": 0,
            "value": 0
        },
        "level": {
            "value": 17
        },
        "material": {
            "grade": null,
            "type": null
        },
        "price": {
            "value": {
                "gp": 2300
            }
        },
        "publication": {
            "license": "ORC",
            "remaster": true,
            "title": "Pathfinder Guns & Gears"
        },
        "quantity": 1,
        "rules": [
            {
                "definition": [
                    "item:id:{item|_id}"
                ],
                "key": "AdjustStrike",
                "mode": "add",
                "property": "materials",
                "value": "silver"
            }
        ],
        "size": "med",
        "stackGroup": "rounds10",
        "traits": {
            "rarity": "uncommon",
            "value": [
                "consumable",
                "magical"
            ]
        },
        "usage": {
            "value": "held-in-one-hand"
        },
        "uses": {
            "autoDestroy": true,
            "max": 1,
            "value": 1
        }
    },
    "type": "consumable"
}
