{
    "_id": "oUaeLZLK7WfolqBb",
    "img": "systems/pf2e/icons/equipment/weapons/axe-musket.webp",
    "name": "Axe Musket",
    "system": {
        "baseItem": "axe-musket",
        "bonus": {
            "value": 0
        },
        "bonusDamage": {
            "value": 0
        },
        "bulk": {
            "value": 2
        },
        "category": "martial",
        "containerId": null,
        "damage": {
            "damageType": "piercing",
            "dice": 1,
            "die": "d6"
        },
        "description": {
            "value": "<p>This item, favored by firearms-using dwarves and barbarians, takes the form of a sturdy musket that combine the functionality of melee weapons and with an axe blade attached near the muzzle.</p>"
        },
        "group": "firearm",
        "hardness": 0,
        "hp": {
            "max": 0,
            "value": 0
        },
        "level": {
            "value": 1
        },
        "material": {
            "grade": null,
            "type": null
        },
        "meleeUsage": {
            "damage": {
                "die": "d8",
                "type": "slashing"
            },
            "group": "axe",
            "traits": [
                "critical-fusion",
                "forceful",
                "sweep"
            ]
        },
        "price": {
            "value": {
                "gp": 10
            }
        },
        "publication": {
            "license": "ORC",
            "remaster": true,
            "title": "Pathfinder Guns & Gears"
        },
        "quantity": 1,
        "range": 50,
        "reload": {
            "value": "1"
        },
        "rules": [],
        "runes": {
            "potency": 0,
            "property": [],
            "striking": 0
        },
        "size": "med",
        "splashDamage": {
            "value": 0
        },
        "traits": {
            "rarity": "uncommon",
            "value": [
                "combination",
                "concussive",
                "fatal-d10"
            ]
        },
        "usage": {
            "value": "held-in-two-hands"
        }
    },
    "type": "weapon"
}
