{
    "_id": "tPwYYwxNqdGQp2nW",
    "img": "systems/pf2e/icons/equipment/artifacts/axe-of-the-dwarven-lords.webp",
    "name": "Axe of the Dwarven Lords",
    "system": {
        "baseItem": "dwarven-war-axe",
        "bonus": {
            "value": 4
        },
        "bonusDamage": {
            "value": 0
        },
        "bulk": {
            "value": 3
        },
        "category": "advanced",
        "containerId": null,
        "damage": {
            "damageType": "slashing",
            "dice": 1,
            "die": "d8"
        },
        "description": {
            "value": "<p>The blade of this <em>+4 major striking @UUID[Compendium.pf2e.equipment-srd.Item.Keen] @UUID[Compendium.pf2e.equipment-srd.Item.Returning] @UUID[Compendium.pf2e.equipment-srd.Item.Quickstrike] dwarven waraxe</em> is carved with an intricate design depicting countless generations of great dwarven warriors and leaders.</p>\n<p>The axe has the thrown 30 feet weapon trait, in addition to the normal weapon traits for a dwarven waraxe. Strikes with the axe deal an additional 1d6 damage to orcs.</p>\n<p>While the axe is in your possession, you gain a +4 item bonus when Crafting armor, jewelry, metalworking, stonemasonry, snares, traps, and weapons.</p>\n<p>If you are a dwarf, you gain greater darkvision while holding the axe. If you are not a dwarf, you are @UUID[Compendium.pf2e.conditionitems.Item.Stupefied]{Stupefied 4} while holding the axe, and if you are an orc, you are also @UUID[Compendium.pf2e.conditionitems.Item.Drained]{Drained 4} and @UUID[Compendium.pf2e.conditionitems.Item.Enfeebled]{Enfeebled 4} while holding it.</p>\n<hr />\n<p><strong>Activate</strong> <span class=\"action-glyph\">3</span> envision, Interact</p>\n<p><strong>Frequency</strong> once per week</p>\n<p><strong>Effect</strong> The axe casts a 10th-rank @UUID[Compendium.pf2e.spells-srd.Item.Summon Elemental] spell to conjure an elite elemental avalanche. The spell is automatically sustained, requiring no action on your part but still allowing you to command the elemental on each of your turns. You can Dismiss the Spell.</p>\n<hr />\n<p><strong>Destruction</strong> If an orc beheads a dwarven king with the <em>Axe of the Dwarven Lords</em>, the axe rusts away to nothing.</p>"
        },
        "group": "axe",
        "hardness": 0,
        "hp": {
            "max": 0,
            "value": 0
        },
        "level": {
            "value": 26
        },
        "material": {
            "grade": null,
            "type": null
        },
        "price": {
            "value": {}
        },
        "publication": {
            "license": "OGL",
            "remaster": false,
            "title": "Pathfinder Gamemastery Guide"
        },
        "quantity": 1,
        "range": null,
        "reload": {
            "value": "-"
        },
        "rules": [
            {
                "key": "FlatModifier",
                "predicate": [
                    "action:craft",
                    {
                        "or": [
                            "armor",
                            "jewelry",
                            "metalworking",
                            "stonemasonry",
                            "snare",
                            "trap",
                            "weapon"
                        ]
                    }
                ],
                "selector": "crafting",
                "type": "item",
                "value": 4
            },
            {
                "diceNumber": 1,
                "dieSize": "d6",
                "key": "DamageDice",
                "predicate": [
                    "target:trait:orc"
                ],
                "selector": "{item|id}-damage"
            },
            {
                "key": "Sense",
                "predicate": [
                    "self:trait:dwarf"
                ],
                "selector": "greater-darkvision"
            },
            {
                "alterations": [
                    {
                        "mode": "override",
                        "property": "badge-value",
                        "value": 4
                    }
                ],
                "inMemoryOnly": true,
                "key": "GrantItem",
                "predicate": [
                    {
                        "not": "self:trait:dwarf"
                    }
                ],
                "uuid": "Compendium.pf2e.conditionitems.Item.Stupefied"
            },
            {
                "alterations": [
                    {
                        "mode": "override",
                        "property": "badge-value",
                        "value": 4
                    }
                ],
                "inMemoryOnly": true,
                "key": "GrantItem",
                "predicate": [
                    "self:trait:orc"
                ],
                "uuid": "Compendium.pf2e.conditionitems.Item.Drained"
            },
            {
                "alterations": [
                    {
                        "mode": "override",
                        "property": "badge-value",
                        "value": 4
                    }
                ],
                "inMemoryOnly": true,
                "key": "GrantItem",
                "predicate": [
                    "self:trait:orc"
                ],
                "uuid": "Compendium.pf2e.conditionitems.Item.Enfeebled"
            }
        ],
        "runes": {
            "potency": 4,
            "property": [
                "keen",
                "returning",
                "speed"
            ],
            "striking": 3
        },
        "size": "med",
        "specific": {
            "material": {
                "grade": null,
                "type": null
            },
            "runes": {
                "potency": 4,
                "property": [
                    "keen",
                    "returning",
                    "speed"
                ],
                "striking": 3
            }
        },
        "splashDamage": {
            "value": 0
        },
        "traits": {
            "rarity": "unique",
            "value": [
                "dwarf",
                "magical",
                "sweep",
                "thrown-30",
                "two-hand-d12"
            ]
        },
        "usage": {
            "canBeAmmo": false,
            "value": "held-in-one-hand"
        }
    },
    "type": "weapon"
}
