{
    "_id": "KoyxJDibsKJh24am",
    "img": "systems/pf2e/icons/equipment/weapons/rapier.webp",
    "name": "Azarim",
    "system": {
        "baseItem": "rapier",
        "bonus": {
            "value": 0
        },
        "bonusDamage": {
            "value": 0
        },
        "bulk": {
            "value": 1
        },
        "category": "martial",
        "containerId": null,
        "damage": {
            "damageType": "piercing",
            "dice": 1,
            "die": "d6"
        },
        "description": {
            "value": "<p><strong>Perception</strong>: +12; darkvision 30 feet, hearing 30 feet (imprecise)</p>\n<p><strong>Communication</strong> telepath (Celestial, Common, Dwarven, Sakvroth)</p>\n<p><strong>Skills</strong> Alcohol Lore +13, Deception +15, Diplomacy +13, Religion +13, Society +15</p>\n<p><strong>Int</strong> +2, <strong>Wis</strong> +2, <strong>Cha</strong> +4</p>\n<p><strong>Will</strong> +15</p>\n<hr />\n<p>In life, the dwarven rogue Azarim was always something of an outsider among her people for her fast and loose relationship with dwarven tradition. However, she still harbored in her heart a fierce pride in what dwarves had accomplished. She had long fought against the cult of Droskar, seeing it as emblematic of all the worst parts of dwarven culture.</p>\n<p>By the time she infiltrated Droskar's Crucible in 4065 AR, the cult was already in decline. She knew portions of Droskar's Crucible were built by the worshippers of Torag who preceded the cult and that something of great power had been locked away in the Lower Vault, but not what that object was. If she could gain control over the cult, she could simultaneously use them to open the Lower Vault and convince them to set aside their worship of Droskar-if not for her own patron, Cayden Cailean, then any other faith with a more positive leaning.</p>\n<p>Unfortunately, her attempt to seize control of the cult using their own traditions against them backfired when she succumbed to the Soul Smith. Unlike the others who were slain by the Soul Smith, Azarim's soul managed to somewhat escape being bound into the Soul Smith's soul chain by instead seeking shelter in her own magic rapier. Frustrated at the fact her soul slipped away but ignorant of where that soul fled to, the Soul Smith returned to his tasks and soon forgot about Azarim-she was, to the undead dwarf, just another in a long line of failures.</p>\n<p>Today, <em>Azarim</em> is an intelligent <em>+1 striking @UUID[Compendium.pf2e.equipment-srd.Item.Shifting] rapier</em>. The rapier has been waiting patiently for centuries for a new, like-minded ally to take her up in arms against her foes.</p>\n<p>While she prefers to exist in the form of a rapier, she can use one of her actions to activate her shifting rune to take the shape of another weapon as needed.</p>\n<p>While <em>Azarim</em> prefers to be wielded by chaotic good characters, particularly those who worship Cayden Cailean, she's open-minded and eager to work with any wielder who seeks to oppose corrupting or toxic traditions in society, particularly those who work against the influence of the cult of Droskar. To wielders she doesn't approve of, she works to convince them to either change their ways or to hand her over to someone who she can work with, resorting to her ability to induce weakness in her carrier as needed when simply having them discard her is the only option left.</p>\n<p><em>Azarim</em> deals an additional @Damage[1d6[spirit]] damage to worshippers of Droskar, to creatures allied with Droskar's faith, and to those who are under the influence of Droskar's faith-which includes the Kobold King Merlokrep for as long as he continues to wear his crown as well as most of the intelligent inhabitants of the deeper levels of Droskar's Crucible.</p>\n<hr />\n<p><strong>Activate</strong> <span class=\"action-glyph\">R</span></p>\n<p><strong>Trigger</strong> A creature picks up <em>Azarim</em> or begins its turn carrying <em>Azarim</em></p>\n<p><strong>Effect</strong> The creature who carries <em>Azarim</em> becomes @UUID[Compendium.pf2e.conditionitems.Item.Enfeebled]{Enfeebled 2}. This condition persists as long as the creature carries <em>Azarim</em>. A non-lawful creature can attempt to resist this effect with a @Check[fortitude|dc:23] save, but lawful creatures don't gain a save to resist.</p>\n<hr />\n<p><strong>Activate</strong> <span class=\"action-glyph\">2</span> (command, Interact) <em>Azarim</em> casts 2nd-rank @UUID[Compendium.pf2e.spells-srd.Item.Illusory Disguise] on her wielder. This effect ends immediately as soon as the wielder no longer carries <em>Azarim</em>.</p>\n<hr />\n<p><strong>Activate</strong> <span class=\"action-glyph\">R</span> (command, Interact)</p>\n<p><strong>Frequency</strong> once per hour</p>\n<p><strong>Effect</strong> <em>Azarim</em> bolsters her user's ability to lie. She can either attempt her own Deception check to resolve her wielder's Lie, or she can assist with her wielder's attempt to Lie and grant a +2 circumstance bonus to the Deception check.</p>\n<hr />\n<p><strong>Activate</strong> <span class=\"action-glyph\">3</span> (command, Interact)</p>\n<p><strong>Frequency</strong> once per day</p>\n<p><strong>Effect</strong> <em>Azarim</em> gains the effects of an <em>anarchic</em> weapon rune for 1 minute. When wielded by a character who's at least 11th level, <em>Azarim</em> becomes a <em>+2 striking anarchic shifting rapier</em>, and instead this activation can be applied to another weapon that's in physical contact with <em>Azarim</em>.</p>\n<p>@UUID[Compendium.pf2e.equipment-effects.Item.Effect: Azarim]</p>"
        },
        "group": "sword",
        "hardness": 0,
        "hp": {
            "max": 0,
            "value": 0
        },
        "level": {
            "value": 7
        },
        "material": {
            "grade": null,
            "type": null
        },
        "price": {
            "value": {
                "gp": 325
            }
        },
        "publication": {
            "license": "OGL",
            "remaster": false,
            "title": "Pathfinder Adventure: Crown of the Kobold King"
        },
        "quantity": 1,
        "range": null,
        "reload": {
            "value": ""
        },
        "rules": [
            {
                "damageType": "spirit",
                "diceNumber": 1,
                "dieSize": "d6",
                "key": "DamageDice",
                "predicate": [
                    "target:deity:slug:droskar"
                ],
                "selector": "{item|_id}-damage"
            }
        ],
        "runes": {
            "potency": 1,
            "property": [
                "shifting"
            ],
            "striking": 1
        },
        "size": "med",
        "specific": {
            "material": {
                "base": [
                    {
                        "thickness": "thin",
                        "type": "steel"
                    }
                ],
                "grade": null,
                "type": null
            },
            "runes": {
                "potency": 1,
                "property": [
                    "shifting"
                ],
                "striking": 1
            }
        },
        "splashDamage": {
            "value": 0
        },
        "traits": {
            "rarity": "unique",
            "value": [
                "chaotic",
                "deadly-d8",
                "disarm",
                "divine",
                "finesse",
                "good",
                "holy",
                "intelligent",
                "magical"
            ]
        },
        "usage": {
            "value": "held-in-one-hand"
        }
    },
    "type": "weapon"
}
