{
    "_id": "MvMa010Je10GN5dx",
    "img": "icons/commodities/flowers/iris-blue.webp",
    "name": "Azure Lily Pollen",
    "system": {
        "baseItem": null,
        "bulk": {
            "value": 0.1
        },
        "category": "poison",
        "containerId": null,
        "damage": null,
        "description": {
            "value": "<p><strong>Activate</strong> <span class=\"action-glyph\">1</span> Interact</p>\n<hr />\n<p>Azure lilies are a rare, toxic plant. Once harvested and refined, the effects of the rare azure lily overwhelm the senses with radical swings from torpor to euphoria.</p>\n<p><strong>Saving Throw</strong> @Check[fortitude|dc:28]</p>\n<p><strong>Maximum Duration</strong> 6 rounds</p>\n<p><strong>Stage 1</strong> @Damage[2d6[mental]] damage (1 round)</p>\n<p><strong>Stage 2</strong> @Damage[3d6[mental]] damage (1 round)</p>\n<p><strong>Stage 3</strong> @Damage[3d6[mental]] damage and @UUID[Compendium.pf2e.conditionitems.Item.Slowed]{Slowed 1} (1 round)</p>\n<p><strong>Stage 4</strong> @Damage[3d6[mental]] damage, slowed 1, and @UUID[Compendium.pf2e.conditionitems.Item.Confused] (1 round).</p>"
        },
        "hardness": 0,
        "hp": {
            "max": 0,
            "value": 0
        },
        "level": {
            "value": 10
        },
        "material": {
            "grade": null,
            "type": null
        },
        "price": {
            "value": {
                "gp": 200
            }
        },
        "publication": {
            "license": "OGL",
            "remaster": false,
            "title": "Pathfinder Kingmaker"
        },
        "quantity": 1,
        "rules": [],
        "size": "med",
        "traits": {
            "rarity": "rare",
            "value": [
                "alchemical",
                "consumable",
                "inhaled",
                "poison"
            ]
        },
        "usage": {
            "value": "held-in-one-hand"
        },
        "uses": {
            "autoDestroy": true,
            "max": 1,
            "value": 1
        }
    },
    "type": "consumable"
}
