{
    "_id": "LD2cFdr3IntL71oP",
    "img": "systems/pf2e/icons/equipment/worn-items/other-worn-items/backfire-mantle.webp",
    "name": "Backfire Mantle (Greater)",
    "system": {
        "baseItem": null,
        "bulk": {
            "value": 1
        },
        "containerId": null,
        "description": {
            "value": "<p>This vivid red cloak of sturdy fabric is favored by aggressive battle alchemists and mages, as well as those cautious warriors who need to advance into the fray ahead of the blast-happy back line. The mantle interposes to protect you from your own and allies' magic, granting you a +2 circumstance bonus to Reflex saves against your own spells, as well as those of your allies. You also gain resistance 10 to splash damage from your own alchemical items and those of your allies.</p>"
        },
        "hardness": 0,
        "hp": {
            "max": 0,
            "value": 0
        },
        "level": {
            "value": 8
        },
        "material": {
            "grade": null,
            "type": null
        },
        "price": {
            "value": {
                "gp": 430
            }
        },
        "publication": {
            "license": "OGL",
            "remaster": false,
            "title": "Pathfinder Secrets of Magic"
        },
        "quantity": 1,
        "rules": [
            {
                "key": "FlatModifier",
                "predicate": [
                    "item:type:spell",
                    {
                        "or": [
                            "origin:signature:{actor|signature}",
                            "origin:ally"
                        ]
                    }
                ],
                "selector": "reflex",
                "type": "circumstance",
                "value": 2
            }
        ],
        "size": "med",
        "traits": {
            "rarity": "common",
            "value": [
                "invested",
                "magical"
            ]
        },
        "usage": {
            "value": "worncloak"
        }
    },
    "type": "equipment"
}
