{
    "_id": "1UWYVwWVnp8Vng5t",
    "img": "systems/pf2e/icons/equipment/consumables/ammunition/backpack-catapult-stone.webp",
    "name": "Backpack Catapult Stone",
    "system": {
        "baseItem": null,
        "bulk": {
            "value": 1
        },
        "category": "ammo",
        "containerId": null,
        "damage": null,
        "description": {
            "value": ""
        },
        "hardness": 0,
        "hp": {
            "max": 0,
            "value": 0
        },
        "level": {
            "value": 0
        },
        "material": {
            "grade": null,
            "type": null
        },
        "price": {
            "value": {
                "sp": 1
            }
        },
        "publication": {
            "license": "OGL",
            "remaster": false,
            "title": "Pathfinder Guns & Gears"
        },
        "quantity": 1,
        "rules": [],
        "size": "med",
        "traits": {
            "rarity": "uncommon",
            "value": []
        },
        "usage": {
            "value": "held-in-one-hand"
        },
        "uses": {
            "autoDestroy": true,
            "max": 1,
            "value": 1
        }
    },
    "type": "consumable"
}
