{
    "_id": "3lgwjrFEsQVKzhh7",
    "img": "icons/containers/bags/pack-leather-white-tan.webp",
    "name": "Backpack",
    "system": {
        "baseItem": null,
        "bulk": {
            "capacity": 4,
            "heldOrStowed": 0.1,
            "ignored": 2,
            "value": 0
        },
        "collapsed": false,
        "containerId": null,
        "description": {
            "value": "<p>A backpack holds up to 4 Bulk of items and the first 2 Bulk of these items don't count against your Bulk limits. If you're carrying or stowing the pack rather than wearing it on your back, its Bulk is light instead of negligible</p>"
        },
        "hardness": 0,
        "hp": {
            "max": 0,
            "value": 0
        },
        "level": {
            "value": 0
        },
        "material": {
            "grade": null,
            "type": null
        },
        "price": {
            "value": {
                "sp": 1
            }
        },
        "publication": {
            "license": "ORC",
            "remaster": true,
            "title": "Pathfinder Player Core"
        },
        "quantity": 1,
        "rules": [],
        "size": "med",
        "stowing": true,
        "traits": {
            "rarity": "common",
            "value": []
        },
        "usage": {
            "value": "wornbackpack"
        }
    },
    "type": "backpack"
}
