{
    "_id": "n3kJYoTrzXYwlYaV",
    "img": "systems/pf2e/icons/equipment/cursed-items/bag-of-devouring.webp",
    "name": "Bag of Devouring Type III",
    "system": {
        "baseItem": null,
        "bulk": {
            "capacity": 150,
            "heldOrStowed": 1,
            "ignored": 150,
            "value": 1
        },
        "collapsed": false,
        "containerId": null,
        "description": {
            "value": "<p>This item appears to be and functions as a bag of holding, but is actually a feeding orifice of a bizarre extradimensional creature. Any animal or vegetable matter put in the bag has a chance of triggering the bag's interest. Whenever you reach into the bag to retrieve an item or place an animal or plant (or animal or plant product) within the bag, roll a @Check[flat|dc:9]. On a success, the bag ignores the intrusion. On a failure, the bag devours the triggering material, removing it from this realm of existence; the bag can't eat artifacts or other similarly hard-to-destroy items. If the triggering material is not entirely inside of the bag, such as when someone reaches a hand inside, the <em>bag of devouring</em> attempts to pull it completely inside the bag using a Grapple action, with an Athletics bonus determined by the type of bag. On a success, it devours the victim or object entirely.</p>\n<p><strong>Athletics Bonus</strong> +24; acts as a <em>type IV bag of holding</em></p>"
        },
        "hardness": 0,
        "hp": {
            "max": 0,
            "value": 0
        },
        "level": {
            "value": 13
        },
        "material": {
            "grade": null,
            "type": null
        },
        "price": {
            "value": {}
        },
        "publication": {
            "license": "OGL",
            "remaster": false,
            "title": "Pathfinder Gamemastery Guide"
        },
        "quantity": 1,
        "rules": [],
        "size": "med",
        "stowing": true,
        "traits": {
            "rarity": "rare",
            "value": [
                "cursed",
                "extradimensional",
                "magical"
            ]
        },
        "usage": {
            "value": "held-in-two-hands"
        }
    },
    "type": "backpack"
}
