{
    "_id": "kJSB09q2KTAcWZy9",
    "img": "icons/containers/bags/sack-leather-blue.webp",
    "name": "Bag of Cats",
    "system": {
        "baseItem": null,
        "bulk": {
            "value": 1
        },
        "containerId": null,
        "description": {
            "value": "<p>This beautiful leather bag is lined in soft fur and purrs quietly when pet.</p>\n<hr />\n<p><strong>Activate</strong> <span class=\"action-glyph\">2</span> Interact</p>\n<p><strong>Frequency</strong> once per day</p>\n<p><strong>Effect</strong> You shake the bag to produce a single cat. You cast a 3rd-rank @UUID[Compendium.pf2e.spells-srd.Item.Summon Animal] to produce a @UUID[Compendium.pf2e.pathfinder-monster-core.Actor.Leopard].</p>\n<hr />\n<p><strong>Activate</strong> <span class=\"action-glyph\">2</span> envision, Interact</p>\n<p><strong>Frequency</strong> once per day</p>\n<p><strong>Effect</strong> You pull the bag over your head and it covers you completely. You then exit the bag in the form of a large cat. You gain the effects of 3rd-rank @UUID[Compendium.pf2e.spells-srd.Item.Animal Form] but must use the cat battle form.</p>"
        },
        "hardness": 0,
        "hp": {
            "max": 0,
            "value": 0
        },
        "level": {
            "value": 8
        },
        "material": {
            "grade": null,
            "type": null
        },
        "price": {
            "value": {
                "gp": 500
            }
        },
        "publication": {
            "license": "OGL",
            "remaster": false,
            "title": "Pathfinder #170: Spoken on the Song Wind"
        },
        "quantity": 1,
        "rules": [],
        "size": "med",
        "traits": {
            "rarity": "uncommon",
            "value": [
                "magical"
            ]
        },
        "usage": {
            "value": "held-in-one-hand"
        }
    },
    "type": "equipment"
}
