{
    "_id": "W5znRDeklmWEGzFY",
    "img": "systems/pf2e/icons/equipment/held-items/bag-of-holding.webp",
    "name": "Bag of Weasels",
    "system": {
        "baseItem": null,
        "bulk": {
            "capacity": 25,
            "heldOrStowed": 1,
            "ignored": 25,
            "value": 1
        },
        "collapsed": false,
        "containerId": null,
        "description": {
            "value": "<p>This item appears to be and functions as a <em>@UUID[Compendium.pf2e.equipment-srd.Item.Spacious Pouch (Type I)]</em>, until you try to retrieve an item from the bag. Whenever you retrieve an item from the <em>bag of weasels</em>, roll a @Check[flat|dc:11]. On a success, you retrieve the item as normal. On a failure, the item you retrieve is transformed into a weasel; this doesn't affect artifacts, cursed items, or other hard-to-destroy items.</p>\n<p>This weasel uses either the weasel statistics or a giant rat statistics and exudes an aura of magic. The weasel has no loyalty to you and typically attempts to escape as quickly as possible. If the weasel is counteracted, it transforms back into the original item that was taken from the <em>bag of weasels</em>. If it dies or is slain, the weasel disappears and the item is permanently destroyed. Because the weasel is a transformed item, you don't gain any benefit you would receive from attacking a creature, defeating one, damaging one, or the like, but you do gain any benefit you would gain from destroying an item.</p>"
        },
        "hardness": 0,
        "hp": {
            "max": 0,
            "value": 0
        },
        "level": {
            "value": 4
        },
        "material": {
            "grade": null,
            "type": null
        },
        "price": {
            "value": {}
        },
        "publication": {
            "license": "ORC",
            "remaster": true,
            "title": "Pathfinder GM Core"
        },
        "quantity": 1,
        "rules": [],
        "size": "med",
        "stowing": true,
        "traits": {
            "rarity": "rare",
            "value": [
                "cursed",
                "extradimensional",
                "magical"
            ]
        },
        "usage": {
            "value": "held-in-two-hands"
        }
    },
    "type": "backpack"
}
