{
    "_id": "7eggb7exEAbZABrd",
    "img": "icons/tools/instruments/megaphone.webp",
    "name": "Bagpipes of Turmoil (Greater)",
    "system": {
        "baseItem": null,
        "bulk": {
            "value": 1
        },
        "containerId": null,
        "description": {
            "value": "<p>While those who appreciate bagpipes may like the sound of this gray reed and black leather instrument, its real purpose is to sow turmoil against a performer's enemies, spreading discord with each note. While playing the bagpipes, you gain a +1 item bonus to Performance checks and to Intimidation checks made to @UUID[Compendium.pf2e.actionspf2e.Item.Demoralize].</p><hr /><p><strong>Activate</strong> Cast a Spell</p>\n<p><strong>Effect</strong> You expend a number of charges from this instrument to cast a spell from its list.</p><ul><li><strong>Cantrip</strong> @UUID[Compendium.pf2e.spells-srd.Item.Daze]</li><li><strong>1st</strong> @UUID[Compendium.pf2e.spells-srd.Item.Bane]</li><li><strong>2nd</strong> @UUID[Compendium.pf2e.spells-srd.Item.Deafness], @UUID[Compendium.pf2e.spells-srd.Item.Knock], @UUID[Compendium.pf2e.spells-srd.Item.Shatter]</li><li><strong>3rd</strong> @UUID[Compendium.pf2e.spells-srd.Item.Agonizing Despair], @UUID[Compendium.pf2e.spells-srd.Item.Paralyze]</li></ul><hr /><p><strong>Craft Requirements</strong> Supply one casting of all listed ranks of all listed spells.</p>"
        },
        "hardness": 0,
        "hp": {
            "max": 0,
            "value": 0
        },
        "level": {
            "value": 8
        },
        "material": {
            "grade": null,
            "type": null
        },
        "price": {
            "value": {
                "gp": 460
            }
        },
        "publication": {
            "license": "OGL",
            "remaster": false,
            "title": "Pathfinder Treasure Vault"
        },
        "quantity": 1,
        "rules": [
            {
                "domain": "skill-check",
                "key": "RollOption",
                "label": "PF2E.SpecificRule.PlayingItem",
                "option": "playing",
                "toggleable": true
            },
            {
                "key": "FlatModifier",
                "predicate": [
                    "playing"
                ],
                "selector": "performance",
                "type": "item",
                "value": 1
            },
            {
                "key": "FlatModifier",
                "predicate": [
                    "action:demoralize",
                    "playing"
                ],
                "selector": "intimidation",
                "type": "item",
                "value": 1
            }
        ],
        "size": "med",
        "traits": {
            "rarity": "common",
            "value": [
                "coda",
                "occult",
                "staff"
            ]
        },
        "usage": {
            "value": "held-in-two-hands"
        }
    },
    "type": "equipment"
}
