{
    "_id": "mrgtvEbYTjGpOi7F",
    "img": "systems/pf2e/icons/default-icons/armor.svg",
    "name": "Bakuwa Lizardfolk Bony Plates",
    "system": {
        "acBonus": 4,
        "baseItem": null,
        "bulk": {
            "value": 0
        },
        "category": "medium",
        "checkPenalty": -2,
        "containerId": null,
        "description": {
            "value": "<p><strong>Note</strong> Bakuwa Lizardfolk heritage only</p><hr /><p>Your plates are medium armor in the plate armor group that grant a +4 item bonus to AC, a Dex cap of +1, a check penalty of –2, a Speed penalty of –5 feet, a Strength value of +3, and have the aquadynamic and comfort traits. You can never wear other armor or remove your plates. You can etch armor runes onto your plates.</p>"
        },
        "dexCap": 1,
        "group": "plate",
        "hardness": 0,
        "hp": {
            "max": 0,
            "value": 0
        },
        "level": {
            "value": 1
        },
        "material": {
            "grade": null,
            "type": null
        },
        "price": {
            "value": {}
        },
        "publication": {
            "license": "ORC",
            "remaster": true,
            "title": "Pathfinder Lost Omens Tian Xia Character Guide"
        },
        "quantity": 1,
        "rules": [],
        "runes": {
            "potency": 0,
            "property": [],
            "resilient": 0
        },
        "size": "med",
        "speedPenalty": -5,
        "strength": 3,
        "traits": {
            "rarity": "uncommon",
            "value": [
                "aquadynamic",
                "comfort"
            ]
        }
    },
    "type": "armor"
}
