{
    "_id": "eZIOsvyFRkqU43f8",
    "img": "systems/pf2e/icons/equipment/alchemical-items/alchemical-elixirs/baleblood-draft.webp",
    "name": "Baleblood Draft",
    "system": {
        "baseItem": null,
        "bulk": {
            "value": 0.1
        },
        "category": "elixir",
        "containerId": null,
        "damage": null,
        "description": {
            "value": "<p><strong>Activate</strong> <span class=\"action-glyph\">1</span> Interact</p>\n<hr />\n<p>This vial of murky, acrid-smelling liquid is derived from a blend of strange blood, typically coming from aberrations and cryptids. It has no special properties when used alone, but if you drink one shortly before drinking an alchemical elixir, you enhance the elixir's duration. Many tales of mysterious cryptids are actually based on encounters with people suffering the aftereffects of such concoctions.</p>\n<p>After drinking a baleblood draft, the next elixir you drink within 1 minute that has a duration of at least 1 minute and at most 1 hour has its duration extended by 50% (so a lesser cheetah's elixir lasts for a minute and a half instead of 1 minute).</p>\n<p>However, after pairing baleblood draft with another elixir, you suffer an eerie side effect for 1 week. This side effect never causes serious harm, although it might be inconvenient and is always ominous in appearance. All elixirs made in the same batch cause the same side effect. Drinking another draft with the same side effect extends the side effect's duration by another week, and drinking one with a different side effect causes you to suffer both effects simultaneously.</p>"
        },
        "hardness": 0,
        "hp": {
            "max": 0,
            "value": 0
        },
        "level": {
            "value": 10
        },
        "material": {
            "grade": null,
            "type": null
        },
        "price": {
            "value": {
                "gp": 155
            }
        },
        "publication": {
            "license": "OGL",
            "remaster": false,
            "title": "Pathfinder Dark Archive"
        },
        "quantity": 1,
        "rules": [],
        "size": "med",
        "traits": {
            "rarity": "rare",
            "value": [
                "alchemical",
                "consumable",
                "elixir"
            ]
        },
        "usage": {
            "value": "held-in-one-hand"
        },
        "uses": {
            "autoDestroy": true,
            "max": 1,
            "value": 1
        }
    },
    "type": "consumable"
}
