{
    "_id": "Do8vjuUBOslgPtyw",
    "img": "systems/pf2e/icons/equipment/consumables/talismans/balisse-feather.webp",
    "name": "Balisse Feather",
    "system": {
        "baseItem": null,
        "bulk": {
            "value": 0
        },
        "category": "talisman",
        "containerId": null,
        "damage": null,
        "description": {
            "value": "<p><strong>Usage</strong> affixed to a weapon</p>\n<p><strong>Activate</strong> <span class=\"action-glyph\">F</span> (concentrate)</p>\n<p><strong>Trigger</strong> You deal damage using the affixed weapon to a creature that has the unholy trait or that you witnessed harm an ally, an innocent, or a noncombatant within the last minute.</p><hr /><p>This long, fire-red feather smolders from the weapon it adorns. When you activate the feather, the creature you damaged burns with sacred light. The creature must succeed at a @Check[will|dc:29] save or take a –2 status penalty to AC and saving throws and reduce its resistances by 5. These effects last until the end of your next turn. This item has no effect on a creature with the holy trait.</p>"
        },
        "hardness": 0,
        "hp": {
            "max": 0,
            "value": 0
        },
        "level": {
            "value": 12
        },
        "material": {
            "grade": null,
            "type": null
        },
        "price": {
            "value": {
                "gp": 400
            }
        },
        "publication": {
            "license": "ORC",
            "remaster": true,
            "title": "Pathfinder Player Core 2"
        },
        "quantity": 1,
        "rules": [],
        "size": "med",
        "traits": {
            "rarity": "common",
            "value": [
                "consumable",
                "holy",
                "magical",
                "talisman"
            ]
        },
        "usage": {
            "value": "affixed-to-weapon"
        },
        "uses": {
            "autoDestroy": true,
            "max": 1,
            "value": 1
        }
    },
    "type": "consumable"
}
