{
    "_id": "G72UFwPRKBdfqib9",
    "img": "icons/equipment/wrist/bracer-engraved-leather-black.webp",
    "name": "Bands of Imprisonment",
    "system": {
        "baseItem": null,
        "bulk": {
            "value": 0
        },
        "containerId": null,
        "description": {
            "value": "<p>@Embed[Compendium.pf2e.classfeatures.Item.N1hWQx0IuKWjZ2dn inline]</p>"
        },
        "hardness": 0,
        "hp": {
            "max": 0,
            "value": 0
        },
        "level": {
            "value": 0
        },
        "material": {
            "grade": null,
            "type": null
        },
        "price": {
            "value": {}
        },
        "publication": {
            "license": "ORC",
            "remaster": true,
            "title": "Pathfinder War of Immortals"
        },
        "quantity": 1,
        "rules": [],
        "size": "med",
        "traits": {
            "rarity": "rare",
            "value": [
                "divine"
            ]
        },
        "usage": {
            "value": "wornanklets"
        }
    },
    "type": "equipment"
}
