{
    "_id": "Hl2JP8PQKrKxAfAD",
    "img": "systems/pf2e/icons/equipment/held-items/bandalore.webp",
    "name": "Bandalore",
    "system": {
        "baseItem": null,
        "bulk": {
            "value": 0
        },
        "containerId": null,
        "description": {
            "value": "<p>Similar to a spool of string, a bandalore consists of two wooden disks connected to a central axle wound with string. By holding the end of the string and releasing the bandalore, a skilled user can move the bandalore up and down, performing a variety of tricks.</p>"
        },
        "hardness": 0,
        "hp": {
            "max": 0,
            "value": 0
        },
        "level": {
            "value": 0
        },
        "material": {
            "grade": null,
            "type": null
        },
        "price": {
            "value": {
                "cp": 5
            }
        },
        "publication": {
            "license": "OGL",
            "remaster": false,
            "title": "Pathfinder Lost Omens The Grand Bazaar"
        },
        "quantity": 1,
        "rules": [],
        "size": "med",
        "traits": {
            "rarity": "common",
            "value": []
        },
        "usage": {
            "value": "held-in-one-hand"
        }
    },
    "type": "equipment"
}
