{
    "_id": "8mhSUxEvNuXDP8Ki",
    "img": "systems/pf2e/icons/equipment/worn-items/other-worn-items/bracers-of-armor.webp",
    "name": "Bands of Force (Greater)",
    "system": {
        "baseItem": null,
        "bulk": {
            "value": 0.1
        },
        "containerId": null,
        "description": {
            "value": "<p>Decorated with clear gemstones, these thick metal bands spread an inflexible layer of force over your body. The force grants you a +2 item bonus to AC and saving throws, and a maximum Dexterity modifier of +5 as armor. You can affix talismans to the bands as though they were light armor.</p>\n<p><strong>Activate—Return Force</strong> <span class=\"action-glyph\">R</span> (force, manipulate)</p>\n<p><strong>Trigger</strong> A creature critically misses you with a melee Strike</p>\n<hr />\n<p><strong>Effect</strong> You Shove the creature using the bands' Athletics modifier of [[/r d20+21]]{+21}.</p>"
        },
        "hardness": 0,
        "hp": {
            "max": 0,
            "value": 0
        },
        "level": {
            "value": 14
        },
        "material": {
            "grade": null,
            "type": null
        },
        "price": {
            "value": {
                "gp": 4500
            }
        },
        "publication": {
            "license": "ORC",
            "remaster": true,
            "title": "Pathfinder GM Core"
        },
        "quantity": 1,
        "rules": [
            {
                "key": "FlatModifier",
                "selector": [
                    "ac",
                    "saving-throw"
                ],
                "slug": "bands-of-force",
                "type": "item",
                "value": 2
            },
            {
                "key": "DexterityModifierCap",
                "value": 5
            }
        ],
        "size": "med",
        "traits": {
            "rarity": "common",
            "value": [
                "force",
                "invested",
                "magical"
            ]
        },
        "usage": {
            "value": "wornbracers"
        }
    },
    "type": "equipment"
}
