{
    "_id": "arNOPU7h8nNbnZ1N",
    "img": "systems/pf2e/icons/default-icons/consumable.svg",
    "name": "Bane Ammunition (Lesser)",
    "system": {
        "baseItem": null,
        "bulk": {
            "value": 0
        },
        "category": "ammo",
        "containerId": null,
        "damage": null,
        "description": {
            "value": "<p><strong>Ammunition</strong> any</p>\n<p><strong>Activate</strong> <span class=\"action-glyph\">1</span> Interact</p>\n<hr />\n<p>Monster hunters favor bane ammunition that contains a capsule of reagents tailored to a particular type of creature—aberration, animal, beast, dragon, fey, giant, ooze, or both fungus and plant. Each type requires a different formula. When activated bane ammunition hits a target that has a trait matching the selected type, it takes @Damage[1d4[persistent,poison]] damage in addition to the damage the attack normally deals.</p>"
        },
        "hardness": 0,
        "hp": {
            "max": 0,
            "value": 0
        },
        "level": {
            "value": 1
        },
        "material": {
            "grade": null,
            "type": null
        },
        "price": {
            "value": {
                "gp": 3
            }
        },
        "publication": {
            "license": "OGL",
            "remaster": false,
            "title": "Pathfinder Treasure Vault"
        },
        "quantity": 1,
        "rules": [],
        "size": "med",
        "traits": {
            "rarity": "common",
            "value": [
                "alchemical",
                "consumable",
                "poison"
            ]
        },
        "usage": {
            "value": "held-in-one-hand"
        },
        "uses": {
            "autoDestroy": true,
            "max": 1,
            "value": 1
        }
    },
    "type": "consumable"
}
