{
    "_id": "n6ZmkKhxd0iuS1RG",
    "img": "icons/equipment/finger/ring-band-engraved-scrolls-silver.webp",
    "name": "Bangles of Crowns",
    "system": {
        "apex": {
            "attribute": "cha"
        },
        "baseItem": null,
        "bulk": {
            "value": 0.1
        },
        "containerId": null,
        "description": {
            "value": "<p>This pair of silver bangles is engraved with images of crowns. While wearing the bangles, you are filled with an overwhelming sense of assertiveness and a more commanding presence. You gain a +3 item bonus to Intimidation checks. When you invest the bangles, you either increase your Charisma score by 2 or increase it to 18, whichever is higher.</p>\n<p><strong>Activate</strong> <span class=\"action-glyph\">2</span> command, envision</p>\n<p><strong>Frequency</strong> once per hour</p>\n<p><strong>Effect</strong> You cast a 3rd-rank @UUID[Compendium.pf2e.spells-srd.Item.Fear] spell (@Check[will|dc:38|traits:emotion,fear,mental,spell]).</p>\n<hr />\n<p><strong>Activate</strong> <span class=\"action-glyph\">r</span> envision</p>\n<p><strong>Frequency</strong> once per hour</p>\n<p><strong>Trigger</strong> An enemy within 60 feet becomes @UUID[Compendium.pf2e.conditionitems.Item.Frightened]</p>\n<p><strong>Effect</strong> You become emboldened by your enemy's fear. You gain a +1 circumstance bonus to checks against the triggering creature for 1 round. You also gain 15 temporary Hit Points. You lose any remaining temporary Hit Points after 1 minute.</p>"
        },
        "hardness": 0,
        "hp": {
            "max": 0,
            "value": 0
        },
        "level": {
            "value": 17
        },
        "material": {
            "grade": null,
            "type": null
        },
        "price": {
            "value": {
                "gp": 15000
            }
        },
        "publication": {
            "license": "OGL",
            "remaster": false,
            "title": "Pathfinder #192: Worst of All Possible Worlds"
        },
        "quantity": 1,
        "rules": [
            {
                "key": "FlatModifier",
                "selector": "intimidation",
                "type": "item",
                "value": 3
            }
        ],
        "size": "med",
        "traits": {
            "rarity": "rare",
            "value": [
                "apex",
                "invested",
                "magical"
            ]
        },
        "usage": {
            "value": "worn"
        }
    },
    "type": "equipment"
}
