{
    "_id": "qZUo5SmGxp5BlqFN",
    "img": "systems/pf2e/icons/equipment/cursed-items/barbed-vest.webp",
    "name": "Barbed Vest",
    "system": {
        "acBonus": 2,
        "baseItem": "studded-leather-armor",
        "bulk": {
            "value": 1
        },
        "category": "light",
        "checkPenalty": -1,
        "containerId": null,
        "description": {
            "value": "<p>Viciously sharp spiked chains wrap around this @UUID[Compendium.pf2e.equipment-srd.Item.Studded Leather Armor] that can be used to magically harm the wearer and channel supernatural abilities without somehow tearing at the leather itself.</p>\n<p>The barbed vest doesn't fuse to you in the usual way. It can be removed and discarded, but 1 day after doing so, you feel driven to recollect the vest at any cost until the curse is removed with a @UUID[Compendium.pf2e.spells-srd.Item.Cleanse Affliction] spell.</p>\n<p>Anytime you activate the barbed vest, its chains tighten around you, dealing @Damage[1d6[persistent,piercing]] damage. You can remove this persistent damage as normal, but only after deactivating the item's magic as a single action.</p>\n<p><strong>Activate</strong> <span class=\"action-glyph\">2</span> Interact</p>\n<p><strong>Frequency</strong> Once per day</p>\n<hr />\n<p><strong>Effect</strong> The barbed vest casts @UUID[Compendium.pf2e.spells-srd.Item.Spiritual Weapon], summoning a @UUID[Compendium.pf2e.equipment-srd.Item.Spiked Chain] to fight for you.</p>"
        },
        "dexCap": 3,
        "group": "leather",
        "hardness": 0,
        "hp": {
            "max": 0,
            "value": 0
        },
        "level": {
            "value": 10
        },
        "material": {
            "grade": null,
            "type": null
        },
        "price": {
            "value": {}
        },
        "publication": {
            "license": "OGL",
            "remaster": false,
            "title": "Pathfinder #159: All or Nothing"
        },
        "quantity": 1,
        "rules": [],
        "runes": {
            "potency": 0,
            "property": [],
            "resilient": 0
        },
        "size": "med",
        "speedPenalty": 0,
        "strength": 1,
        "traits": {
            "rarity": "rare",
            "value": [
                "cursed",
                "invested",
                "magical"
            ]
        }
    },
    "type": "armor"
}
