{
    "_id": "eoI3M6FXtcPWeg7i",
    "img": "icons/environment/creatures/horse-tan.webp",
    "name": "Barding of the Zephyr",
    "system": {
        "acBonus": 1,
        "baseItem": null,
        "bulk": {
            "value": 0.1
        },
        "category": "light-barding",
        "checkPenalty": -1,
        "containerId": null,
        "description": {
            "value": "<p>This light barding is covered in stylized wind motifs. When you suit up your animal companion, the barding adjusts to fit your animal companion regardless of its shape.</p>\n<p>When your companion falls, wind picks it up from below; it gains the effects of @UUID[Compendium.pf2e.spells-srd.Item.Gentle Landing].</p>\n<p><strong>Activate—Take Flight</strong> <span class=\"action-glyph\">2</span> (manipulate)</p>\n<p><strong>Frequency</strong> once per day</p><hr /><p><strong>Effect</strong> You trace a finger along the wind motifs on the barding, granting your companion wearing the barding a fly Speed of 30 feet for 10 minutes. Even if the companion doesn't have the mount special ability, it can still Fly while being ridden.</p>\n<p>@UUID[Compendium.pf2e.equipment-effects.Item.Effect: Barding of the Zephyr]</p>"
        },
        "dexCap": 5,
        "group": null,
        "hardness": 0,
        "hp": {
            "max": 0,
            "value": 0
        },
        "level": {
            "value": 10
        },
        "material": {
            "grade": null,
            "type": null
        },
        "price": {
            "value": {
                "gp": 900
            }
        },
        "publication": {
            "license": "ORC",
            "remaster": true,
            "title": "Pathfinder GM Core"
        },
        "quantity": 1,
        "rules": [],
        "runes": {
            "potency": 0,
            "property": [],
            "resilient": 0
        },
        "size": "med",
        "speedPenalty": -5,
        "strength": 3,
        "traits": {
            "rarity": "common",
            "value": [
                "companion",
                "invested",
                "primal"
            ]
        }
    },
    "type": "armor"
}
