{
    "_id": "UogGzQfXDc32E1p7",
    "img": "icons/weapons/guns/gun-worn-gold.webp",
    "name": "Barricade Buster",
    "system": {
        "baseItem": "barricade-buster",
        "bonus": {
            "value": 0
        },
        "bonusDamage": {
            "value": 0
        },
        "bulk": {
            "value": 3
        },
        "category": "advanced",
        "containerId": null,
        "damage": {
            "damageType": "bludgeoning",
            "dice": 1,
            "die": "d10"
        },
        "description": {
            "value": "<p>Developed by a half-orc inventor from Alkenstar who brought the technology north to battle the Whispering Tyrant alongside the orc hordes of Belkzen, the barricade buster features eight barrels fixed around a central pivot attached to a handle and firing mechanism. A barricade buster fires spheres of metal with extreme velocity and very little accuracy.</p>"
        },
        "group": "firearm",
        "hardness": 0,
        "hp": {
            "max": 0,
            "value": 0
        },
        "level": {
            "value": 1
        },
        "material": {
            "grade": null,
            "type": null
        },
        "price": {
            "value": {
                "gp": 9
            }
        },
        "publication": {
            "license": "OGL",
            "remaster": false,
            "title": "Pathfinder Treasure Vault"
        },
        "quantity": 1,
        "range": 40,
        "reload": {
            "value": "0"
        },
        "rules": [],
        "runes": {
            "potency": 0,
            "property": [],
            "striking": 0
        },
        "size": "med",
        "splashDamage": {
            "value": 0
        },
        "traits": {
            "rarity": "uncommon",
            "value": [
                "kickback",
                "orc",
                "razing",
                "repeating",
                "volley-20"
            ]
        },
        "usage": {
            "value": "held-in-two-hands"
        }
    },
    "type": "weapon"
}
