{
    "_id": "w4Hd6nunVVqw3GWj",
    "img": "icons/sundries/books/book-worn-blue.webp",
    "name": "Basic Crafter's Book",
    "system": {
        "baseItem": null,
        "bulk": {
            "value": 0.1
        },
        "containerId": null,
        "description": {
            "value": "<p>This book contains the formulas for Crafting the 0-level common items in Chapter 6 of the Pathfinder Player Core.</p>"
        },
        "hardness": 0,
        "hp": {
            "max": 0,
            "value": 0
        },
        "level": {
            "value": 0
        },
        "material": {
            "grade": null,
            "type": null
        },
        "price": {
            "value": {
                "sp": 1
            }
        },
        "publication": {
            "license": "ORC",
            "remaster": true,
            "title": "Pathfinder Player Core"
        },
        "quantity": 1,
        "rules": [],
        "size": "med",
        "traits": {
            "rarity": "common",
            "value": []
        },
        "usage": {
            "value": "held-in-two-hands"
        }
    },
    "type": "equipment"
}
