{
    "_id": "vL6AtFbcxbipGvtf",
    "img": "systems/pf2e/icons/equipment/consumables/talismans/basilisk-eye.webp",
    "name": "Basilisk Eye",
    "system": {
        "baseItem": null,
        "bulk": {
            "value": 0
        },
        "category": "talisman",
        "containerId": null,
        "damage": null,
        "description": {
            "value": "<p><strong>Activate</strong> <span class=\"action-glyph\">F</span> (concentrate)</p>\n<p><strong>Trigger</strong> You @UUID[Compendium.pf2e.feats-srd.Item.Shield Block] a melee attack with the affixed shield</p><hr /><p>This slimy green stone glows with a strong light whenever the shield it adorns blocks a melee attack. When the eye is activated, the attacker must succeed at a @Check[fortitude|dc:25] save or become @UUID[Compendium.pf2e.conditionitems.Item.Slowed]{Slowed 1} for 1 minute as its body slowly stiffens in partial petrification.</p>"
        },
        "hardness": 0,
        "hp": {
            "max": 0,
            "value": 0
        },
        "level": {
            "value": 9
        },
        "material": {
            "grade": null,
            "type": null
        },
        "price": {
            "value": {
                "gp": 150
            }
        },
        "publication": {
            "license": "ORC",
            "remaster": true,
            "title": "Pathfinder GM Core"
        },
        "quantity": 1,
        "rules": [],
        "size": "med",
        "traits": {
            "rarity": "common",
            "value": [
                "consumable",
                "magical",
                "talisman",
                "visual"
            ]
        },
        "usage": {
            "value": "affixed-to-a-shield"
        },
        "uses": {
            "autoDestroy": true,
            "max": 1,
            "value": 1
        }
    },
    "type": "consumable"
}
