{
    "_id": "IGgK7NAdfyAPm8V0",
    "img": "icons/equipment/head/hood-cowl-mask-purple.webp",
    "name": "Basic Face Mask",
    "system": {
        "baseItem": null,
        "bulk": {
            "value": 0
        },
        "containerId": null,
        "description": {
            "value": "<p>This simple cloth mask, sewn to closely fit your face, is fastened by two sets of strings drawn across your face and secured behind your head. While wearing the mask, you gain a +1 item bonus on any initial saves to avoid contracting airborne diseases, such as choking death or tuberculosis.</p>"
        },
        "hardness": 0,
        "hp": {
            "max": 0,
            "value": 0
        },
        "level": {
            "value": 0
        },
        "material": {
            "grade": null,
            "type": null
        },
        "price": {
            "value": {
                "sp": 3
            }
        },
        "publication": {
            "license": "OGL",
            "remaster": false,
            "title": "Pathfinder Treasure Vault"
        },
        "quantity": 1,
        "rules": [
            {
                "key": "FlatModifier",
                "label": "Basic Face Mask (Airborne Disease)",
                "predicate": [
                    "disease"
                ],
                "selector": [
                    "fortitude",
                    "will",
                    "reflex"
                ],
                "type": "item",
                "value": 1
            }
        ],
        "size": "med",
        "traits": {
            "rarity": "common",
            "value": []
        },
        "usage": {
            "value": "worn"
        }
    },
    "type": "equipment"
}
