{
    "_id": "ZWTK4Q2JlvJ5Bx6A",
    "img": "systems/pf2e/icons/equipment/worn-items/other-worn-items/basic-chair.webp",
    "name": "Basic Chair",
    "system": {
        "baseItem": null,
        "bulk": {
            "value": 2
        },
        "containerId": null,
        "description": {
            "value": "<p>This common wheelchair is ideal for everyday use but isn't designed for strenuous activity. Basic chairs are most common among non-adventurers.</p>"
        },
        "hardness": 0,
        "hp": {
            "max": 0,
            "value": 0
        },
        "level": {
            "value": 0
        },
        "material": {
            "grade": null,
            "type": null
        },
        "price": {
            "value": {
                "sp": 5
            }
        },
        "publication": {
            "license": "OGL",
            "remaster": false,
            "title": "Pathfinder Lost Omens The Grand Bazaar"
        },
        "quantity": 1,
        "rules": [],
        "size": "med",
        "traits": {
            "rarity": "common",
            "value": []
        },
        "usage": {
            "value": "worn"
        }
    },
    "type": "equipment"
}
