{
    "_id": "IAPztxiK2T5mC2Y5",
    "img": "systems/pf2e/icons/equipment/armor/bastion-plate.webp",
    "name": "Bastion of the Inheritor",
    "system": {
        "acBonus": 6,
        "baseItem": "bastion-plate",
        "bulk": {
            "value": 5
        },
        "category": "heavy",
        "checkPenalty": -3,
        "containerId": null,
        "description": {
            "value": "<p>Worn by Iomedae's prestigious knights, this <em>+2 resilient bastion plate</em> is emblazoned with the Inheritor's religious symbol and sports a white cloak. While the cloak is white, this armor grants you a +2 item bonus to Diplomacy checks to @UUID[Compendium.pf2e.actionspf2e.Item.Make an Impression], provided your target has no enmity toward Iomedae.</p>\n<p><strong>Activate</strong> <span class=\"action-glyph\">1</span> command</p>\n<hr />\n<p><strong>Effect</strong> The armor's cloak becomes red for 1 minute. As long as the cloak is red, you gain the benefits of the armor's deflect melee trait without needing to spend an additional action to activate it during each turn.</p>\n<p><strong>Craft Requirements</strong> You worship Iomedae.</p>"
        },
        "dexCap": 0,
        "group": "plate",
        "hardness": 0,
        "hp": {
            "max": 0,
            "value": 0
        },
        "level": {
            "value": 12
        },
        "material": {
            "grade": null,
            "type": null
        },
        "price": {
            "value": {
                "gp": 1750
            }
        },
        "publication": {
            "license": "OGL",
            "remaster": false,
            "title": "Pathfinder Treasure Vault"
        },
        "quantity": 1,
        "rules": [
            {
                "key": "FlatModifier",
                "predicate": [
                    "action:make-an-impression"
                ],
                "selector": "diplomacy",
                "type": "item",
                "value": 2
            }
        ],
        "runes": {
            "potency": 2,
            "property": [],
            "resilient": 1
        },
        "size": "med",
        "specific": {
            "material": {
                "grade": null,
                "type": null
            },
            "runes": {
                "potency": 2,
                "property": [],
                "resilient": 1
            }
        },
        "speedPenalty": -10,
        "strength": 4,
        "traits": {
            "rarity": "uncommon",
            "value": [
                "bulwark",
                "entrench-melee",
                "hindering"
            ]
        }
    },
    "type": "armor"
}
