{
    "_id": "zB0Q86QD0A10CeFH",
    "img": "icons/weapons/staves/staff-simple-spiral-grey.webp",
    "name": "Batsbreath Cane",
    "system": {
        "baseItem": "probing-cane",
        "bonus": {
            "value": 0
        },
        "bonusDamage": {
            "value": 0
        },
        "bulk": {
            "value": 0.1
        },
        "category": "martial",
        "containerId": null,
        "damage": {
            "damageType": "bludgeoning",
            "dice": 1,
            "die": "d6"
        },
        "description": {
            "value": "<p>A specialized <em>+1 striking thundering probing cane</em> made from strengthened spruce wood, a <em>batsbreath cane</em> is distinctive for its brass tip. The tip covers a small hollow in the wood that houses quartz crystals infused with latent storm magic.</p>\n<hr />\n<p><strong>Activate</strong> <span class=\"action-glyph\">1</span> Interact</p>\n<p><strong>Frequency</strong> once per hour</p>\n<p><strong>Effect</strong> You strike the cane firmly against the ground, causing a pin within the brass tip to tap the crystals and emit a sonic pulse. The pulse reverberates in a 60-foot radius for the next minute, with the cane acting as an antenna to receive the echoes. For 1 minute, as long as you remain in the area and are holding the cane, you gain hearing as a precise sense.</p>\n<p>@UUID[Compendium.pf2e.equipment-effects.Item.Effect: Batsbreath Cane]</p>"
        },
        "group": "club",
        "hardness": 0,
        "hp": {
            "max": 0,
            "value": 0
        },
        "level": {
            "value": 10
        },
        "material": {
            "grade": null,
            "type": null
        },
        "price": {
            "value": {
                "gp": 950
            }
        },
        "publication": {
            "license": "OGL",
            "remaster": false,
            "title": "Pathfinder Treasure Vault"
        },
        "quantity": 1,
        "range": null,
        "reload": {
            "value": ""
        },
        "rules": [],
        "runes": {
            "potency": 1,
            "property": [
                "thundering"
            ],
            "striking": 1
        },
        "size": "med",
        "specific": {
            "material": {
                "grade": null,
                "type": null
            },
            "runes": {
                "potency": 1,
                "property": [
                    "thundering"
                ],
                "striking": 1
            }
        },
        "splashDamage": {
            "value": 0
        },
        "traits": {
            "rarity": "common",
            "value": [
                "finesse",
                "sweep"
            ]
        },
        "usage": {
            "value": "held-in-one-hand"
        }
    },
    "type": "weapon"
}
