{
    "_id": "8kv4fmpE1geu4bFx",
    "img": "icons/weapons/staves/staff-ornate-wood-red.webp",
    "name": "Battle Medic's Baton",
    "system": {
        "baseItem": null,
        "bulk": {
            "value": 0.1
        },
        "containerId": null,
        "description": {
            "value": "<p>This short bronze rod has the form of a serpent coiled around it. While you hold it, you gain a +1 item bonus to Medicine checks.</p>\n<p><strong>Activate</strong> <span class=\"action-glyph\">2</span> command, Interact</p>\n<p><strong>Frequency</strong> once per hour</p>\n<p><strong>Requirements</strong> You have the Battle Medicine action</p>\n<hr />\n<p><strong>Effect</strong> You use Battle Medicine. The target is temporarily immune to your Battle Medicine for 1 hour instead of 1 day.</p>"
        },
        "hardness": 0,
        "hp": {
            "max": 0,
            "value": 0
        },
        "level": {
            "value": 3
        },
        "material": {
            "grade": null,
            "type": null
        },
        "price": {
            "value": {
                "gp": 60
            }
        },
        "publication": {
            "license": "OGL",
            "remaster": false,
            "title": "Pathfinder Treasure Vault"
        },
        "quantity": 1,
        "rules": [
            {
                "key": "FlatModifier",
                "selector": "medicine",
                "type": "item",
                "value": 1
            }
        ],
        "size": "med",
        "traits": {
            "rarity": "common",
            "value": [
                "magical"
            ]
        },
        "usage": {
            "value": "held-in-one-hand"
        }
    },
    "type": "equipment"
}
