{
    "_id": "nz4riYwJiko98Mva",
    "img": "systems/pf2e/icons/default-icons/consumable.svg",
    "name": "Battering Snare",
    "system": {
        "baseItem": null,
        "bulk": {
            "value": 0
        },
        "category": "snare",
        "containerId": null,
        "damage": null,
        "description": {
            "value": "<p>This snare consists of a flat rock or metal plate held in place with a spring or flexible branch. When triggered, the flat object swings wide and smacks the triggering creature violently. The first creature to enter its square receives @Damage[2d6[bludgeoning]] damage (@Check[reflex|dc:16|basic]). On a critical failure, the creature is also @UUID[Compendium.pf2e.conditionitems.Item.Stunned]{Stunned 1}.</p>"
        },
        "hardness": 0,
        "hp": {
            "max": 0,
            "value": 0
        },
        "level": {
            "value": 1
        },
        "material": {
            "grade": null,
            "type": null
        },
        "price": {
            "value": {
                "gp": 3
            }
        },
        "publication": {
            "license": "OGL",
            "remaster": false,
            "title": "Pathfinder #175: Broken Tusk Moon"
        },
        "quantity": 1,
        "rules": [],
        "size": "med",
        "traits": {
            "rarity": "common",
            "value": [
                "consumable",
                "mechanical",
                "nonlethal",
                "snare",
                "trap"
            ]
        },
        "usage": {
            "value": "held-in-one-hand"
        },
        "uses": {
            "autoDestroy": true,
            "max": 1,
            "value": 1
        }
    },
    "type": "consumable"
}
