{
    "_id": "taAjenWKjBJpQyrE",
    "img": "systems/pf2e/icons/equipment/consumables/ammunition/beacon-shot.webp",
    "name": "Beacon Shot",
    "system": {
        "baseItem": null,
        "bulk": {
            "value": 0
        },
        "category": "ammo",
        "containerId": null,
        "damage": null,
        "description": {
            "value": "<p><strong>Ammunition</strong> arrow, bolt</p>\n<p><strong>Activate</strong> <span class=\"action-glyph\">A</span> (manipulate)</p>\n<hr />\n<p>The shaft of a <em>beacon shot</em> is studded with tiny flecks of glimmering gemstones. When an activated <em>beacon shot</em> hits a target, it embeds itself into that target and spews sparks for 1 minute. If the target is @UUID[Compendium.pf2e.conditionitems.Item.Invisible], it becomes merely @UUID[Compendium.pf2e.conditionitems.Item.Hidden] to creatures who would otherwise be unable to see it. The sparks also negate the @UUID[Compendium.pf2e.conditionitems.Item.Concealed] condition if the target was otherwise concealed.</p>\n<p>A creature can remove the arrow or bolt by using an Interact basic action and succeeding at a @Check[athletics|dc:20|name:Remove Beacon Shot] check.</p>"
        },
        "hardness": 0,
        "hp": {
            "max": 0,
            "value": 0
        },
        "level": {
            "value": 3
        },
        "material": {
            "grade": null,
            "type": null
        },
        "price": {
            "value": {
                "gp": 10
            }
        },
        "publication": {
            "license": "ORC",
            "remaster": true,
            "title": "Pathfinder GM Core"
        },
        "quantity": 1,
        "rules": [],
        "size": "med",
        "traits": {
            "rarity": "common",
            "value": [
                "consumable",
                "magical"
            ]
        },
        "usage": {
            "value": "held-in-one-hand"
        },
        "uses": {
            "autoDestroy": true,
            "max": 1,
            "value": 1
        }
    },
    "type": "consumable"
}
