{
    "_id": "PeRLqNTbzaiITNuO",
    "img": "icons/weapons/staves/staff-animal-bull.webp",
    "name": "Beast Staff (Major)",
    "system": {
        "baseItem": "staff",
        "bonus": {
            "value": 0
        },
        "bonusDamage": {
            "value": 0
        },
        "bulk": {
            "value": 1
        },
        "category": "simple",
        "containerId": null,
        "damage": {
            "damageType": "bludgeoning",
            "dice": 1,
            "die": "d4"
        },
        "description": {
            "value": "<p>The visages of beasts are carved into the painted wood of a <em>beast staff</em>, with a large head on top. When used as a weapon, the staff is a <em>+2 greater striking staff</em>. While wielding the staff while you have it prepared, you're affected by @UUID[Compendium.pf2e.spells-srd.Item.Speak with Animals]. If you have @UUID[Compendium.pf2e.feats-srd.Item.Animal Empathy], you gain a +2 circumstance bonus on checks using it.</p>\n<hr />\n<p><strong>Activate</strong> Cast a Spell</p>\n<p><strong>Effect</strong> You expend a number of charges from the staff to cast a spell from its list.</p>\n<ul>\n<li><strong>Cantrip</strong> @UUID[Compendium.pf2e.spells-srd.Item.Gouging Claw]</li>\n<li><strong>1st</strong> @UUID[Compendium.pf2e.spells-srd.Item.Runic Body], @UUID[Compendium.pf2e.spells-srd.Item.Pest Form]</li>\n<li><strong>2nd</strong> @UUID[Compendium.pf2e.spells-srd.Item.Animal Form], @UUID[Compendium.pf2e.spells-srd.Item.Enlarge]</li>\n<li><strong>3rd</strong> @UUID[Compendium.pf2e.spells-srd.Item.Animal Form], @UUID[Compendium.pf2e.spells-srd.Item.Insect Form]</li>\n<li><strong>4th</strong> @UUID[Compendium.pf2e.spells-srd.Item.Animal Form], @UUID[Compendium.pf2e.spells-srd.Item.Bestial Curse], @UUID[Compendium.pf2e.spells-srd.Item.Insect Form], @UUID[Compendium.pf2e.spells-srd.Item.Pest Form]</li>\n<li><strong>5th</strong> @UUID[Compendium.pf2e.spells-srd.Item.Animal Form], @UUID[Compendium.pf2e.spells-srd.Item.Insect Form], @UUID[Compendium.pf2e.spells-srd.Item.Moon Frenzy]</li>\n<li><strong>6th</strong> @UUID[Compendium.pf2e.spells-srd.Item.Cursed Metamorphosis], @UUID[Compendium.pf2e.spells-srd.Item.Moon Frenzy]</li>\n</ul>\n<hr />\n<p><strong>Craft Requirements</strong> Supply one casting of all listed ranks of all listed spells.</p>"
        },
        "group": "club",
        "hardness": 0,
        "hp": {
            "max": 0,
            "value": 0
        },
        "level": {
            "value": 15
        },
        "material": {
            "grade": null,
            "type": null
        },
        "price": {
            "value": {
                "gp": 6250
            }
        },
        "publication": {
            "license": "OGL",
            "remaster": false,
            "title": "Pathfinder Treasure Vault"
        },
        "quantity": 1,
        "range": null,
        "reload": {
            "value": ""
        },
        "rules": [],
        "runes": {
            "potency": 2,
            "property": [],
            "striking": 2
        },
        "size": "med",
        "specific": {
            "material": {
                "grade": null,
                "type": null
            },
            "runes": {
                "potency": 2,
                "property": [],
                "striking": 2
            }
        },
        "splashDamage": {
            "value": 0
        },
        "traits": {
            "rarity": "common",
            "value": [
                "magical",
                "staff",
                "two-hand-d8"
            ]
        },
        "usage": {
            "value": "held-in-one-hand"
        }
    },
    "type": "weapon"
}
