{
    "_id": "fWgH0JxNCOpI7SVr",
    "img": "icons/magic/symbols/rune-sigil-green.webp",
    "name": "Beastmaster's Sigil (Greater)",
    "system": {
        "baseItem": null,
        "bulk": {
            "value": 0
        },
        "containerId": null,
        "description": {
            "value": "<p>This silver disc displays an ever-changing etching of an animal. When you affix the <em>beastmaster's sigil</em>, the animal settles into a single form based on where you affix it, showing the animal the item can summon when affixed that way. The spell DC of any spell cast by activating this item is 23. A weapon can benefit from only the melee weapon benefit or ranged weapon benefit. A thrown melee weapon gets the melee weapon benefit, and a combination weapon gets only one benefit, which you choose when you affix the spellheart. If it's unclear which one should apply, the GM decides.</p><ul><li><strong>Armor</strong> The sigil grants you a +1 item bonus to saving throws against poison.</li><li><strong>Melee Weapon</strong> The sigil grants you a +1 item bonus to Athletics checks to @UUID[Compendium.pf2e.actionspf2e.Item.Trip].</li><li><strong>Ranged Weapon</strong> If you critically hit with the affixed weapon, and the target is adjacent to a creature summoned with the sigil, the target takes @Damage[2d6[bleed]]{2d6 persistent bleed} damage.</li></ul><p>@UUID[Compendium.pf2e.equipment-effects.Item.Effect: Beastmaster's Sigil - Armor]</p>\n<p>@UUID[Compendium.pf2e.equipment-effects.Item.Effect: Beastmaster's Sigil - Melee Weapon]</p>\n<p>@UUID[Compendium.pf2e.equipment-effects.Item.Effect: Beastmaster's Sigil - Ranged Weapon]</p><hr /><p><strong>Activate</strong> Cast a Spell</p>\n<p><strong>Effect</strong> You cast @UUID[Compendium.pf2e.spells-srd.Item.Tame].</p><hr /><p><strong>Activate</strong> Cast a Spell</p>\n<p><strong>Frequency</strong> once per day</p>\n<p><strong>Effect</strong> You cast 3rd-rank @UUID[Compendium.pf2e.spells-srd.Item.Summon Animal] to summon a @UUID[Compendium.pf2e.pathfinder-monster-core.Actor.Giant Monitor Lizard] (armor), @UUID[Compendium.pf2e.pathfinder-bestiary-2.Actor.Wolverine] (melee), or @UUID[Compendium.pf2e.pathfinder-monster-core.Actor.Giant Bat] (ranged).</p>"
        },
        "hardness": 0,
        "hp": {
            "max": 0,
            "value": 0
        },
        "level": {
            "value": 7
        },
        "material": {
            "grade": null,
            "type": null
        },
        "price": {
            "value": {
                "gp": 360
            }
        },
        "publication": {
            "license": "OGL",
            "remaster": false,
            "title": "Pathfinder Treasure Vault"
        },
        "quantity": 1,
        "rules": [],
        "size": "med",
        "traits": {
            "rarity": "common",
            "value": [
                "magical",
                "spellheart"
            ]
        },
        "usage": {
            "value": "affixed-to-armor-or-a-weapon"
        }
    },
    "type": "equipment"
}
