{
    "_id": "HU9eYAAfZMYnFMd9",
    "img": "systems/pf2e/icons/equipment/consumables/talismans/beckoning-cat-amulet.webp",
    "name": "Beckoning Cat Amulet",
    "system": {
        "baseItem": null,
        "bulk": {
            "value": 0
        },
        "category": "talisman",
        "containerId": null,
        "damage": null,
        "description": {
            "value": "<p><strong>Usage</strong> affixed to armor</p>\n<p><strong>Activate</strong> <span class=\"action-glyph\">F</span> envision</p>\n<p><strong>Trigger</strong> You use a feat or ability to reroll a failed or critically failed Reflex saving throw (such as Cat's Luck or Halfling Luck).</p>\n<p>This clay figurine resembles a white cat with a paw outstretched. When it's activated, any allies within 10 feet who also just failed or critically failed a Reflex saving throw from the same source (such as a fireball spell) can also reroll their saving throw and use the better result.</p>"
        },
        "hardness": 0,
        "hp": {
            "max": 0,
            "value": 0
        },
        "level": {
            "value": 5
        },
        "material": {
            "grade": null,
            "type": null
        },
        "price": {
            "value": {
                "gp": 26
            }
        },
        "publication": {
            "license": "OGL",
            "remaster": false,
            "title": "Pathfinder #152: Legacy of the Lost God"
        },
        "quantity": 1,
        "rules": [],
        "size": "med",
        "traits": {
            "rarity": "uncommon",
            "value": [
                "consumable",
                "fortune",
                "magical",
                "talisman"
            ]
        },
        "usage": {
            "value": "affixed-to-armor"
        },
        "uses": {
            "autoDestroy": true,
            "max": 1,
            "value": 1
        }
    },
    "type": "consumable"
}
