{
    "_id": "jNwkyXQtJwelQWgX",
    "img": "icons/containers/kitchenware/jug-terracotta-orange.webp",
    "name": "Beekeeper's Smoker",
    "system": {
        "baseItem": null,
        "bulk": {
            "value": 0
        },
        "containerId": null,
        "description": {
            "value": "<p><strong>Activate</strong> <span class=\"action-glyph\">2</span> (manipulate)</p>\n<hr />\n<p>This device resembles a teapot with a trigger. When filled with cloth fuel (worth 1 cp) and lit, it smolders and gradually fills with smoke for 10 minutes, during which time you can squeeze the trigger to spray smoke.</p>\n<hr />\n<p><strong>Spray Smoke</strong> <span class=\"action-glyph\">1</span> (manipulate)</p>\n<p><strong>Frequency</strong> once per minute</p>\n<hr />\n<p><strong>Effect</strong> You expel smoke into an adjacent 5-foot square. All creatures in that area are @UUID[Compendium.pf2e.conditionitems.Item.Concealed], and other creatures are concealed to them. The smoke lasts for [[/gmr 1d4 #rounds]]{1d4 rounds} or until dispersed by strong wind.</p>"
        },
        "hardness": 0,
        "hp": {
            "max": 0,
            "value": 0
        },
        "level": {
            "value": 1
        },
        "material": {
            "grade": null,
            "type": null
        },
        "price": {
            "value": {
                "gp": 1
            }
        },
        "publication": {
            "license": "ORC",
            "remaster": true,
            "title": "Pathfinder #201: Pactbreaker"
        },
        "quantity": 1,
        "rules": [],
        "size": "med",
        "traits": {
            "rarity": "uncommon",
            "value": []
        },
        "usage": {
            "value": "held-in-one-hand"
        }
    },
    "type": "equipment"
}
