{
    "_id": "4BDf1LVyQyNyOwka",
    "img": "icons/commodities/treasure/crown-gold-satin-gems-red.webp",
    "name": "Beguiling Crown",
    "system": {
        "apex": {
            "attribute": "cha"
        },
        "baseItem": null,
        "bulk": {
            "value": 2
        },
        "containerId": null,
        "description": {
            "value": "<p>This hugely massive crown is bedazzled with glimmering jewels and enchanted with powerful magics that make the gold seem to ripple and surge like strange glimmering tide pools. While uncomfortable to wear, the crown beguiles those within the wearer's presence. Creatures within 30 feet of you automatically improve their attitude toward you by one step (up to friendly). This doesn't prevent hostile creatures from attacking you, but it might give you a chance to talk to them before they strike. The dazzling nature of the crown makes it hard for you to read the intentions of others, and you take a –4 status penalty to your Perception DC when someone uses Deception against you. When you invest the crown, you either increase your Charisma score by 2 or increase it to 18, whichever is higher.</p>\n<hr />\n<p><strong>Activate</strong> <span class=\"action-glyph\">1</span> envision</p>\n<p><strong>Frequency</strong> once per round</p>\n<p><strong>Effect</strong> You're the subject of the @UUID[Compendium.pf2e.spells-srd.Item.Sanctuary] spell until the end of your next turn.</p>\n<hr />\n<p><strong>Activate</strong> <span class=\"action-glyph\">R</span> envision</p>\n<p><strong>Frequency</strong> once per hour</p>\n<p><strong>Trigger</strong> A creature succeeds at an attack roll against you</p>\n<p><strong>Effect</strong> The creature must succeed at a @Check[will|dc:41] save or the attack roll becomes a failure and the target is friendly to you until the end of its turn. On a critical failure, the target becomes friendly to you, drops to their knees, and begs your forgiveness for 1 minute or until another creature takes a hostile action against them.</p>\n<hr />\n<p><strong>Activate</strong> <span class=\"action-glyph\">2</span> envision (fortune, mental)</p>\n<p><strong>Frequency</strong> once per day</p>\n<p><strong>Effect</strong> Choose one living creature within 30 feet of you. That creature must succeed at a @Check[will|dc:41|traits:fortune,mental] saving throw or become helpful to you for the next 24 hours. If they succeed, they become friendly to you for 1 hour. If they critically succeed they're immune to this effect for 1 year.</p>"
        },
        "hardness": 0,
        "hp": {
            "max": 0,
            "value": 0
        },
        "level": {
            "value": 20
        },
        "material": {
            "grade": null,
            "type": null
        },
        "price": {
            "value": {
                "gp": 80000
            }
        },
        "publication": {
            "license": "OGL",
            "remaster": false,
            "title": "Pathfinder Treasure Vault"
        },
        "quantity": 1,
        "rules": [],
        "size": "med",
        "traits": {
            "rarity": "uncommon",
            "value": [
                "apex",
                "invested",
                "magical"
            ]
        },
        "usage": {
            "value": "worncrown"
        }
    },
    "type": "equipment"
}
