{
    "_id": "UGqhitKOWCsqs9UQ",
    "img": "systems/pf2e/icons/equipment/weapons/dagger.webp",
    "name": "Bellicose Dagger",
    "system": {
        "baseItem": "dagger",
        "bonus": {
            "value": 0
        },
        "bonusDamage": {
            "value": 0
        },
        "bulk": {
            "value": 0.1
        },
        "category": "simple",
        "containerId": null,
        "damage": {
            "damageType": "piercing",
            "dice": 1,
            "die": "d4"
        },
        "description": {
            "value": "<p>The hilt of a bellicose dagger is etched with the word for \"war\" in various languages. Having absorbed the spirit of violence over the course of its existence, the weapon now craves bloodshed. A bellicose dagger is a <em>+1 striking wounding dagger</em>. However, anytime you interact with creatures, no matter the context, you must succeed at a @Check[will|dc:25] save or else find you have, as a reaction, drawn the dagger.</p>\n<p>When you use the bellicose dagger as a weapon for the first time, it fuses to you. While it's in your possession, you take a –2 circumstance penalty to Diplomacy checks and skill checks to avoid fighting, such as Deception checks to trick your way out of a scuffle or Stealth checks to sneak past enemies.</p>"
        },
        "group": "knife",
        "hardness": 0,
        "hp": {
            "max": 0,
            "value": 0
        },
        "level": {
            "value": 7
        },
        "material": {
            "grade": null,
            "type": null
        },
        "price": {
            "value": {}
        },
        "publication": {
            "license": "OGL",
            "remaster": false,
            "title": "Pathfinder Treasure Vault"
        },
        "quantity": 1,
        "range": null,
        "reload": {
            "value": "-"
        },
        "rules": [],
        "runes": {
            "potency": 1,
            "property": [
                "wounding"
            ],
            "striking": 1
        },
        "size": "med",
        "specific": {
            "material": {
                "grade": null,
                "type": null
            },
            "runes": {
                "potency": 1,
                "property": [
                    "wounding"
                ],
                "striking": 1
            }
        },
        "splashDamage": {
            "value": 0
        },
        "traits": {
            "rarity": "rare",
            "value": [
                "agile",
                "cursed",
                "finesse",
                "magical",
                "thrown-10",
                "versatile-s"
            ]
        },
        "usage": {
            "value": "held-in-one-hand"
        }
    },
    "type": "weapon"
}
