{
    "_id": "FL8QU8TcNauBMMhD",
    "img": "icons/commodities/materials/bowl-liquid-white.webp",
    "name": "Belladonna",
    "system": {
        "baseItem": null,
        "bulk": {
            "value": 0.1
        },
        "category": "poison",
        "containerId": null,
        "damage": null,
        "description": {
            "value": "<p><strong>Activate</strong> <span class=\"action-glyph\">1</span> (manipulate)</p><hr /><p>Sometimes called \"deadly nightshade,\" belladonna is a widely available toxin produced from a plant similar to a tomato.</p>\n<p><strong>Saving Throw</strong> @Check[fortitude|dc:19]</p>\n<p><strong>Onset</strong> 10 minutes</p>\n<p><strong>Maximum Duration</strong> 30 minutes</p>\n<p><strong>Stage 1</strong> @UUID[Compendium.pf2e.conditionitems.Item.Dazzled] (10 minutes)</p>\n<p><strong>Stage 2</strong> @Damage[1d6[poison]] damage and @UUID[Compendium.pf2e.conditionitems.Item.Sickened]{Sickened 1} (10 minutes)</p>\n<p><strong>Stage 3</strong> @Damage[1d6[poison]] damage, @UUID[Compendium.pf2e.conditionitems.Item.Confused], and sickened 1 (1 minute)</p>"
        },
        "hardness": 0,
        "hp": {
            "max": 0,
            "value": 0
        },
        "level": {
            "value": 2
        },
        "material": {
            "grade": null,
            "type": null
        },
        "price": {
            "value": {
                "gp": 5
            }
        },
        "publication": {
            "license": "ORC",
            "remaster": true,
            "title": "Pathfinder Player Core 2"
        },
        "quantity": 1,
        "rules": [],
        "size": "med",
        "traits": {
            "rarity": "common",
            "value": [
                "alchemical",
                "consumable",
                "ingested",
                "poison"
            ]
        },
        "usage": {
            "value": "held-in-one-hand"
        },
        "uses": {
            "autoDestroy": true,
            "max": 1,
            "value": 1
        }
    },
    "type": "consumable"
}
