{
    "_id": "K2rMmiBlzcysNuj6",
    "img": "systems/pf2e/icons/equipment/worn-items/apex-items/belt-of-regeneration.webp",
    "name": "Belt of Long Life",
    "system": {
        "apex": {
            "attribute": "con"
        },
        "baseItem": null,
        "bulk": {
            "value": 0.1
        },
        "containerId": null,
        "description": {
            "value": "<p>This thick leather belt is engraved with imagery of an ancient tree. You gain 15 temporary Hit Points the first time you invest the belt in a day. When you invest the belt, you either increase your Constitution modifier by 1 or increase it to +4, whichever would give you a higher value.</p>\n<p><strong>Activate—Call Upon the Ancient Life</strong> <span class=\"action-glyph\">1</span> (manipulate)</p>\n<p><strong>Frequency</strong> once per day</p>\n<hr />\n<p><strong>Effect</strong> You draw upon the lifegiving energy of the tree on the belt to gain rapid healing. For [[/br 2d4 #rounds]]{2d4 rounds}, at the start of your turn each round, you recover 15 Hit Points.</p>"
        },
        "hardness": 0,
        "hp": {
            "max": 0,
            "value": 0
        },
        "level": {
            "value": 17
        },
        "material": {
            "grade": null,
            "type": null
        },
        "price": {
            "value": {
                "gp": 15000
            }
        },
        "publication": {
            "license": "ORC",
            "remaster": true,
            "title": "Pathfinder GM Core"
        },
        "quantity": 1,
        "rules": [
            {
                "key": "TempHP",
                "value": 15
            }
        ],
        "size": "med",
        "traits": {
            "rarity": "common",
            "value": [
                "apex",
                "invested",
                "magical"
            ]
        },
        "usage": {
            "value": "wornbelt"
        }
    },
    "type": "equipment"
}
