{
    "_id": "YCjVrQnHfOtpmjYW",
    "img": "icons/equipment/waist/belt-buckle-round-steel-purple.webp",
    "name": "Belt of the Five Kings",
    "system": {
        "baseItem": null,
        "bulk": {
            "value": 0.1
        },
        "containerId": null,
        "description": {
            "value": "<p>Made from interlocking plates of silver and gold, this heavy belt bears stylized miniature images of five kingly dwarves. You gain a +1 circumstance bonus to Diplomacy checks to @UUID[Compendium.pf2e.actionspf2e.Item.Make an Impression] with dwarves or make a @UUID[Compendium.pf2e.actionspf2e.Item.Request] from dwarves. You also gain a +1 circumstance bonus to Intimidation checks against giants and orcs.</p>\n<p>The belt also grants you darkvision and the ability to understand, speak, and write the Dwarven language.</p>\n<p><strong>Activate</strong> <span class=\"action-glyph\">1</span> Interact</p>\n<p><strong>Frequency</strong> once per day</p>\n<p><strong>Requirements</strong> You are a dwarf</p>\n<hr />\n<p><strong>Effect</strong> You tighten the belt one notch to gain temporary Hit Points equal to your level and grant allies within 20 feet of you darkvision. Both effects last for 10 minutes.</p>\n<p>@UUID[Compendium.pf2e.equipment-effects.Item.Effect: Belt of the Five Kings (Wearer)]</p>\n<p>@UUID[Compendium.pf2e.equipment-effects.Item.Effect: Belt of the Five Kings (Allies)]</p>"
        },
        "hardness": 0,
        "hp": {
            "max": 0,
            "value": 0
        },
        "level": {
            "value": 9
        },
        "material": {
            "grade": null,
            "type": null
        },
        "price": {
            "value": {
                "gp": 650
            }
        },
        "publication": {
            "license": "OGL",
            "remaster": false,
            "title": "Pathfinder Core Rulebook"
        },
        "quantity": 1,
        "rules": [
            {
                "key": "FlatModifier",
                "label": "Belt of 5 Kings (dwarves)",
                "predicate": [
                    "target:trait:dwarf"
                ],
                "selector": "diplomacy",
                "type": "circumstance",
                "value": 1
            },
            {
                "key": "FlatModifier",
                "label": "Belt of 5 Kings (giants, orcs)",
                "predicate": [
                    {
                        "or": [
                            "target:trait:giant",
                            "target:trait:orc"
                        ]
                    }
                ],
                "selector": "intimidation",
                "type": "circumstance",
                "value": 1
            },
            {
                "key": "Sense",
                "selector": "darkvision"
            }
        ],
        "size": "med",
        "traits": {
            "rarity": "uncommon",
            "value": [
                "invested",
                "magical"
            ]
        },
        "usage": {
            "value": "wornbelt"
        }
    },
    "type": "equipment"
}
