{
    "_id": "AhvjU4QbinWPM9t3",
    "img": "icons/equipment/waist/belt-coiled-leather-steel.webp",
    "name": "Belt of Good Health",
    "system": {
        "MAP": {
            "value": ""
        },
        "ability": {
            "value": "str"
        },
        "baseItem": null,
        "bonus": {
            "value": 0
        },
        "bonusDamage": {
            "value": 0
        },
        "bulk": {
            "value": 0
        },
        "containerId": null,
        "damage": {
            "damageType": "slashing",
            "dice": 1,
            "die": "d6",
            "value": ""
        },
        "description": {
            "value": "<p>When you put on this belt, its silver buckle begins to glow, which slowly spreads into the heart-shaped jewel in the center. You increase your maximum Hit Points and current Hit Points by 4. If you remove the belt, you immediately decrease both your maximum and current HP by 4.</p>"
        },
        "hardness": 0,
        "hp": {
            "max": 0,
            "value": 0
        },
        "level": {
            "value": 4
        },
        "material": {
            "grade": null,
            "type": null
        },
        "price": {
            "value": {
                "gp": 85
            }
        },
        "publication": {
            "license": "OGL",
            "remaster": false,
            "title": "Pathfinder Beginner Box"
        },
        "quantity": 1,
        "range": {
            "value": ""
        },
        "reload": {
            "value": ""
        },
        "rules": [
            {
                "key": "FlatModifier",
                "selector": "hp",
                "value": 4
            }
        ],
        "size": "med",
        "splashDamage": {
            "value": 0
        },
        "traits": {
            "rarity": "common",
            "value": [
                "magical"
            ]
        },
        "usage": {
            "value": "wornbelt"
        },
        "weaponType": {
            "value": ""
        }
    },
    "type": "equipment"
}
