{
    "_id": "nS75vsM3x5jxlUqn",
    "img": "icons/consumables/potions/bottle-round-flask-fumes-purple.webp",
    "name": "Bestial Mutagen (Major)",
    "system": {
        "baseItem": null,
        "bulk": {
            "value": 0.1
        },
        "category": "mutagen",
        "containerId": null,
        "damage": null,
        "description": {
            "value": "<p><strong>Activate</strong> <span class=\"action-glyph\">A</span> (manipulate)</p><hr /><p>Your features transform into something bestial and lumbering.</p>\n<p><strong>Benefit</strong> You gain a +4 item bonus to Athletics checks and unarmed attack rolls. You gain a claw unarmed attack (4d8 slashing damage) with the agile trait and a jaws unarmed attack (4d10 piercing damage). @UUID[Compendium.pf2e.equipment-srd.Item.Striking] runes don't modify the damage caused by these attacks. You gain weapon specialization with the claw and jaws, or greater weapon specialization if you already have weapon specialization with these unarmed attacks.</p>\n<p><strong>Drawback</strong> You take a -2 penalty to Reflex saves, Acrobatics checks, and Stealth Checks.</p>\n<p><strong>Duration</strong> 1 hour.</p>\n<p>@UUID[Compendium.pf2e.equipment-effects.Item.Effect: Bestial Mutagen (Major)]</p>"
        },
        "hardness": 0,
        "hp": {
            "max": 0,
            "value": 0
        },
        "level": {
            "value": 17
        },
        "material": {
            "grade": null,
            "type": null
        },
        "price": {
            "value": {
                "gp": 3000
            }
        },
        "publication": {
            "license": "ORC",
            "remaster": true,
            "title": "Pathfinder Player Core 2"
        },
        "quantity": 1,
        "rules": [],
        "size": "med",
        "traits": {
            "rarity": "common",
            "value": [
                "alchemical",
                "consumable",
                "elixir",
                "mutagen",
                "polymorph"
            ]
        },
        "usage": {
            "value": "held-in-one-hand"
        },
        "uses": {
            "autoDestroy": true,
            "max": 1,
            "value": 1
        }
    },
    "type": "consumable"
}
