{
    "_id": "vT2OibHsrq7M6MMO",
    "img": "icons/sundries/books/book-tooled-gold-brown.webp",
    "name": "Bestiary of Metamorphosis",
    "system": {
        "baseItem": null,
        "bulk": {
            "value": 0.1
        },
        "containerId": null,
        "description": {
            "value": "<p>This grimoire fancifully illustrates the spells you inscribe within it with illuminated drawings of creatures that have never existed, the pictures changing to depict new ones from time to time.</p>\n<hr />\n<p><strong>Activate</strong> <span class=\"action-glyph\">1</span> envision (polymorph, transmutation)</p>\n<p><strong>Frequency</strong> once per day</p>\n<p><strong>Requirements</strong> You're under the effect of a polymorph spell you prepared from this grimoire that offers a choice of multiple forms</p>\n<hr />\n<p><strong>Effect</strong> You transform into a different form allowed by the polymorph by bending and molding the spell's energy. This reduces the spell's remaining duration by half.</p>"
        },
        "hardness": 0,
        "hp": {
            "max": 0,
            "value": 0
        },
        "level": {
            "value": 6
        },
        "material": {
            "grade": null,
            "type": null
        },
        "price": {
            "value": {
                "gp": 210
            }
        },
        "publication": {
            "license": "OGL",
            "remaster": false,
            "title": "Pathfinder Secrets of Magic"
        },
        "quantity": 1,
        "rules": [],
        "size": "med",
        "traits": {
            "rarity": "common",
            "value": [
                "grimoire",
                "magical"
            ]
        },
        "usage": {
            "value": "held-in-one-hand"
        }
    },
    "type": "equipment"
}
