{
    "_id": "LhpRuLfxuR3t819V",
    "img": "icons/magic/symbols/arrowhead-green.webp",
    "name": "Bewitching Bloom (White Poppy)",
    "system": {
        "baseItem": null,
        "bulk": {
            "value": 0
        },
        "containerId": null,
        "description": {
            "value": "<p>While dormant, this tattoo appears to be a simple flower bud, but when activated the flower swiftly blossoms, remaining that way until the next time you make your daily preparations. These blooms are colorful, elegant representations of white poppy flowers.</p>\n<p><strong>Activate</strong> <span class=\"action-glyph\">2</span> envision</p>\n<p><strong>Frequency</strong> once per day</p>\n<hr />\n<p><strong>Effect</strong> Choose a willing ally you can see within 30 feet. A sense of peace overwhelms the ally. The tattoo casts @UUID[Compendium.pf2e.spells-srd.Item.Calm] or @UUID[Compendium.pf2e.spells-srd.Item.Sanctuary] (your choice) on the ally. The spell affects only the ally and lasts only until the end of your next turn. Your ally need not be willing if under the control of another creature. However, the controlling creature can attempt a @Check[will|dc:20] save, disrupting your activation on a success.</p>"
        },
        "hardness": 0,
        "hp": {
            "max": 0,
            "value": 0
        },
        "level": {
            "value": 4
        },
        "material": {
            "grade": null,
            "type": null
        },
        "price": {
            "value": {
                "gp": 80
            }
        },
        "publication": {
            "license": "OGL",
            "remaster": false,
            "title": "Pathfinder Treasure Vault"
        },
        "quantity": 1,
        "rules": [],
        "size": "med",
        "traits": {
            "rarity": "common",
            "value": [
                "invested",
                "magical",
                "tattoo"
            ]
        },
        "usage": {
            "value": "tattooed-on-the-body"
        }
    },
    "type": "equipment"
}
