{
    "_id": "6xS59NsgGLTEUW4m",
    "img": "systems/pf2e/icons/default-icons/consumable.svg",
    "name": "Bewildering Spellgun",
    "system": {
        "baseItem": null,
        "bulk": {
            "value": 0.1
        },
        "category": "other",
        "containerId": null,
        "damage": null,
        "description": {
            "value": "<p><strong>Activate</strong> <span class=\"action-glyph\">2</span> Interact, Strike</p>\n<hr />\n<p>When stared at, a <em>bewildering spellgun</em> seems to warp the space around it, creating a mind-bending sensation. Whispers of gibberish arise from it, making their way to nearby ears despite any other sounds in the area. You Activate the spellgun by aiming it at one creature and making your choice of a spell attack roll or a firearm attack roll against the target's AC. This spellgun has a range increment of 15 feet. Once fired, the spellgun twists in your hand and melts away.</p>\n<hr />\n<p><strong>Critical Success</strong> The target is @UUID[Compendium.pf2e.conditionitems.Item.Confused] for 1 minute.</p>\n<p><strong>Success</strong> The target is confused for 1 minute but can attempt a @Check[will|dc:25] save at the end of each of its turns to end the effect.</p>"
        },
        "hardness": 0,
        "hp": {
            "max": 0,
            "value": 0
        },
        "level": {
            "value": 9
        },
        "material": {
            "grade": null,
            "type": null
        },
        "price": {
            "value": {
                "gp": 140
            }
        },
        "publication": {
            "license": "OGL",
            "remaster": false,
            "title": "Pathfinder Treasure Vault"
        },
        "quantity": 1,
        "rules": [],
        "size": "med",
        "traits": {
            "rarity": "common",
            "value": [
                "attack",
                "consumable",
                "emotion",
                "magical",
                "mental",
                "spellgun"
            ]
        },
        "usage": {
            "value": "held-in-one-hand"
        },
        "uses": {
            "autoDestroy": true,
            "max": 1,
            "value": 1
        }
    },
    "type": "consumable"
}
