{
    "_id": "EcdwnJMuYRqQ9uh7",
    "img": "icons/magic/symbols/arrowhead-green.webp",
    "name": "Bewitching Bloom (Amaranth)",
    "system": {
        "baseItem": null,
        "bulk": {
            "value": 0
        },
        "containerId": null,
        "description": {
            "value": "<p>While dormant, this tattoo appears to be a simple flower bud, but when activated the flower swiftly blossoms, remaining that way until the next time you make your daily preparations. These blooms are colorful, elegant representations of amaranth flowers.</p>\n<p><strong>Activate</strong> <span class=\"action-glyph\">2</span> envision</p>\n<p><strong>Frequency</strong> once per day</p>\n<hr />\n<p><strong>Effect</strong> Choose a willing ally you can see within 30 feet. The ally feels impervious, immortal. The next time they would take damage from a hazard, an enemy's attack, or an effect created by an enemy, that damage can't reduce the ally below 1 HP. This benefit ends if unused before the start of your next turn.</p>"
        },
        "hardness": 0,
        "hp": {
            "max": 0,
            "value": 0
        },
        "level": {
            "value": 15
        },
        "material": {
            "grade": null,
            "type": null
        },
        "price": {
            "value": {
                "gp": 5500
            }
        },
        "publication": {
            "license": "OGL",
            "remaster": false,
            "title": "Pathfinder Treasure Vault"
        },
        "quantity": 1,
        "rules": [],
        "size": "med",
        "traits": {
            "rarity": "common",
            "value": [
                "invested",
                "magical",
                "tattoo"
            ]
        },
        "usage": {
            "value": "tattooed-on-the-body"
        }
    },
    "type": "equipment"
}
