{
    "_id": "BZImrMVyqeZ0RfF8",
    "img": "icons/magic/symbols/arrowhead-green.webp",
    "name": "Bewitching Bloom (Red Rose)",
    "system": {
        "baseItem": null,
        "bulk": {
            "value": 0
        },
        "containerId": null,
        "description": {
            "value": "<p>While dormant, this tattoo appears to be a simple flower bud, but when activated the flower swiftly blossoms, remaining that way until the next time you make your daily preparations. These blooms are colorful, elegant representations of red rose flowers.</p>\n<p><strong>Activate</strong> <span class=\"action-glyph\">2</span> envision</p>\n<p><strong>Frequency</strong> once per day</p>\n<hr />\n<p><strong>Effect</strong> Choose a willing ally you can see within 30 feet. The ally fills with feelings of love. They choose a creature that the ally has strong positive emotions toward as beloved. While the ally is within 10 feet of this beloved, the ally gains a +1 status bonus to saving throws. If the ally starts their turn within 10 feet of the beloved, the ally gains 5 temporary Hit Points. These benefits last for 1 minute, and temporary HP remaining from this effect at the end of that time disappear. This effect has the emotion and mental traits.</p>"
        },
        "hardness": 0,
        "hp": {
            "max": 0,
            "value": 0
        },
        "level": {
            "value": 4
        },
        "material": {
            "grade": null,
            "type": null
        },
        "price": {
            "value": {
                "gp": 90
            }
        },
        "publication": {
            "license": "OGL",
            "remaster": false,
            "title": "Pathfinder Treasure Vault"
        },
        "quantity": 1,
        "rules": [],
        "size": "med",
        "traits": {
            "rarity": "common",
            "value": [
                "invested",
                "magical",
                "tattoo"
            ]
        },
        "usage": {
            "value": "tattooed-on-the-body"
        }
    },
    "type": "equipment"
}
