{
    "_id": "3Ucc6E5V6bzdgFLE",
    "img": "icons/magic/symbols/arrowhead-green.webp",
    "name": "Bewitching Bloom (Lotus)",
    "system": {
        "baseItem": null,
        "bulk": {
            "value": 0
        },
        "containerId": null,
        "description": {
            "value": "<p>While dormant, this tattoo appears to be a simple flower bud, but when activated the flower swiftly blossoms, remaining that way until the next time you make your daily preparations. These blooms are colorful, elegant representations of lotus flowers.</p>\n<p><strong>Activate</strong> <span class=\"action-glyph\">2</span> envision</p>\n<p><strong>Frequency</strong> once per day</p>\n<hr />\n<p><strong>Effect</strong> Choose a willing ally you can see within 30 feet. A glow envelops your ally as a sense of enlightened peace ripples out from within. The ally gains a +2 status bonus to Will saves against mental effects for 1 minute. This bonus increases to +3 against emotion effects.</p>\n<p>@UUID[Compendium.pf2e.equipment-effects.Item.Effect: Bewitching Bloom (Lotus)]</p>"
        },
        "hardness": 0,
        "hp": {
            "max": 0,
            "value": 0
        },
        "level": {
            "value": 9
        },
        "material": {
            "grade": null,
            "type": null
        },
        "price": {
            "value": {
                "gp": 600
            }
        },
        "publication": {
            "license": "OGL",
            "remaster": false,
            "title": "Pathfinder Treasure Vault"
        },
        "quantity": 1,
        "rules": [],
        "size": "med",
        "traits": {
            "rarity": "common",
            "value": [
                "invested",
                "magical",
                "tattoo"
            ]
        },
        "usage": {
            "value": "tattooed-on-the-body"
        }
    },
    "type": "equipment"
}
