{
    "_id": "LDtIZ822rqBD88U2",
    "img": "icons/magic/symbols/arrowhead-green.webp",
    "name": "Bewitching Bloom (Magnolia)",
    "system": {
        "baseItem": null,
        "bulk": {
            "value": 0
        },
        "containerId": null,
        "description": {
            "value": "<p>While dormant, this tattoo appears to be a simple flower bud, but when activated the flower swiftly blossoms, remaining that way until the next time you make your daily preparations. These blooms are colorful, elegant representations of magnolia flowers.</p>\n<p><strong>Activate</strong> <span class=\"action-glyph\">2</span> envision</p>\n<p><strong>Frequency</strong> once per day</p>\n<hr />\n<p><strong>Effect</strong> Choose a willing ally you can see within 30 feet. Your ally seems more charming, though no one can pinpoint why. They gain a +1 status bonus to Diplomacy checks for 10 minutes. Once on their next turn, the ally can attempt to draw a creature's attention. To do so, the ally must spend 1 action (which has the emotion, mental, and visual traits) to select a creature the ally can see and make eye contact in a way the target can see. The target must succeed at a @Check[will|dc:20] save or be @UUID[Compendium.pf2e.conditionitems.Item.Fascinated] with your ally until the end of that ally's next turn. If the save succeeds or the effect ends, the target is temporarily immune to being fascinated by any <em>magnolia bewitching bloom</em> for 24 hours.</p>\n<p>@UUID[Compendium.pf2e.equipment-effects.Item.Effect: Bewitching Bloom (Magnolia)]</p>"
        },
        "hardness": 0,
        "hp": {
            "max": 0,
            "value": 0
        },
        "level": {
            "value": 6
        },
        "material": {
            "grade": null,
            "type": null
        },
        "price": {
            "value": {
                "gp": 220
            }
        },
        "publication": {
            "license": "OGL",
            "remaster": false,
            "title": "Pathfinder Treasure Vault"
        },
        "quantity": 1,
        "rules": [],
        "size": "med",
        "traits": {
            "rarity": "common",
            "value": [
                "invested",
                "magical",
                "tattoo"
            ]
        },
        "usage": {
            "value": "tattooed-on-the-body"
        }
    },
    "type": "equipment"
}
