{
    "_id": "2Xpjq6eYMqvBL6eg",
    "img": "icons/magic/symbols/arrowhead-green.webp",
    "name": "Bewitching Bloom (Purple Iris)",
    "system": {
        "baseItem": null,
        "bulk": {
            "value": 0
        },
        "containerId": null,
        "description": {
            "value": "<p>While dormant, this tattoo appears to be a simple flower bud, but when activated the flower swiftly blossoms, remaining that way until the next time you make your daily preparations. These blooms are colorful, elegant representations of purple iris flowers.</p>\n<p><strong>Activate</strong> <span class=\"action-glyph\">2</span> envision</p>\n<p><strong>Frequency</strong> once per day</p>\n<hr />\n<p><strong>Effect</strong> Choose a willing ally you can see within 30 feet. Your ally takes on a regal bearing, exuding the presence of confident royalty. The bloom casts a 5th-rank @UUID[Compendium.pf2e.spells-srd.Item.Command] spell (DC 28) selecting targets within range of the ally. Each target that fails the save must fall @UUID[Compendium.pf2e.conditionitems.Item.Prone] and pays homage to your ally.</p>"
        },
        "hardness": 0,
        "hp": {
            "max": 0,
            "value": 0
        },
        "level": {
            "value": 11
        },
        "material": {
            "grade": null,
            "type": null
        },
        "price": {
            "value": {
                "gp": 1200
            }
        },
        "publication": {
            "license": "OGL",
            "remaster": false,
            "title": "Pathfinder Treasure Vault"
        },
        "quantity": 1,
        "rules": [],
        "size": "med",
        "traits": {
            "rarity": "common",
            "value": [
                "invested",
                "magical",
                "tattoo"
            ]
        },
        "usage": {
            "value": "tattooed-on-the-body"
        }
    },
    "type": "equipment"
}
