{
    "_id": "ErqxXatIYbv2WcsE",
    "img": "icons/magic/symbols/arrowhead-green.webp",
    "name": "Bewitching Bloom (Bellflower)",
    "system": {
        "baseItem": null,
        "bulk": {
            "value": 0
        },
        "containerId": null,
        "description": {
            "value": "<p>While dormant, this tattoo appears to be a simple flower bud, but when activated the flower swiftly blossoms, remaining that way until the next time you make your daily preparations. These blooms are colorful, elegant representations of bellflowers.</p>\n<p><strong>Activate</strong> <span class=\"action-glyph\">2</span> envision</p>\n<p><strong>Frequency</strong> once per day</p>\n<hr />\n<p><strong>Effect</strong> Choose a willing ally you can see within 30 feet. A need for freedom trills through your ally's blood. Until the end of that ally's next turn, they gain a +2 status bonus to rolls to recover from the @UUID[Compendium.pf2e.conditionitems.Item.Confused], frightened, @UUID[Compendium.pf2e.conditionitems.Item.Grabbed], @UUID[Compendium.pf2e.conditionitems.Item.Paralyzed], and @UUID[Compendium.pf2e.conditionitems.Item.Restrained] conditions. When you Activate the bloom, the target can attempt a new save against a condition the bonus applies to, or they can use a reaction to attempt to @UUID[Compendium.pf2e.actionspf2e.Item.Escape] being grabbed, @UUID[Compendium.pf2e.conditionitems.Item.Immobilized], or restrained, provided such an attempt is allowed.</p>"
        },
        "hardness": 0,
        "hp": {
            "max": 0,
            "value": 0
        },
        "level": {
            "value": 7
        },
        "material": {
            "grade": null,
            "type": null
        },
        "price": {
            "value": {
                "gp": 350
            }
        },
        "publication": {
            "license": "OGL",
            "remaster": false,
            "title": "Pathfinder Treasure Vault"
        },
        "quantity": 1,
        "rules": [],
        "size": "med",
        "traits": {
            "rarity": "common",
            "value": [
                "invested",
                "magical",
                "tattoo"
            ]
        },
        "usage": {
            "value": "tattooed-on-the-body"
        }
    },
    "type": "equipment"
}
