{
    "_id": "LDVqBvMNNcRBucW1",
    "img": "systems/pf2e/icons/equipment/worn-items/other-worn-items/bi-resonant-wayfinder.webp",
    "name": "Bi-Resonant Wayfinder",
    "system": {
        "baseItem": null,
        "bulk": {
            "value": 0
        },
        "containerId": null,
        "description": {
            "value": "<p>A <em>bi-resonant wayfinder</em> is inlaid with intricate platinum wires in a complex array of conduits for magical energy. These conduits control the resonant interference of aeon stones.</p>\n<p>A <em>bi-resonant wayfinder</em> works just like a regular @UUID[Compendium.pf2e.equipment-srd.Item.Wayfinder] except it has two aeon stone slots, and the aeon stones in both slots grant their resonant powers without interfering with each other. The <em>bi-resonant wayfinder</em> and the two aeon stones count as two items toward your investiture limit.</p>"
        },
        "hardness": 0,
        "hp": {
            "max": 0,
            "value": 0
        },
        "level": {
            "value": 6
        },
        "material": {
            "grade": null,
            "type": null
        },
        "price": {
            "value": {
                "gp": 200
            }
        },
        "publication": {
            "license": "OGL",
            "remaster": false,
            "title": "Pathfinder Lost Omens Character Guide"
        },
        "quantity": 1,
        "rules": [
            {
                "key": "AdjustModifier",
                "requiresEquipped": false,
                "selector": "survival",
                "slug": "no-compass",
                "suppress": true
            }
        ],
        "size": "med",
        "traits": {
            "rarity": "uncommon",
            "value": [
                "illusion",
                "invested",
                "magical"
            ]
        },
        "usage": {
            "value": "worn"
        }
    },
    "type": "equipment"
}
