{
    "_id": "ud970e7uPVEqx1FO",
    "img": "icons/commodities/stone/boulder-grey.webp",
    "name": "Big Rock Bullet",
    "system": {
        "baseItem": null,
        "bulk": {
            "value": 0
        },
        "category": "ammo",
        "containerId": null,
        "damage": null,
        "description": {
            "value": "<p><strong>Ammunition</strong> sling bullet</p>\n<p><strong>Activate</strong> <span class=\"action-glyph\">1</span> Interact</p>\n<hr />\n<p>A big rock bullet is a sling bullet made of heavy granite, but each piece of ammunition feels much more dense than it appears. When activated, a big rock bullet transforms into a giant rock just before hitting the target. The target takes @Damage[4d6[bludgeoning]] damage on a successful hit. Even on a failed attack roll (but not a critical failure), the target takes @Damage[2d6[bludgeoning]] damage. Creatures with the @UUID[Compendium.pf2e.bestiary-ability-glossary-srd.Item.Catch Rock] reaction can use it against a big rock bullet.</p>"
        },
        "hardness": 0,
        "hp": {
            "max": 0,
            "value": 0
        },
        "level": {
            "value": 7
        },
        "material": {
            "grade": null,
            "type": null
        },
        "price": {
            "value": {
                "gp": 60
            }
        },
        "publication": {
            "license": "OGL",
            "remaster": false,
            "title": "Pathfinder Lost Omens The Grand Bazaar"
        },
        "quantity": 1,
        "rules": [],
        "size": "med",
        "stackGroup": "slingBullets",
        "traits": {
            "rarity": "uncommon",
            "value": [
                "consumable",
                "earth",
                "magical"
            ]
        },
        "usage": {
            "value": "held-in-one-hand"
        },
        "uses": {
            "autoDestroy": true,
            "max": 1,
            "value": 1
        }
    },
    "type": "consumable"
}
