{
    "_id": "GG7XnMngd9MnxhHb",
    "img": "systems/pf2e/icons/equipment/weapons/specific-magic-weapons/big-boom-gun.webp",
    "name": "Big Boom Gun",
    "system": {
        "baseItem": "big-boom-gun",
        "bonus": {
            "value": 0
        },
        "bonusDamage": {
            "value": 0
        },
        "bulk": {
            "value": 2
        },
        "category": "martial",
        "containerId": null,
        "damage": {
            "damageType": "piercing",
            "dice": 1,
            "die": "d6"
        },
        "description": {
            "value": "<p>Developed by a goblin weaponsmith who missed the \"hand\" part of \"hand cannon,\" this comically oversized gun has a heavily reinforced barrel and is loaded with a worrisome quantity of gunpowder. This hand cannon is a martial weapon instead of a simple weapon. It has the fatal d12 trait and a range increment of 20 feet. It also has the following modified critical failure condition.</p>\n<p><strong>Critical Failure</strong> The attack misses, the weapon misfires, and you take @Damage[1d12[fire]] damage as it explodes in your face.</p>"
        },
        "group": "firearm",
        "hardness": 0,
        "hp": {
            "max": 0,
            "value": 0
        },
        "level": {
            "value": 1
        },
        "material": {
            "grade": null,
            "type": null
        },
        "price": {
            "value": {
                "gp": 10
            }
        },
        "publication": {
            "license": "ORC",
            "remaster": true,
            "title": "Pathfinder Guns & Gears"
        },
        "quantity": 1,
        "range": 20,
        "reload": {
            "value": "1"
        },
        "rules": [],
        "runes": {
            "potency": 0,
            "property": [],
            "striking": 0
        },
        "size": "med",
        "splashDamage": {
            "value": 0
        },
        "traits": {
            "rarity": "uncommon",
            "value": [
                "cobbled",
                "fatal-d12",
                "goblin",
                "modular"
            ]
        },
        "usage": {
            "value": "held-in-one-hand"
        }
    },
    "type": "weapon"
}
