{
    "_id": "sQM4J9Ek5GThLsjf",
    "img": "systems/pf2e/icons/equipment/snares/binding-snare.webp",
    "name": "Binding Snare",
    "system": {
        "baseItem": null,
        "bulk": {
            "value": 0
        },
        "category": "snare",
        "containerId": null,
        "damage": {
            "formula": "2d6",
            "kind": "damage",
            "type": "piercing"
        },
        "description": {
            "value": "<p>When a creature enters the snare's square, several strands of strong wires ending in jagged hooks latch onto it before hauling it to the ground. The snare deals @Damage[2d6[piercing]] damage, and the targeted creature must attempt a @Check[reflex|dc:28] save.</p><hr /><p><strong>Critical Success</strong> The creature is unaffected.</p>\n<p><strong>Success</strong> The creature takes half damage.</p>\n<p><strong>Failure</strong> The creature takes full damage and is knock @UUID[Compendium.pf2e.conditionitems.Item.Prone] and @UUID[Compendium.pf2e.conditionitems.Item.Immobilized] for 1 round ([[/act escape dc=28]]).</p>\n<p><strong>Critical Failure</strong> The creature takes double damage, is knocked prone, and is @UUID[Compendium.pf2e.conditionitems.Item.Restrained] for 1 round ([[/act escape dc=28]]).</p>"
        },
        "hardness": 0,
        "hp": {
            "max": 0,
            "value": 0
        },
        "level": {
            "value": 10
        },
        "material": {
            "grade": null,
            "type": null
        },
        "price": {
            "value": {
                "gp": 160
            }
        },
        "publication": {
            "license": "ORC",
            "remaster": true,
            "title": "Pathfinder Guns & Gears"
        },
        "quantity": 1,
        "rules": [],
        "size": "med",
        "traits": {
            "rarity": "uncommon",
            "value": [
                "consumable",
                "mechanical",
                "snare",
                "trap"
            ]
        },
        "usage": {
            "value": "held-in-one-hand"
        },
        "uses": {
            "autoDestroy": true,
            "max": 1,
            "value": 1
        }
    },
    "type": "consumable"
}
