{
    "_id": "OUOSAKU1tSipWtty",
    "img": "systems/pf2e/icons/equipment/alchemical-items/alchemical-bombs/bottled-sunlight.webp",
    "name": "Bioluminescence Bomb",
    "system": {
        "baseItem": "alchemical-bomb",
        "bonus": {
            "value": 0
        },
        "bonusDamage": {
            "value": 0
        },
        "bulk": {
            "value": 0.1
        },
        "category": "martial",
        "containerId": null,
        "damage": {
            "damageType": "slashing",
            "dice": 0,
            "die": ""
        },
        "description": {
            "value": "<p><strong>Activate</strong> <span class=\"action-glyph\">1</span> Strike</p>\n<hr />\n<p>This vial of glowing goo constantly sheds dim light in a 10-foot radius. When a bioluminescence bomb strikes a creature or a hard surface, it shatters and releases the bioluminescent fluid's energy in a flare of light. Each creature within @Template[burst|distance:10]{10 feet} of where the bomb exploded must succeed at a @Check[reflex|dc:17] or be marked with dye that continues to glow for 24 hours. An affected creature must also attempt a @Check[fortitude|dc:17] saving throw against the overwhelming burst of light.</p>\n<hr />\n<p><strong>Success</strong> The creature is unaffected.</p>\n<p><strong>Failure</strong> The creature is @UUID[Compendium.pf2e.conditionitems.Item.Dazzled] for 1 round.</p>\n<p><strong>Critical Failure</strong> The creature is @UUID[Compendium.pf2e.conditionitems.Item.Blinded] for 1 round, then dazzled for 1 round.</p>"
        },
        "group": "bomb",
        "hardness": 0,
        "hp": {
            "max": 0,
            "value": 0
        },
        "level": {
            "value": 1
        },
        "material": {
            "grade": null,
            "type": null
        },
        "price": {
            "value": {
                "gp": 3
            }
        },
        "publication": {
            "license": "OGL",
            "remaster": false,
            "title": "Pathfinder #187: The Seventh Arch"
        },
        "quantity": 1,
        "range": 20,
        "reload": {
            "value": "-"
        },
        "rules": [
            {
                "key": "TokenLight",
                "value": {
                    "color": "#9b7337",
                    "dim": 10,
                    "shadows": 0.2
                }
            }
        ],
        "runes": {
            "potency": 0,
            "property": [],
            "striking": 0
        },
        "size": "med",
        "splashDamage": {
            "value": 0
        },
        "traits": {
            "rarity": "uncommon",
            "value": [
                "alchemical",
                "bomb",
                "consumable",
                "light"
            ]
        },
        "usage": {
            "value": "held-in-one-hand"
        }
    },
    "type": "weapon"
}
