{
    "_id": "9EZb1hmSKOGrU4Cf",
    "img": "icons/environment/traps/trap-jaw-steel.webp",
    "name": "Biting Snare",
    "system": {
        "baseItem": null,
        "bulk": {
            "value": 0
        },
        "category": "snare",
        "containerId": null,
        "damage": {
            "formula": "5d6",
            "kind": "damage",
            "type": "piercing"
        },
        "description": {
            "value": "<p>This snare closes shut on the leg of a creature. The snare deals @Damage[5d6[piercing]] damage to the first creature that enters its square; that creature must attempt a @Check[reflex|showDC:all|dc:21] save.</p><hr /><p><strong>Critical Success</strong> The creature is unaffected.</p>\n<p><strong>Success</strong> The creature takes half damage.</p>\n<p><strong>Failure</strong> The creature takes full damage.</p>\n<p><strong>Critical Failure</strong> The creature takes double damage and takes a -10-foot status penalty to its Speed until it recovers at least 1 Hit Point.</p>"
        },
        "hardness": 0,
        "hp": {
            "max": 0,
            "value": 0
        },
        "level": {
            "value": 4
        },
        "material": {
            "grade": null,
            "type": null
        },
        "price": {
            "value": {
                "gp": 15
            }
        },
        "publication": {
            "license": "ORC",
            "remaster": true,
            "title": "Pathfinder Player Core 2"
        },
        "quantity": 1,
        "rules": [],
        "size": "med",
        "traits": {
            "rarity": "common",
            "value": [
                "consumable",
                "mechanical",
                "snare",
                "trap"
            ]
        },
        "usage": {
            "value": "held-in-one-hand"
        },
        "uses": {
            "autoDestroy": true,
            "max": 1,
            "value": 1
        }
    },
    "type": "consumable"
}
