{
    "_id": "BmQKGejPtbgL8qwT",
    "img": "icons/consumables/potions/flask-decorated-label-pink.webp",
    "name": "Bitterblood Elixir",
    "system": {
        "baseItem": null,
        "bulk": {
            "value": 0.1
        },
        "category": "elixir",
        "containerId": null,
        "damage": null,
        "description": {
            "value": "<p><strong>Activate</strong> <span class=\"action-glyph\">1</span> (manipulate)</p><hr /><p>Bitterblood elixir is a pale pink color, like that of water tinted by a few drops of blood. After you drink this elixir, your blood becomes dangerous for other creatures to consume. For the next hour, whenever a creature drinks your blood, the elixir changes your blood into a foul-tasting acid as it mixes with the drinker's saliva. You're unharmed by this transformation, but the blood drinker must attempt a @Check[fortitude|dc:20] save.</p><hr /><p><strong>Critical Success</strong> The creature is unaffected.</p>\n<p><strong>Success</strong> The creature takes @Damage[2d6[acid]] damage and is @UUID[Compendium.pf2e.conditionitems.Item.Sickened]{Sickened 1}.</p>\n<p><strong>Failure</strong> The creature takes @Damage[4d6[acid]] damage and is @UUID[Compendium.pf2e.conditionitems.Item.Sickened]{Sickened 2}.</p>\n<p><strong>Critical Failure</strong> The creature takes @Damage[4d6[acid],2d6[persistent,acid]] damage, and is @UUID[Compendium.pf2e.conditionitems.Item.Sickened]{Sickened 3}.</p>"
        },
        "hardness": 0,
        "hp": {
            "max": 0,
            "value": 0
        },
        "level": {
            "value": 6
        },
        "material": {
            "grade": null,
            "type": null
        },
        "price": {
            "value": {
                "gp": 40
            }
        },
        "publication": {
            "license": "ORC",
            "remaster": true,
            "title": "Pathfinder #214: The Broken Palace"
        },
        "quantity": 1,
        "rules": [],
        "size": "med",
        "traits": {
            "rarity": "rare",
            "value": [
                "alchemical",
                "consumable",
                "elixir"
            ]
        },
        "usage": {
            "value": "held-in-one-hand"
        },
        "uses": {
            "autoDestroy": true,
            "max": 1,
            "value": 1
        }
    },
    "type": "consumable"
}
