{
    "_id": "o9IErbpmItz9NZT3",
    "img": "systems/pf2e/icons/equipment/artifacts/blackaxe.webp",
    "name": "Blackaxe",
    "system": {
        "baseItem": "greataxe",
        "bonus": {
            "value": 4
        },
        "bonusDamage": {
            "value": 0
        },
        "bulk": {
            "value": 2
        },
        "category": "martial",
        "containerId": null,
        "damage": {
            "damageType": "slashing",
            "dice": 1,
            "die": "d12"
        },
        "description": {
            "value": "<p>This potent weapon used by Treerazer is a <em>+4 greater corrosive major striking obsidian greataxe</em> that grants a +4 item bonus to attack rolls, deals an extra 2d6 damage to plants, and has the properties of adamantine. It deals an additional die of damage when wielded by Treerazer.</p>\n<hr />\n<p><strong>Activate—Owner's Authority</strong> <span class=\"action-glyph\">1</span> (concentrate, scrying)</p>\n<p><strong>Requirements</strong> You aren't wielding Blackaxe and you are its true owner</p>\n<hr />\n<p><strong>Effect</strong> You sense the world around Blackaxe as though you were in its location and can use any of your innate spells through the link as if it were the source of the spell. If another creature is wielding Blackaxe, it must succeed at a @Check[will|dc:50] save or be @UUID[Compendium.pf2e.conditionitems.Item.Slowed]{Slowed 2} until it relinquishes the weapon.</p>\n<hr />\n<p><strong>Activate—Owner's Reclamation</strong> <span class=\"action-glyph\">F</span> (concentrate, teleportation)</p>\n<p><strong>Requirements</strong> You aren't wielding Blackaxe and you are its true owner</p>\n<hr />\n<p><strong>Effect</strong> Blackaxe appears in your hands, teleporting instantly from its prior location.</p>\n<hr />\n<p><strong>Activate—Rejuvenating Deforestation</strong> <span class=\"action-glyph\">1</span> (concentrate, death, healing, positive)</p>\n<p><strong>Frequency</strong> once per minute</p>\n<hr />\n<p><strong>Effect</strong> Make a Strike against a living tree with Blackaxe. If it hits, the tree withers to ash and you heal 250 Hit Points and gain the benefit of a 6th-rank @UUID[Compendium.pf2e.spells-srd.Item.Restoration] (6th) and @UUID[Compendium.pf2e.spells-srd.Item.Sound Body] spell.</p>\n<hr />\n<p><strong>Destruction</strong> Chop a powerful magical tree with Blackaxe, and while the sap is still fresh, sever one of Cyth-V'sug's limbs. This makes Blackaxe explode violently.</p>"
        },
        "group": "axe",
        "hardness": 0,
        "hp": {
            "max": 0,
            "value": 0
        },
        "level": {
            "value": 25
        },
        "material": {
            "grade": "high",
            "type": "adamantine"
        },
        "price": {
            "value": {}
        },
        "publication": {
            "license": "ORC",
            "remaster": true,
            "title": "Pathfinder Monster Core"
        },
        "quantity": 1,
        "range": null,
        "reload": {
            "value": ""
        },
        "rules": [
            {
                "diceNumber": 2,
                "dieSize": "d6",
                "key": "DamageDice",
                "label": "vs. plants",
                "predicate": [
                    "target:trait:plant"
                ],
                "selector": "{item|_id}-damage"
            }
        ],
        "runes": {
            "potency": 4,
            "property": [
                "greaterCorrosive"
            ],
            "striking": 3
        },
        "size": "huge",
        "specific": {
            "material": {
                "grade": "high",
                "type": "adamantine"
            },
            "runes": {
                "potency": 4,
                "property": [
                    "greaterCorrosive"
                ],
                "striking": 3
            }
        },
        "splashDamage": {
            "value": 0
        },
        "traits": {
            "rarity": "unique",
            "value": [
                "artifact",
                "cursed",
                "primal",
                "sweep",
                "unholy"
            ]
        },
        "usage": {
            "value": "held-in-two-hands"
        }
    },
    "type": "weapon"
}
