{
    "_id": "WvDbdESFJY6Be2u1",
    "img": "systems/pf2e/icons/equipment/alchemical-items/alchemical-poisons/blackfinger-blight.webp",
    "name": "Blackfinger Blight",
    "system": {
        "baseItem": null,
        "bulk": {
            "value": 0.1
        },
        "category": "poison",
        "containerId": null,
        "damage": null,
        "description": {
            "value": "<p><strong>Activate</strong> <span class=\"action-glyph\">2</span> Interact</p>\n<hr />\n<p>This oily, dark purple powder gives off the distinct odor of boiled leather. When delivered, the poison acts quickly to constrict the victim's blood flow to their extremities and turn their lungs into a soft jelly. A victim of blackfinger blight is recognizable by the pores of their fingertips weeping an inky oil that coats their hands and makes it difficult to hold things. Each round, at the beginning of their turn, a creature affected by blackfinger blight must succeed at a flat DC 5 check or drop one random item they're holding.</p>\n<p><strong>Saving Throw</strong> @Check[fortitude|dc:32]</p>\n<p><strong>Onset</strong> 1 round</p>\n<p><strong>Maximum Duration</strong> 6 rounds</p>\n<p><strong>Stage 1</strong> @Damage[6d6[poison]] damage (1 round)</p>\n<p><strong>Stage 2</strong> @Damage[8d6[poison]] damage (1 round)</p>\n<p><strong>Stage 3</strong> @Damage[10d6[poison]] damage and @UUID[Compendium.pf2e.conditionitems.Item.Confused](1 round)</p>"
        },
        "hardness": 0,
        "hp": {
            "max": 0,
            "value": 0
        },
        "level": {
            "value": 12
        },
        "material": {
            "grade": null,
            "type": null
        },
        "price": {
            "value": {
                "gp": 350
            }
        },
        "publication": {
            "license": "OGL",
            "remaster": false,
            "title": "Pathfinder #159: All or Nothing"
        },
        "quantity": 1,
        "rules": [],
        "size": "med",
        "traits": {
            "rarity": "rare",
            "value": [
                "alchemical",
                "consumable",
                "contact",
                "poison",
                "virulent"
            ]
        },
        "usage": {
            "value": "held-in-one-hand"
        },
        "uses": {
            "autoDestroy": true,
            "max": 1,
            "value": 1
        }
    },
    "type": "consumable"
}
