{
    "_id": "jkwhiuaoSsJAgkgi",
    "img": "icons/weapons/maces/mace-spiked-skull.webp",
    "name": "Black Scorpion Stingmace",
    "system": {
        "baseItem": "mace",
        "bonus": {
            "value": 0
        },
        "bonusDamage": {
            "value": 0
        },
        "bulk": {
            "value": 2
        },
        "category": "simple",
        "containerId": null,
        "damage": {
            "damageType": "bludgeoning",
            "dice": 1,
            "die": "d6"
        },
        "description": {
            "value": "<p>The massive stinger of a black scorpion adds significant weight to this <em>+2 greater striking @UUID[Compendium.pf2e.equipment-srd.Item.Fearsome] mace</em>. On a critical hit, the target is exposed to black scorpion venom.</p><hr /><p><strong>Black Scorpion Venom</strong> (poison)</p>\n<p><strong>Saving Throw</strong> @Check[fortitude|dc:36]</p>\n<p><strong>Maximum Duration</strong> 6 rounds</p>\n<p><strong>Stage 1</strong> @Damage[2d12[poison]] damage and @UUID[Compendium.pf2e.conditionitems.Item.Clumsy]{Clumsy 2} (1 round)</p>\n<p><strong>Stage 2</strong> @Damage[3d12[poison]] damage, clumsy 2, and @UUID[Compendium.pf2e.conditionitems.Item.Slowed]{Slowed 1} (1 round)</p>\n<p><strong>Stage 3</strong> @Damage[4d12[poison]] damage, @UUID[Compendium.pf2e.conditionitems.Item.Clumsy]{Clumsy 4}, and @UUID[Compendium.pf2e.conditionitems.Item.Slowed]{Slowed 2} (1 round).</p><hr /><p><strong>Craft Requirements</strong> The initial raw materials must include the intact stinger of a black scorpion.</p>"
        },
        "group": "club",
        "hardness": 0,
        "hp": {
            "max": 0,
            "value": 0
        },
        "level": {
            "value": 15
        },
        "material": {
            "grade": null,
            "type": null
        },
        "price": {
            "value": {
                "gp": 6250
            }
        },
        "publication": {
            "license": "ORC",
            "remaster": true,
            "title": "Pathfinder Howl of the Wild"
        },
        "quantity": 1,
        "range": null,
        "reload": {
            "value": null
        },
        "rules": [
            {
                "key": "Note",
                "outcome": [
                    "criticalSuccess"
                ],
                "selector": "{item|id}-attack",
                "text": "PF2E.SpecificRule.Equipment.BlackScorpionStingmace.BlackScorpionVenomNote",
                "title": "{item|name}"
            }
        ],
        "runes": {
            "potency": 2,
            "property": [
                "fearsome"
            ],
            "striking": 2
        },
        "size": "med",
        "specific": {
            "material": {
                "grade": null,
                "type": null
            },
            "runes": {
                "potency": 2,
                "property": [
                    "fearsome"
                ],
                "striking": 1
            }
        },
        "splashDamage": {
            "value": 0
        },
        "traits": {
            "rarity": "uncommon",
            "value": [
                "magical",
                "poison",
                "shove"
            ]
        },
        "usage": {
            "value": "held-in-one-hand"
        }
    },
    "type": "weapon"
}
