{
    "_id": "qNIv0owESzOzo1s0",
    "img": "systems/pf2e/icons/equipment/consumables/potions/black-dragons-breath-potion.webp",
    "name": "Black Dragon's Breath Potion (Young)",
    "system": {
        "baseItem": null,
        "bulk": {
            "value": 0.1
        },
        "category": "potion",
        "containerId": null,
        "damage": {
            "formula": "4d6",
            "kind": "damage",
            "type": "acid"
        },
        "description": {
            "value": "<p>This liquid contains blood from a black dragon. For 1 hour after you imbibe the concoction, you can unleash a black dragon's breath weapon. The potency of the breath depends on the potion's type, based on the age of the dragon whose blood was used to make the potion.</p>\n<p>Exhaling dragon breath uses a single action. You create a @Template[line|distance:30] of acid which deals @Damage[4d6[acid]|options:area-damage] damage. All creatures in the area must attempt a @Check[reflex|dc:23|basic|name:Young Black Dragon's Breath Potion|options:area-effect] save.</p>\n<p>After you use the breath weapon, you can't do so again for [[/r 1d4 #rounds]]{1d4 rounds}.</p>"
        },
        "hardness": 0,
        "hp": {
            "max": 0,
            "value": 0
        },
        "level": {
            "value": 7
        },
        "material": {
            "grade": null,
            "type": null
        },
        "price": {
            "value": {
                "gp": 70
            }
        },
        "publication": {
            "license": "OGL",
            "remaster": false,
            "title": "Pathfinder Core Rulebook"
        },
        "quantity": 1,
        "rules": [],
        "size": "med",
        "traits": {
            "rarity": "common",
            "value": [
                "acid",
                "consumable",
                "magical",
                "potion"
            ]
        },
        "usage": {
            "value": "held-in-one-hand"
        },
        "uses": {
            "autoDestroy": true,
            "max": 1,
            "value": 1
        }
    },
    "type": "consumable"
}
