{
    "_id": "xQS1MSqGQz44FWUh",
    "img": "icons/consumables/potions/potion-flask-corked-tied-necklace-teal.webp",
    "name": "Black Lotus Extract",
    "system": {
        "baseItem": null,
        "bulk": {
            "value": 0.1
        },
        "category": "poison",
        "containerId": null,
        "damage": null,
        "description": {
            "value": "<p>Black lotus extract causes severe internal bleeding.</p>\n<hr />\n<p><strong>Activate</strong> <span class=\"action-glyph\">A</span> (manipulate)</p>\n<p><strong>Saving Throw</strong> @Check[fortitude|dc:42]</p>\n<p><strong>Onset</strong> 1 minute</p>\n<p><strong>Maximum Duration</strong> 6 rounds</p>\n<p><strong>Stage 1</strong> @Damage[13d6[poison]] damage and @UUID[Compendium.pf2e.conditionitems.Item.Drained]{Drained 1} (1 round)</p>\n<p><strong>Stage 2</strong> @Damage[15d6[poison]] damage and @UUID[Compendium.pf2e.conditionitems.Item.Drained]{Drained 1} (1 round)</p>\n<p><strong>Stage 3</strong> @Damage[17d6[poison]] damage and @UUID[Compendium.pf2e.conditionitems.Item.Drained]{Drained 2} (1 round)</p>"
        },
        "hardness": 0,
        "hp": {
            "max": 0,
            "value": 0
        },
        "level": {
            "value": 19
        },
        "material": {
            "grade": null,
            "type": null
        },
        "price": {
            "value": {
                "gp": 6500
            }
        },
        "publication": {
            "license": "ORC",
            "remaster": true,
            "title": "Pathfinder GM Core"
        },
        "quantity": 1,
        "rules": [],
        "size": "med",
        "traits": {
            "rarity": "common",
            "value": [
                "alchemical",
                "consumable",
                "contact",
                "poison",
                "virulent"
            ]
        },
        "usage": {
            "value": "held-in-one-hand"
        },
        "uses": {
            "autoDestroy": true,
            "max": 1,
            "value": 1
        }
    },
    "type": "consumable"
}
