{
    "_id": "ScclzFrjyB0YJlrb",
    "img": "icons/consumables/potions/bottle-conical-corked-green.webp",
    "name": "Black Adder Venom",
    "system": {
        "baseItem": null,
        "bulk": {
            "value": 0.1
        },
        "category": "poison",
        "containerId": null,
        "damage": null,
        "description": {
            "value": "<p>Adder venom is a simple but effective way to enhance a weapon.</p>\n<hr />\n<p><strong>Activate</strong> <span class=\"action-glyph\">2</span> (manipulate)</p>\n<p><strong>Saving Throw</strong> @Check[fortitude|dc:18]</p>\n<p><strong>Maximum Duration</strong> 3 rounds</p>\n<p><strong>Stage 1</strong> @Damage[1d4[poison]] damage (1 round)</p>\n<p><strong>Stage 2</strong> @Damage[1d6[poison]] damage (1 round)</p>\n<p><strong>Stage 3</strong> @Damage[1d8[poison]] damage (1 round)</p>"
        },
        "hardness": 0,
        "hp": {
            "max": 0,
            "value": 0
        },
        "level": {
            "value": 2
        },
        "material": {
            "grade": null,
            "type": null
        },
        "price": {
            "value": {
                "gp": 6
            }
        },
        "publication": {
            "license": "ORC",
            "remaster": true,
            "title": "Pathfinder GM Core"
        },
        "quantity": 1,
        "rules": [],
        "size": "med",
        "traits": {
            "rarity": "common",
            "value": [
                "alchemical",
                "consumable",
                "injury",
                "poison"
            ]
        },
        "usage": {
            "value": "held-in-two-hands"
        },
        "uses": {
            "autoDestroy": true,
            "max": 1,
            "value": 1
        }
    },
    "type": "consumable"
}
