{
    "_id": "NS2j5bYEoHeESlyN",
    "img": "icons/weapons/guns/gun-blunderbuss-worn-brown.webp",
    "name": "Black King",
    "system": {
        "baseItem": "blunderbuss",
        "bonus": {
            "value": 0
        },
        "bonusDamage": {
            "value": 0
        },
        "bulk": {
            "value": 2
        },
        "category": "martial",
        "containerId": null,
        "damage": {
            "damageType": "piercing",
            "dice": 1,
            "die": "d8"
        },
        "description": {
            "value": "<p>The <em>black king</em> is a <em>+2 greater striking ashen blunderbuss</em>. While the dark metal frame is still pleasant to look at, this design prioritizes destructive power over aesthetic appeal. This specialized blunderbuss has a scatter radius of 20 feet instead of 10, and all splash damage it deals is void damage instead of physical. Due to the risk of collateral damage, this weapon is typically only used by the especially foolhardy or reckless.</p>\n<p><strong>Activate</strong> <span class=\"action-glyph\">2</span> envision, Interact</p>\n<p><strong>Frequency</strong> once per day;</p>\n<hr />\n<p><strong>Effect</strong> You unleash a blast of draining flame, dealing @Damage[5d6[fire],5d6[void]|options:area-damage] damage to all creatures in a 60 foot cone (@Check[reflex|dc:34|basic|options:area-effect] save). Creatures who fail their saving throw are knocked back 5 feet. Creatures who critically fail are knocked back 10 feet and fall @UUID[Compendium.pf2e.conditionitems.Item.Prone].</p>"
        },
        "group": "firearm",
        "hardness": 0,
        "hp": {
            "max": 0,
            "value": 0
        },
        "level": {
            "value": 15
        },
        "material": {
            "grade": null,
            "type": null
        },
        "price": {
            "value": {
                "gp": 6250
            }
        },
        "publication": {
            "license": "OGL",
            "remaster": false,
            "title": "Pathfinder Lost Omens Highhelm"
        },
        "quantity": 1,
        "range": 40,
        "reload": {
            "value": "1"
        },
        "rules": [],
        "runes": {
            "potency": 2,
            "property": [
                "ashen"
            ],
            "striking": 2
        },
        "size": "med",
        "specific": {
            "material": {
                "grade": null,
                "type": null
            },
            "runes": {
                "potency": 2,
                "property": [
                    "ashen"
                ],
                "striking": 2
            }
        },
        "splashDamage": {
            "value": 0
        },
        "traits": {
            "rarity": "rare",
            "value": [
                "concussive",
                "magical",
                "scatter-20",
                "void"
            ]
        },
        "usage": {
            "value": "held-in-two-hands"
        }
    },
    "type": "weapon"
}
