{
    "_id": "cTBmQgWUyf50x3dY",
    "img": "icons/consumables/potions/potion-flask-corked-tied-necklace-teal.webp",
    "name": "Black Smear Poison",
    "system": {
        "baseItem": null,
        "bulk": {
            "value": 0.1
        },
        "category": "poison",
        "containerId": null,
        "damage": null,
        "description": {
            "value": "<p>Many calignis use a debilitating poison crafted from subterranean fungi.</p>\n<hr />\n<p><strong>Activate</strong> <span class=\"action-glyph\">3</span> Interact (Injury)</p>\n<p><strong>Saving Throw</strong> @Check[fortitude|dc:16]</p>\n<p><strong>Maximum Duration</strong> 6 rounds</p>\n<p><strong>Stage 1</strong> @Damage[1d6[poison]] damage and @UUID[Compendium.pf2e.conditionitems.Item.Enfeebled]{Enfeebled 1} (1 round)</p>\n<p><strong>Stage 2</strong> As stage 1</p>\n<p><strong>Stage 3</strong> @Damage[1d6[poison]] damage, and @UUID[Compendium.pf2e.conditionitems.Item.Enfeebled]{Enfeebled 2} (1 round)</p>"
        },
        "hardness": 0,
        "hp": {
            "max": 0,
            "value": 0
        },
        "level": {
            "value": 2
        },
        "material": {
            "grade": null,
            "type": null
        },
        "price": {
            "value": {
                "gp": 5
            }
        },
        "publication": {
            "license": "OGL",
            "remaster": false,
            "title": "Pathfinder Bestiary"
        },
        "quantity": 1,
        "rules": [],
        "size": "med",
        "traits": {
            "rarity": "uncommon",
            "value": [
                "alchemical",
                "consumable",
                "injury",
                "poison"
            ]
        },
        "usage": {
            "value": "held-in-one-hand"
        },
        "uses": {
            "autoDestroy": true,
            "max": 1,
            "value": 1
        }
    },
    "type": "consumable"
}
