{
    "_id": "NOPrIz6UNxof1M5d",
    "img": "systems/pf2e/icons/default-icons/consumable.svg",
    "name": "Black Tendril Shot (Greater)",
    "system": {
        "baseItem": null,
        "bulk": {
            "value": 0
        },
        "category": "ammo",
        "containerId": null,
        "damage": null,
        "description": {
            "value": "<p><strong>Ammunition</strong> any</p>\n<p><strong>Activate</strong> <span class=\"action-glyph\">1</span> command</p>\n<hr />\n<p>A glistening, tar-like substance that's displeasing to the touch coats a black tendril shot. When the activated ammunition hits a target, it exudes tendrils that encase the target, which must attempt a @Check[fortitude|dc:39] saving throw. The ammunition's effects last until the target Escapes.</p>\n<hr />\n<p><strong>Critical Success</strong> The target is unaffected.</p>\n<p><strong>Success</strong> The target is @UUID[Compendium.pf2e.conditionitems.Item.Slowed]{Slowed 1} but gains a +2 circumstance bonus to @UUID[Compendium.pf2e.actionspf2e.Item.Escape] the ammunition's effect.</p>\n<p><strong>Failure</strong> The target is slowed 1.</p>\n<p><strong>Critical Failure</strong> The target is @UUID[Compendium.pf2e.conditionitems.Item.Slowed]{Slowed 2}.</p>"
        },
        "hardness": 0,
        "hp": {
            "max": 0,
            "value": 0
        },
        "level": {
            "value": 17
        },
        "material": {
            "grade": null,
            "type": null
        },
        "price": {
            "value": {
                "gp": 2160
            }
        },
        "publication": {
            "license": "OGL",
            "remaster": false,
            "title": "Pathfinder Treasure Vault"
        },
        "quantity": 1,
        "rules": [],
        "size": "med",
        "traits": {
            "rarity": "common",
            "value": [
                "consumable",
                "magical"
            ]
        },
        "usage": {
            "value": "other"
        },
        "uses": {
            "autoDestroy": true,
            "max": 1,
            "value": 1
        }
    },
    "type": "consumable"
}
