{
    "_id": "3bZcqRUWQcPe2y8M",
    "img": "icons/containers/barrels/barrel-oak-steel-brown.webp",
    "name": "Black Powder (Keg)",
    "system": {
        "baseItem": null,
        "bulk": {
            "value": 50
        },
        "category": "other",
        "containerId": null,
        "damage": null,
        "description": {
            "value": "<p><strong>Activate</strong> <span class=\"action-glyph\">1</span> (manipulate)</p><hr /><p>Black powder is a volatile and explosive alchemical substance commonly used in the production of firearm munitions. Black powder becomes inert and useless when wet and must be kept in a sealed, water-tight container.</p>\n<p>A keg contains 5,000 doses of black powder and can be detonated in the same way as a horn. As long as the keg is mostly full (at least 4,000 doses remaining) this deals @Damage[3d6[fire]|options:area-damage] damage in a @Template[type:burst|distance:20] (@Check[reflex|dc:20|basic|options:area-effect] save). Detonating multiple kegs can increase the area, but not the damage, of this effect; detonating a keg and any horns at the same time in an overlapping area also doesn't increase the damage.</p>"
        },
        "hardness": 0,
        "hp": {
            "max": 0,
            "value": 0
        },
        "level": {
            "value": 6
        },
        "material": {
            "grade": null,
            "type": null
        },
        "price": {
            "value": {
                "gp": 50
            }
        },
        "publication": {
            "license": "ORC",
            "remaster": false,
            "title": "Pathfinder Guns & Gears"
        },
        "quantity": 1,
        "rules": [],
        "size": "med",
        "traits": {
            "rarity": "uncommon",
            "value": [
                "alchemical",
                "consumable"
            ]
        },
        "usage": {
            "value": "held-in-one-hand"
        },
        "uses": {
            "autoDestroy": true,
            "max": 5000,
            "value": 5000
        }
    },
    "type": "consumable"
}
