{
    "_id": "8eGV6fXbmt2v74uB",
    "img": "systems/pf2e/icons/equipment/weapons/black-powder-knuckle-dusters.webp",
    "name": "Black Powder Knuckle Dusters",
    "system": {
        "baseItem": "black-powder-knuckle-dusters",
        "bonus": {
            "value": 0
        },
        "bonusDamage": {
            "value": 0
        },
        "bulk": {
            "value": 0.1
        },
        "category": "martial",
        "containerId": null,
        "damage": {
            "damageType": "piercing",
            "dice": 1,
            "die": "d4"
        },
        "description": {
            "value": "<p>This pair of knuckle dusters is fitted with an explosive charge of black powder within the hollowed spikes of the weapon and a firing mechanism you hold in your hand while in use.</p>"
        },
        "group": "firearm",
        "hardness": 0,
        "hp": {
            "max": 0,
            "value": 0
        },
        "level": {
            "value": 0
        },
        "material": {
            "grade": null,
            "type": null
        },
        "meleeUsage": {
            "damage": {
                "die": "d4",
                "type": "bludgeoning"
            },
            "group": "brawling",
            "traits": [
                "agile",
                "critical-fusion",
                "monk"
            ]
        },
        "price": {
            "value": {
                "gp": 8
            }
        },
        "publication": {
            "license": "ORC",
            "remaster": true,
            "title": "Pathfinder Guns & Gears"
        },
        "quantity": 1,
        "range": 30,
        "reload": {
            "value": "1"
        },
        "rules": [],
        "runes": {
            "potency": 0,
            "property": [],
            "striking": 0
        },
        "size": "med",
        "splashDamage": {
            "value": 0
        },
        "traits": {
            "rarity": "uncommon",
            "value": [
                "combination",
                "concussive",
                "fatal-d8",
                "monk"
            ]
        },
        "usage": {
            "value": "held-in-one-hand"
        }
    },
    "type": "weapon"
}
