{
    "_id": "tD4ZNDutHoCGIFQn",
    "img": "systems/pf2e/icons/equipment/weapons/specific-magic-weapons/blade-of-the-black-soverign.webp",
    "name": "Blade of the Black Sovereign",
    "system": {
        "baseItem": "greatsword",
        "bonus": {
            "value": 0
        },
        "bonusDamage": {
            "value": 0
        },
        "bulk": {
            "value": 2
        },
        "category": "martial",
        "containerId": null,
        "damage": {
            "damageType": "slashing",
            "dice": 1,
            "die": "d12"
        },
        "description": {
            "value": "<p>This <em>+2 greater striking @UUID[Compendium.pf2e.equipment-srd.Item.Shock] greatsword</em> is forged from standard-grade adamantine, with inlays of broken circuitry and a robot's ocular lens on the cross guard. A soft thrum comes from the blade, which you feel as a subtle pulse through the grip when wielding it. It sparks when unsheathed, emitting dim light within 5 feet.</p>\n<p>On a hit against a foe made of metal, wearing metal armor, or using a metal shield, if the foe takes electricity damage from the blade, the makes the foe @UUID[Compendium.pf2e.conditionitems.Item.Off-Guard] for 1 round; if the Strike was a critical hit, it also makes them @UUID[Compendium.pf2e.conditionitems.Item.Clumsy]{Clumsy 1} for 1 round.</p>\n<hr />\n<p><strong>Activate</strong> <span class=\"action-glyph\">2</span> command, Interact</p>\n<p><strong>Effect</strong> You cast the @UUID[Compendium.pf2e.spells-srd.Item.Electric Arc] cantrip from the sword as an 8th-rank primal spell, using 10 + your melee attack modifier with the <em>Blade of the Black Sovereign</em> as your spell DC.</p>"
        },
        "group": "sword",
        "hardness": 0,
        "hp": {
            "max": 0,
            "value": 0
        },
        "level": {
            "value": 15
        },
        "material": {
            "grade": "standard",
            "type": "adamantine"
        },
        "price": {
            "value": {
                "gp": 6500
            }
        },
        "publication": {
            "license": "OGL",
            "remaster": false,
            "title": "Pathfinder Lost Omens Legends"
        },
        "quantity": 1,
        "range": null,
        "reload": {
            "value": ""
        },
        "rules": [
            {
                "key": "TokenLight",
                "value": {
                    "animation": {
                        "intensity": 4,
                        "speed": 1,
                        "type": "torch"
                    },
                    "color": "#9b7337",
                    "dim": 5,
                    "shadows": 0.2
                }
            },
            {
                "key": "TokenEffectIcon",
                "value": "systems/pf2e/icons/equipment/weapons/specific-magic-weapons/blade-of-the-black-soverign.webp"
            }
        ],
        "runes": {
            "potency": 2,
            "property": [
                "shock"
            ],
            "striking": 2
        },
        "size": "med",
        "specific": {
            "material": {
                "grade": "standard",
                "type": "adamantine"
            },
            "runes": {
                "potency": 2,
                "property": [
                    "shock"
                ],
                "striking": 2
            }
        },
        "splashDamage": {
            "value": 0
        },
        "traits": {
            "rarity": "unique",
            "value": [
                "electricity",
                "magical",
                "versatile-p"
            ]
        },
        "usage": {
            "value": "held-in-two-hands"
        }
    },
    "type": "weapon"
}
