{
    "_id": "AWUzApS5PPwt3TCI",
    "img": "systems/pf2e/icons/equipment/weapons/specific-magic-weapons/blade-of-four-energies.webp",
    "name": "Blade of Four Energies (Greater)",
    "system": {
        "baseItem": "shortsword",
        "bonus": {
            "value": 0
        },
        "bonusDamage": {
            "value": 0
        },
        "bulk": {
            "value": 0.1
        },
        "category": "martial",
        "containerId": null,
        "damage": {
            "damageType": "piercing",
            "dice": 1,
            "die": "d6"
        },
        "description": {
            "value": "<p>This <em>+3 greater striking shifting shortsword</em> is formed of rapidly vibrating air and magical energy, though it uses the same statistics as iron. The wooden hilt is adorned with four gems, representing the energies of acid, cold, fire, and electricity, that sparkle in sequence at random intervals.</p><hr /><p><strong>Activate</strong> <span class=\"action-glyph\">f</span> Interact</p>\n<p><strong>Frequency</strong> once per round</p>\n<p><strong>Effect</strong> You draw magical energy from one of the gems. Roll 1d4. Until the start of your next turn, the weapon gains the corresponding rune:</p><ol><li><em>@UUID[Compendium.pf2e.equipment-srd.Item.Corrosive (Greater)]{Greater Corrosive}</em>,</li><li><em>@UUID[Compendium.pf2e.equipment-srd.Item.Flaming (Greater)]{Greater Flaming}</em>,</li><li><em>@UUID[Compendium.pf2e.equipment-srd.Item.Frost (Greater)]{Greater Frost}</em>, or</li><li><em>@UUID[Compendium.pf2e.equipment-srd.Item.Shock (Greater)]{Greater Shock}</em>.</li></ol><p>@UUID[Compendium.pf2e.equipment-effects.Item.Effect: Blade of Four Energies]</p><hr /><p><strong>Activate</strong> <span class=\"action-glyph\">2</span> command, envision</p>\n<p><strong>Frequency</strong> once per day</p>\n<p><strong>Requirements</strong> The blade has an energy rune from the first activation</p>\n<p><strong>Effect</strong> You call upon the energy stored in the blade to explode outward. The blade of four energies casts a 7th-rank spell that depends on the active rune:</p><ol><li>@UUID[Compendium.pf2e.spells-srd.Item.Acid Arrow] for <em>corrosive</em>,</li><li>@UUID[Compendium.pf2e.spells-srd.Item.Fireball] for <em>flaming</em>,</li><li>@UUID[Compendium.pf2e.spells-srd.Item.Cone of Cold] for <em>frost</em>, or</li><li>@UUID[Compendium.pf2e.spells-srd.Item.Lightning Bolt] for <em>shock</em>.</li></ol><p>The DC for these spells is 38 and the spell attack modifier is [[/r 1d20+28 #Spell Attack Roll]]{+28}.</p>"
        },
        "group": "sword",
        "hardness": 0,
        "hp": {
            "max": 0,
            "value": 0
        },
        "level": {
            "value": 18
        },
        "material": {
            "grade": null,
            "type": null
        },
        "price": {
            "value": {
                "gp": 20000
            }
        },
        "publication": {
            "license": "OGL",
            "remaster": false,
            "title": "Pathfinder Secrets of Magic"
        },
        "quantity": 1,
        "range": null,
        "reload": {
            "value": ""
        },
        "rules": [],
        "runes": {
            "potency": 3,
            "property": [
                "shifting"
            ],
            "striking": 2
        },
        "size": "med",
        "specific": {
            "material": {
                "grade": null,
                "type": null
            },
            "runes": {
                "potency": 3,
                "property": [
                    "shifting"
                ],
                "striking": 2
            }
        },
        "splashDamage": {
            "value": 0
        },
        "traits": {
            "rarity": "common",
            "value": [
                "agile",
                "finesse",
                "magical",
                "versatile-s"
            ]
        },
        "usage": {
            "value": "held-in-one-hand"
        }
    },
    "type": "weapon"
}
