{
    "_id": "6RkxhrJqBpFQlRBD",
    "img": "systems/pf2e/icons/equipment/weapons/gun-sword.webp",
    "name": "Blade of Fallen Stars",
    "system": {
        "baseItem": "gun-sword",
        "bonus": {
            "value": 0
        },
        "bonusDamage": {
            "value": 0
        },
        "bulk": {
            "value": 2
        },
        "category": "martial",
        "containerId": null,
        "damage": {
            "damageType": "piercing",
            "dice": 1,
            "die": "d8"
        },
        "description": {
            "value": "<p>This <em>+4 major striking greater frost gun sword</em> is made from high-grade cold siccatite. This gun sword's elegant, silvery blade is double-edged and etched with stars and constellations that move and mirror the night sky. The blade absorbs starlight, and prolonged exposure causes it to form a layer of glittering residue. Smiths in Dongun Hold forged this weapon by combining the cracked remains of a skymetal arquebus and the shards of an exceptional elven greatsword. Some tales of the forging report that the sword was Tear of Eventide, a great blade forged out of starlight for the battle between Desna and Aolar. Whether or not that was the case, dwarven curators who examined the shards simply noted that the blade's material was compatible with the cracked gun. After an extremely tense diplomatic brunch, the weapon is now regarded as a miracle of elven artistry and dwarven engineering, and a powerful symbol of allyship between their kingdoms.</p>\n<hr />\n<p><strong>Activate</strong> <span class=\"action-glyph\">1</span> Interact</p>\n<p><strong>Effect</strong> You unfold the parrying hooks extending from the blade to form a bipod, which has the same benefits as a typical @UUID[Compendium.pf2e.equipment-srd.Item.Tripod]. This negates the –2 penalty from kickback but must be reversed by a subsequent Interact action before the weapon can be repositioned or wielded in melee.</p>\n<hr />\n<p><strong>Activate</strong> <span class=\"action-glyph\">2</span> command, Interact</p>\n<p><strong>Requirements</strong> The blade of fallen stars was exposed to starlight for at least one hour since the last time this ability was used</p>\n<p><strong>Effect</strong> The coating on the blade seeps into the engravings and is collected in the barrel. On your next ranged Strike, the weapon fires a glowing white projectile with a blazing blue tail that explodes on impact. In addition to the normal Strike damage, the projectile also deals @Damage[6d8[cold]] damage and creates a @UUID[Compendium.pf2e.spells-srd.Item.Faerie Fire] effect in a @Template[emanation|distance:5] centered on the target.</p>\n<hr />\n<p><strong>Destruction</strong> Depriving the weapon of all light, natural or otherwise, for seven years, seven months, and seven days will cause it to crumble and erode irreparably.</p>"
        },
        "group": "firearm",
        "hardness": 0,
        "hp": {
            "max": 0,
            "value": 0
        },
        "level": {
            "value": 22
        },
        "material": {
            "grade": "high",
            "type": "siccatite"
        },
        "meleeUsage": {
            "damage": {
                "die": "d8",
                "type": "slashing"
            },
            "group": "sword",
            "traits": [
                "critical-fusion",
                "versatile-p"
            ]
        },
        "price": {
            "value": {
                "gp": 46500
            }
        },
        "publication": {
            "license": "OGL",
            "remaster": false,
            "title": "Pathfinder Lost Omens Highhelm"
        },
        "quantity": 1,
        "range": 50,
        "reload": {
            "value": "1"
        },
        "rules": [],
        "runes": {
            "potency": 4,
            "property": [
                "greaterFrost"
            ],
            "striking": 3
        },
        "size": "med",
        "specific": {
            "material": {
                "grade": "high",
                "type": "siccatite"
            },
            "runes": {
                "potency": 4,
                "property": [
                    "greaterFrost"
                ],
                "striking": 3
            }
        },
        "splashDamage": {
            "value": 0
        },
        "traits": {
            "rarity": "uncommon",
            "value": [
                "combination",
                "concussive",
                "kickback"
            ]
        },
        "usage": {
            "value": "held-in-two-hands"
        }
    },
    "type": "weapon"
}
