{
    "_id": "U0R8AHRhK0Wu9r2i",
    "img": "systems/pf2e/icons/equipment/worn-items/other-worn-items/blast-boots.webp",
    "name": "Blast Foot",
    "system": {
        "baseItem": null,
        "bulk": {
            "value": 1
        },
        "containerId": null,
        "description": {
            "value": "<p>These prosthetic feet and legs, created by dwarven alchemists and spellcasters together, are engraved with simple but effective evocation symbols on the ball and heel, empowering you to leap to great heights and blast foes with your feet.</p>\n<hr />\n<p><strong>Activate</strong> <span class=\"action-glyph\">1</span> envision</p>\n<p><strong>Frequency</strong> once per 10 minutes</p>\n<hr />\n<p><strong>Effect</strong> You blast off from the ground, using the force to leap through the air. The <em>blast feet</em> cast @UUID[Compendium.pf2e.spells-srd.Item.Jump] on you.</p>\n<hr />\n<p><strong>Activate</strong> <span class=\"action-glyph\">2</span> envision, Interact</p>\n<p><strong>Frequency</strong> once per day</p>\n<hr />\n<p><strong>Effect</strong> You blast from your feet, dealing @Damage[4d6[force]|options:area-damage] damage to all creatures in a @Template[cone|distance:15], with a @Check[reflex|dc:22|basic|traits:magical|options:area-effect] save.</p>"
        },
        "hardness": 0,
        "hp": {
            "max": 0,
            "value": 0
        },
        "level": {
            "value": 6
        },
        "material": {
            "grade": null,
            "type": null
        },
        "price": {
            "value": {
                "gp": 250
            }
        },
        "publication": {
            "license": "OGL",
            "remaster": false,
            "title": "Pathfinder Lost Omens The Grand Bazaar"
        },
        "quantity": 1,
        "rules": [],
        "size": "med",
        "traits": {
            "rarity": "common",
            "value": [
                "invested",
                "magical"
            ]
        },
        "usage": {
            "value": "worn"
        }
    },
    "type": "equipment"
}
