{
    "_id": "qLhb5ZvIDOmbwvc9",
    "img": "systems/pf2e/icons/equipment/weapons/specific-magic-weapons/blast-lance.webp",
    "name": "Blast Lance",
    "system": {
        "baseItem": "lance",
        "bonus": {
            "value": 0
        },
        "bonusDamage": {
            "value": 0
        },
        "bulk": {
            "value": 2
        },
        "category": "simple",
        "containerId": null,
        "damage": {
            "damageType": "piercing",
            "dice": 1,
            "die": "d8"
        },
        "description": {
            "value": "<p>This weapon is a long <em>+1 @UUID[Compendium.pf2e.equipment-srd.Item.Lance]</em> with a muzzle built into the pointed tip, allowing the user to fire the chamber after a successful melee attack. A barrel running down the length of the lance allows you to load firearm ammunition into the base of the weapon more easily than it might seem from the design. It takes 2 actions to reload a <em>blast lance</em>.</p>\n<hr />\n<p><strong>Activate</strong> <span class=\"action-glyph\">f</span> command</p>\n<p><strong>Trigger</strong> You strike a foe with the <em>blast lance</em></p>\n<p><strong>Requirements</strong> The <em>blast lance</em> is loaded with a round</p>\n<p><strong>Effect</strong> You fire a blast of gunpowder through the weapon that deals @Damage[2d8[fire]] damage. The foe must attempt a @Check[fortitude|dc:18] save.</p>\n<hr />\n<p><strong>Critical Success</strong> The target is unaffected by the blast of gunpowder and the <em>blast lance</em> misfires and jams.</p>\n<p><strong>Success</strong> The target takes half the fire damage.</p>\n<p><strong>Failure</strong> The target takes the full fire damage and is pushed back 5 feet. You can Stride after it, but you must move the same distance and in the same direction.</p>\n<p><strong>Critical Failure</strong> The target takes double damage and is pushed back 10 feet. You can Stride after it, but you must move the same distance and in the same direction.</p>"
        },
        "group": "spear",
        "hardness": 0,
        "hp": {
            "max": 0,
            "value": 0
        },
        "level": {
            "value": 4
        },
        "material": {
            "grade": null,
            "type": null
        },
        "price": {
            "value": {
                "gp": 100
            }
        },
        "publication": {
            "license": "OGL",
            "remaster": false,
            "title": "Pathfinder #180: The Smoking Gun"
        },
        "quantity": 1,
        "range": null,
        "reload": {
            "value": ""
        },
        "rules": [],
        "runes": {
            "potency": 1,
            "property": [],
            "striking": 0
        },
        "size": "med",
        "specific": {
            "material": {
                "base": [
                    {
                        "thickness": "thin",
                        "type": "steel"
                    }
                ],
                "grade": null,
                "type": null
            },
            "runes": {
                "potency": 1,
                "property": [],
                "striking": 0
            }
        },
        "splashDamage": {
            "value": 0
        },
        "traits": {
            "rarity": "uncommon",
            "value": [
                "deadly-d8",
                "fire",
                "jousting-d6",
                "magical",
                "reach"
            ]
        },
        "usage": {
            "value": "held-in-two-hands"
        }
    },
    "type": "weapon"
}
