{
    "_id": "FVB9noeUXXyau029",
    "img": "systems/pf2e/icons/equipment/worn-items/other-worn-items/blast-boots.webp",
    "name": "Blast Boots (Moderate)",
    "system": {
        "baseItem": null,
        "bulk": {
            "value": 0.1
        },
        "category": "gadget",
        "containerId": null,
        "damage": null,
        "description": {
            "value": "<p><strong>Activate</strong> <span class=\"action-glyph\">1</span> (manipulate)</p><hr /><p>These sets of rockets come in pairs and strap onto existing footwear (or a creature's feet). Inserting them and aligning them properly takes 1 minute. When you Activate the blast boots, you can @UUID[Compendium.pf2e.actionspf2e.Item.High Jump] or @UUID[Compendium.pf2e.actionspf2e.Item.Long Jump], without the need to Stride first.</p>\n<p>When you Activate the moderate blast boots to High Jump, you can increase the vertical distance of your High Jump by up to 30 feet. When you Activate them to Long Jump, you can increase the horizontal distance of your Long Jump by up to 45 feet.</p>"
        },
        "hardness": 0,
        "hp": {
            "max": 0,
            "value": 0
        },
        "level": {
            "value": 3
        },
        "material": {
            "grade": null,
            "type": null
        },
        "price": {
            "value": {
                "gp": 11
            }
        },
        "publication": {
            "license": "ORC",
            "remaster": true,
            "title": "Pathfinder Guns & Gears"
        },
        "quantity": 1,
        "rules": [],
        "size": "med",
        "traits": {
            "rarity": "uncommon",
            "value": [
                "consumable",
                "gadget"
            ]
        },
        "usage": {
            "value": "wornshoes"
        },
        "uses": {
            "autoDestroy": true,
            "max": 1,
            "value": 1
        }
    },
    "type": "consumable"
}
