{
    "_id": "sK2zEyhxxP6UnhQk",
    "img": "systems/pf2e/icons/equipment/worn-items/other-worn-items/blast-boots.webp",
    "name": "Blast Boots (Major)",
    "system": {
        "baseItem": null,
        "bulk": {
            "value": 0.1
        },
        "category": "gadget",
        "containerId": null,
        "damage": null,
        "description": {
            "value": "<p><strong>Activate</strong> <span class=\"action-glyph\">1</span> (manipulate)</p><hr /><p>These sets of rockets come in pairs and strap onto existing footwear (or a creature's feet). Inserting them and aligning them properly takes 1 minute. When you Activate the blast boots, you can @UUID[Compendium.pf2e.actionspf2e.Item.High Jump] or @UUID[Compendium.pf2e.actionspf2e.Item.Long Jump], without the need to Stride first. Higher-level versions increase the distance of your High Jump or Long Jump.</p>\n<p>When you Activate the major blast boots to High Jump, you can increase the vertical distance of your High Jump by up to 80 feet. When you Activate them to Long Jump, you can increase the horizontal distance of your Long Jump by up to 120 feet. Additionally, for 1 minute, the major blast boots remain active, allowing you to clumsily fly through the air for the duration. You gain a 30-foot Fly speed for the duration, but any time you Fly, you are @UUID[Compendium.pf2e.conditionitems.Item.Clumsy]{Clumsy 1} until the start of your next turn.</p>\n<p>@UUID[Compendium.pf2e.equipment-effects.Item.Effect: Blast Boots (Major)]</p>"
        },
        "hardness": 0,
        "hp": {
            "max": 0,
            "value": 0
        },
        "level": {
            "value": 17
        },
        "material": {
            "grade": null,
            "type": null
        },
        "price": {
            "value": {
                "gp": 2750
            }
        },
        "publication": {
            "license": "ORC",
            "remaster": true,
            "title": "Pathfinder Guns & Gears"
        },
        "quantity": 1,
        "rules": [],
        "size": "med",
        "traits": {
            "rarity": "uncommon",
            "value": [
                "consumable",
                "gadget"
            ]
        },
        "usage": {
            "value": "wornshoes"
        },
        "uses": {
            "autoDestroy": true,
            "max": 1,
            "value": 1
        }
    },
    "type": "consumable"
}
