{
    "_id": "q5Hr2nZr8RQ9DSZM",
    "img": "systems/pf2e/icons/equipment/alchemical-items/drugs/blaze.webp",
    "name": "Blaze",
    "system": {
        "baseItem": null,
        "bulk": {
            "value": 0.1
        },
        "category": "drug",
        "containerId": null,
        "damage": null,
        "description": {
            "value": "<p><strong>Activate</strong> <span class=\"action-glyph\">1</span> Interact</p>\n<hr />\n<p>This acrid blend of black powder, honey, saltpeter, sulfur, and stranger ingredients sees plenty of use in the Mana Wastes, where magical environmental protection is unreliable. Users experience euphoric feelings of warmth and wellbeing followed by intense bouts of dehydration and disorientation.</p>\n<p><strong>Saving Throw</strong> @Check[fortitude|dc:17]</p>\n<p><strong>Maximum Duration</strong> 4 hours</p>\n<p><strong>Stage 1</strong> +1 item bonus to saves versus fire effects, and you treat severe or extreme environmental heat effects as if they were one step lower (1 hour)</p>\n<p>@UUID[Compendium.pf2e.equipment-effects.Item.Effect: Blaze]</p>\n<p><strong>Stage 2</strong> @UUID[Compendium.pf2e.conditionitems.Item.Stupefied]{Stupefied 1}, and you treat severe or extreme environmental heat effects as if they were one step lower (1 hour)</p>\n<p><strong>Stage 3</strong> @UUID[Compendium.pf2e.conditionitems.Item.Fatigued] and @UUID[Compendium.pf2e.conditionitems.Item.Stupefied]{Stupefied 2} (1 hour)</p>"
        },
        "hardness": 0,
        "hp": {
            "max": 0,
            "value": 0
        },
        "level": {
            "value": 2
        },
        "material": {
            "grade": null,
            "type": null
        },
        "price": {
            "value": {
                "gp": 7
            }
        },
        "publication": {
            "license": "OGL",
            "remaster": false,
            "title": "Pathfinder #178: Punks in a Powder Keg"
        },
        "quantity": 1,
        "rules": [],
        "size": "med",
        "traits": {
            "rarity": "uncommon",
            "value": [
                "alchemical",
                "consumable",
                "drug",
                "ingested",
                "poison"
            ]
        },
        "usage": {
            "value": "held-in-one-hand"
        },
        "uses": {
            "autoDestroy": true,
            "max": 1,
            "value": 1
        }
    },
    "type": "consumable"
}
