{
    "_id": "HSrZ0rm4GOPLmUNK",
    "img": "systems/pf2e/icons/unarmed-attacks/jaws.webp",
    "name": "Bleeding Canines",
    "system": {
        "baseItem": null,
        "bulk": {
            "value": 0
        },
        "containerId": null,
        "description": {
            "value": "<p>Some of your teeth have been replaced with those of a larger meat-eating predator. You gain a jaws unarmed attack that deals 1d8 piercing damage. These jaws are in the brawling group. Whenever you score a critical hit with your jaws, your target takes 1 persistent bleed damage per weapon damage die.</p>"
        },
        "hardness": 0,
        "hp": {
            "max": 0,
            "value": 0
        },
        "level": {
            "value": 7
        },
        "material": {
            "grade": null,
            "type": null
        },
        "price": {
            "value": {
                "gp": 320
            }
        },
        "publication": {
            "license": "ORC",
            "remaster": true,
            "title": "Pathfinder Howl of the Wild"
        },
        "quantity": 1,
        "rules": [
            {
                "category": "unarmed",
                "damage": {
                    "base": {
                        "damageType": "piercing",
                        "dice": 1,
                        "die": "d8"
                    }
                },
                "group": "brawling",
                "img": "systems/pf2e/icons/unarmed-attacks/jaws.webp",
                "key": "Strike",
                "label": "PF2E.BattleForm.Attack.Jaws",
                "slug": "jaws",
                "traits": [
                    "unarmed"
                ]
            },
            {
                "critical": true,
                "damageType": "bleed",
                "key": "FlatModifier",
                "selector": "{item|id}-damage",
                "value": "@weapon.system.damage.dice"
            }
        ],
        "size": "med",
        "traits": {
            "rarity": "common",
            "value": [
                "graft",
                "invested",
                "magical"
            ]
        },
        "usage": {
            "value": "implanted"
        }
    },
    "type": "equipment"
}
