{
    "_id": "9Kk6P7idLGRhZJ2q",
    "img": "icons/consumables/plants/thorned-stem-vine-green.webp",
    "name": "Bleeding Spines Snare",
    "system": {
        "baseItem": null,
        "bulk": {
            "value": 0
        },
        "category": "snare",
        "containerId": null,
        "damage": {
            "formula": "8d8",
            "kind": "damage",
            "type": "piercing"
        },
        "description": {
            "value": "<p>When a creature enters the square, thorny spines protrude out to stab it, dealing @Damage[8d8[piercing],2d8[bleed]]{8d8 piercing damage and 2d8 persistent bleed damage}. The creature must attempt a @Check[reflex|showDC:all|dc:31|basic]. After the initial trigger, the spines retract and protrude again repeatedly for 1 minute, forcing any creature that enters the space or ends its turn in the space to take damage from the spines (attempting the same basic Reflex save).</p>"
        },
        "hardness": 0,
        "hp": {
            "max": 0,
            "value": 0
        },
        "level": {
            "value": 12
        },
        "material": {
            "grade": null,
            "type": null
        },
        "price": {
            "value": {
                "gp": 320
            }
        },
        "publication": {
            "license": "ORC",
            "remaster": true,
            "title": "Pathfinder Player Core 2"
        },
        "quantity": 1,
        "rules": [],
        "size": "med",
        "traits": {
            "rarity": "common",
            "value": [
                "consumable",
                "mechanical",
                "snare",
                "trap"
            ]
        },
        "usage": {
            "value": "held-in-one-hand"
        },
        "uses": {
            "autoDestroy": true,
            "max": 1,
            "value": 1
        }
    },
    "type": "consumable"
}
