{
    "_id": "ioCGarugWKBHqE5L",
    "img": "systems/pf2e/icons/default-icons/consumable.svg",
    "name": "Blending Brooch",
    "system": {
        "baseItem": null,
        "bulk": {
            "value": 0
        },
        "category": "talisman",
        "containerId": null,
        "damage": null,
        "description": {
            "value": "<p><strong>Activate</strong> <span class=\"action-glyph\">f</span> envision</p>\n<p><strong>Trigger</strong> You roll initiative using Stealth and can see a creature</p>\n<p><strong>Requirements</strong> You are a master in Stealth.</p>\n<hr />\n<p>This small, matte-black pin always seems to be on the periphery of your vision, even when you stare directly at it. When you Activate the talisman, choose one creature you can see. You become @UUID[Compendium.pf2e.conditionitems.Item.Invisible] to that creature unless it succeeds at a @Check[will|dc:28] save. This effect lasts for 1 minute or until the target hits you with an attack, whichever comes first.</p>"
        },
        "hardness": 0,
        "hp": {
            "max": 0,
            "value": 0
        },
        "level": {
            "value": 11
        },
        "material": {
            "grade": null,
            "type": null
        },
        "price": {
            "value": {
                "gp": 275
            }
        },
        "publication": {
            "license": "OGL",
            "remaster": false,
            "title": "Pathfinder Treasure Vault"
        },
        "quantity": 1,
        "rules": [],
        "size": "med",
        "traits": {
            "rarity": "common",
            "value": [
                "consumable",
                "illusion",
                "magical",
                "talisman"
            ]
        },
        "usage": {
            "value": "affixed-to-armor"
        },
        "uses": {
            "autoDestroy": true,
            "max": 1,
            "value": 1
        }
    },
    "type": "consumable"
}
