{
    "_id": "y0ngvQ7ArcUuoEHT",
    "img": "systems/pf2e/icons/equipment/tattoos/blessed-tattoo.webp",
    "name": "Blessed Tattoo",
    "system": {
        "baseItem": null,
        "bulk": {
            "value": 0
        },
        "containerId": null,
        "description": {
            "value": "<p><strong>Activate</strong> <span class=\"action-glyph\">2</span> envision, Interact</p>\n<p><strong>Frequency</strong> once per day</p>\n<hr />\n<p><strong>Effect</strong> You gain the effect of @UUID[Compendium.pf2e.spells-srd.Item.Protection] against evil.</p>\n<p>You can activate the tattoo as a reaction instead of a two-action activity, triggered when a demon attacks you or you attempt a saving throw against a demon's ability.</p>"
        },
        "hardness": 0,
        "hp": {
            "max": 0,
            "value": 0
        },
        "level": {
            "value": 4
        },
        "material": {
            "grade": null,
            "type": null
        },
        "price": {
            "value": {
                "gp": 90
            }
        },
        "publication": {
            "license": "OGL",
            "remaster": false,
            "title": "Pathfinder Lost Omens World Guide"
        },
        "quantity": 1,
        "rules": [],
        "size": "med",
        "traits": {
            "rarity": "uncommon",
            "value": [
                "invested",
                "magical",
                "tattoo"
            ]
        },
        "usage": {
            "value": "tattooed-on-the-body"
        }
    },
    "type": "equipment"
}
