{
    "_id": "skMIwUIMjWzgkZ5B",
    "img": "systems/pf2e/icons/equipment/consumables/talismans/blessed-ampoule.webp",
    "name": "Blessed Ampoule",
    "system": {
        "baseItem": null,
        "bulk": {
            "value": 0
        },
        "category": "talisman",
        "containerId": null,
        "damage": null,
        "description": {
            "value": "<p><strong>Activate</strong> <span class=\"action-glyph\">f</span> envision</p>\n<p><strong>Trigger</strong> Your Strike with the affixed weapon hits a target</p>\n<p><strong>Requirements</strong> You're an expert with the affixed weapon.</p>\n<hr />\n<p>This small glass vial contains a drop of holy water. When activated, the weapon's physical damage for the Strike becomes spirit damage.</p>"
        },
        "hardness": 0,
        "hp": {
            "max": 0,
            "value": 0
        },
        "level": {
            "value": 4
        },
        "material": {
            "grade": null,
            "type": null
        },
        "price": {
            "value": {
                "gp": 15
            }
        },
        "publication": {
            "license": "OGL",
            "remaster": false,
            "title": "Pathfinder #176: Lost Mammoth Valley"
        },
        "quantity": 1,
        "rules": [],
        "size": "med",
        "traits": {
            "rarity": "uncommon",
            "value": [
                "divine",
                "magical",
                "talisman"
            ]
        },
        "usage": {
            "value": "affixed-to-weapon"
        },
        "uses": {
            "autoDestroy": true,
            "max": 1,
            "value": 1
        }
    },
    "type": "consumable"
}
