{
    "_id": "4XpPgF5smMjCCHRF",
    "img": "systems/pf2e/icons/equipment/consumables/oils/oil-of-mending.webp",
    "name": "Blight Breath",
    "system": {
        "baseItem": null,
        "bulk": {
            "value": 0.1
        },
        "category": "other",
        "containerId": null,
        "damage": null,
        "description": {
            "value": "<p><strong>Activate</strong> <span class=\"action-glyph\">1</span> (manipulate)</p>\n<hr />\n<p>This foul-smelling bottle contains compressed, noxious fumes. After you inhale the odious gases of the <em>blight breath</em>, you gain resistance 10 to poison for as long as you hold your breath. You can exhale the <em>blight breath</em> as a single action. The resulting spray of noxious fumes deals @Damage[10d6[poison]|options:area-damage] damage to each creature in a @Template[cone|distance:15], with a @Check[reflex|dc:29|basic|options:area-effect] save</p>\n<p>@UUID[Compendium.pf2e.equipment-effects.Item.Effect: Blight Breath]</p>"
        },
        "hardness": 0,
        "hp": {
            "max": 0,
            "value": 0
        },
        "level": {
            "value": 12
        },
        "material": {
            "grade": null,
            "type": null
        },
        "price": {
            "value": {
                "gp": 350
            }
        },
        "publication": {
            "license": "OGL",
            "remaster": true,
            "title": "Pathfinder Rage of Elements"
        },
        "quantity": 1,
        "rules": [],
        "size": "med",
        "traits": {
            "rarity": "common",
            "value": [
                "air",
                "bottled-breath",
                "consumable",
                "magical",
                "poison"
            ]
        },
        "usage": {
            "value": "held-in-one-hand"
        },
        "uses": {
            "autoDestroy": true,
            "max": 1,
            "value": 1
        }
    },
    "type": "consumable"
}
