{
    "_id": "Cc4SokzVBoBCkHId",
    "img": "icons/commodities/stone/geode-raw-teal.webp",
    "name": "Blightburn Resin",
    "system": {
        "baseItem": null,
        "bulk": {
            "value": 0.1
        },
        "category": "poison",
        "containerId": null,
        "damage": null,
        "description": {
            "value": "<p>This tacky, hardened sap is harvested from trees infected by fungal blights and exposed to open flames.</p>\n<hr />\n<p><strong>Activate</strong> <span class=\"action-glyph\">A</span> (manipulate)</p>\n<p><strong>Saving Throw</strong> @Check[fortitude|dc:30]</p>\n<p><strong>Onset</strong> 1 minute</p>\n<p><strong>Maximum Duration</strong> 6 rounds</p>\n<p><strong>Stage 1</strong> @Damage[6d6[poison]] damage (1 round)</p>\n<p><strong>Stage 2</strong> @Damage[7d6[poison]] damage (1 round)</p>\n<p><strong>Stage 3</strong> @Damage[9d6[poison]] damage (1 round)</p>"
        },
        "hardness": 0,
        "hp": {
            "max": 0,
            "value": 0
        },
        "level": {
            "value": 11
        },
        "material": {
            "grade": null,
            "type": null
        },
        "price": {
            "value": {
                "gp": 225
            }
        },
        "publication": {
            "license": "ORC",
            "remaster": true,
            "title": "Pathfinder GM Core"
        },
        "quantity": 1,
        "rules": [],
        "size": "med",
        "traits": {
            "rarity": "common",
            "value": [
                "alchemical",
                "consumable",
                "contact",
                "poison"
            ]
        },
        "usage": {
            "value": "held-in-two-hands"
        },
        "uses": {
            "autoDestroy": true,
            "max": 1,
            "value": 1
        }
    },
    "type": "consumable"
}
