{
    "_id": "kIExO59KkiXZUmto",
    "img": "icons/magic/fire/explosion-fireball-large-purple-orange.webp",
    "name": "Blightburn Bomb",
    "system": {
        "baseItem": "alchemical-bomb",
        "bonus": {
            "value": 2
        },
        "bonusDamage": {
            "value": 0
        },
        "bulk": {
            "value": 0.1
        },
        "category": "martial",
        "containerId": null,
        "damage": {
            "damageType": "poison",
            "dice": 3,
            "die": "d6",
            "persistent": {
                "faces": 4,
                "number": 3,
                "type": "poison"
            }
        },
        "description": {
            "value": "<p><strong>Activate</strong> <span class=\"action-glyph\">1</span> Strike</p>\n<hr />\n<p>Blightburn bombs have radioactive materials sealed inside flasks treated with lead. The bomb grants a +2 item bonus to attack rolls and deals 3d6 poison damage, 3d4 persistent poison damage, and 3 poison splash damage. A creature that takes the persistent poison damage deals the splash damage again from its current position as the radiation continues to harm nearby creatures. The persistent damage can last up to 1 minute. Blightburn bombs also expose the primary target to blightburn sickness.</p>\n<hr />\n<p><strong>Saving Throw</strong> @Check[fortitude|dc:34]</p>\n<p><strong>Onset</strong> [[/r 1d4 #days]]{1d4 days}</p>\n<p><strong>Stage 1</strong> @UUID[Compendium.pf2e.conditionitems.Item.Drained]{Drained 1} (1 day)</p>\n<p><strong>Stage 2</strong> drained 1 and @UUID[Compendium.pf2e.conditionitems.Item.Sickened]{Sickened 1} (1 day)</p>\n<p><strong>Stage 3</strong> @UUID[Compendium.pf2e.conditionitems.Item.Drained]{Drained 2} and @UUID[Compendium.pf2e.conditionitems.Item.Sickened]{Sickened 2} (1 week)</p>\n<p><strong>Stage 4</strong> @UUID[Compendium.pf2e.conditionitems.Item.Drained]{Drained 3} and @UUID[Compendium.pf2e.conditionitems.Item.Sickened]{Sickened 3} (1 month)</p>\n<p><strong>Stage 5</strong> increase drained condition by 1 (1 year)</p>"
        },
        "group": "bomb",
        "hardness": 0,
        "hp": {
            "max": 0,
            "value": 0
        },
        "level": {
            "value": 15
        },
        "material": {
            "grade": null,
            "type": null
        },
        "price": {
            "value": {
                "gp": 1200
            }
        },
        "publication": {
            "license": "OGL",
            "remaster": false,
            "title": "Pathfinder Treasure Vault"
        },
        "quantity": 1,
        "range": 20,
        "reload": {
            "value": "-"
        },
        "rules": [],
        "runes": {
            "potency": 0,
            "property": [],
            "striking": 0
        },
        "size": "med",
        "splashDamage": {
            "value": 3
        },
        "traits": {
            "rarity": "uncommon",
            "value": [
                "alchemical",
                "bomb",
                "consumable",
                "disease",
                "poison",
                "splash"
            ]
        },
        "usage": {
            "value": "held-in-one-hand"
        }
    },
    "type": "weapon"
}
