{
    "_id": "2HCiVszUnIPJwvQV",
    "img": "systems/pf2e/icons/equipment/worn-items/other-worn-items/blightburn-necklace.webp",
    "name": "Blightburn Necklace",
    "system": {
        "baseItem": null,
        "bulk": {
            "value": 0
        },
        "containerId": null,
        "description": {
            "value": "<p>This heavy iron necklace is decorated with tiny gems that resemble the stars in the ceiling high above the Vault of the Black Desert. While you have invested this item, you cannot contract blightburn sickness. It doesn't cure blightburn sickness if you already have it, but the disease's stage can't progress while you wear it.</p>"
        },
        "hardness": 0,
        "hp": {
            "max": 0,
            "value": 0
        },
        "level": {
            "value": 13
        },
        "material": {
            "grade": null,
            "type": null
        },
        "price": {
            "value": {
                "gp": 2300
            }
        },
        "publication": {
            "license": "OGL",
            "remaster": false,
            "title": "Pathfinder #155: Lord of the Black Sands"
        },
        "quantity": 1,
        "rules": [],
        "size": "med",
        "traits": {
            "rarity": "uncommon",
            "value": [
                "invested",
                "magical"
            ]
        },
        "usage": {
            "value": "wornnecklace"
        }
    },
    "type": "equipment"
}
