{
    "_id": "cYkmDxRFtwQRvwVh",
    "img": "systems/pf2e/icons/equipment/consumables/ammunition/blindpepper-bolt.webp",
    "name": "Blindpepper Bolt",
    "system": {
        "baseItem": null,
        "bulk": {
            "value": 0
        },
        "category": "ammo",
        "containerId": null,
        "damage": null,
        "description": {
            "value": "<p><strong>Ammunition</strong> bolt</p>\n<p><strong>Activate</strong> <span class=\"action-glyph\">1</span> Interact</p>\n<hr />\n<p>The head of this bolt is a vented container that smells strongly of caustic pepper. When an activated blindpepper bolt hits a target, it deals no damage; instead the creature must attempt a @Check[fortitude|dc:17|showDC:all] save. If the Strike was a critical success, the target takes a -2 circumstance penalty to its Fortitude save. At the GM's discretion, a creature with no eyes or olfactory organs might not be affected by this item.</p>\n<hr />\n<p><strong>Critical Success</strong> The target is unaffected.</p>\n<p><strong>Success</strong> The target is @UUID[Compendium.pf2e.conditionitems.Item.Dazzled] until the end of your next turn. It can end the effect early if it spends an action, which has the manipulate trait, to wipe down its eyes.</p>\n<p><strong>Failure</strong> The target is dazzled for 1 minute.</p>\n<p><strong>Critical Failure</strong> The target is @UUID[Compendium.pf2e.conditionitems.Item.Blinded] until the end of your next turn and dazzled for 1 minute.</p>"
        },
        "hardness": 0,
        "hp": {
            "max": 0,
            "value": 0
        },
        "level": {
            "value": 3
        },
        "material": {
            "grade": null,
            "type": null
        },
        "price": {
            "value": {
                "gp": 10
            }
        },
        "publication": {
            "license": "OGL",
            "remaster": false,
            "title": "Pathfinder Lost Omens The Grand Bazaar"
        },
        "quantity": 1,
        "rules": [],
        "size": "med",
        "stackGroup": "bolts",
        "traits": {
            "rarity": "uncommon",
            "value": [
                "consumable",
                "magical"
            ]
        },
        "usage": {
            "value": "held-in-one-hand"
        },
        "uses": {
            "autoDestroy": true,
            "max": 1,
            "value": 1
        }
    },
    "type": "consumable"
}
