{
    "_id": "E7BcwZy8nTpTLYf1",
    "img": "systems/pf2e/icons/equipment/alchemical-items/alchemical-bombs/blindpepper-bomb.webp",
    "name": "Blindpepper Bomb",
    "system": {
        "baseItem": "alchemical-bomb",
        "bulk": {
            "value": 0.1
        },
        "category": "other",
        "containerId": null,
        "damage": null,
        "description": {
            "value": "<p><strong>Activate</strong> <span class=\"action-glyph\">1</span> Strike</p>\n<p>Though expensive, these single-use alchemical bombs are often used by police forces to disperse unruly crowds and quell riots without risking permanent physical injury to either officers or civilians.</p>\n<p>The bomb can be thrown up to 30 feet, causing it to explode, spraying the aerosolized pepper dust in a @Template[burst|distance:15]{15-foot-radius burst}. All creatures in the area must succeed at a @Check[reflex|dc:18|showDC:all] save to avoid inhaling the dust or getting it in their eyes.</p>\n<p>On a failed save, the creature is @UUID[Compendium.pf2e.conditionitems.Item.Blinded] for 1 round and then @UUID[Compendium.pf2e.conditionitems.Item.Dazzled] for 1 round.</p>\n<p>On a critical failure, the creature is blinded for 1 round, @UUID[Compendium.pf2e.conditionitems.Item.Sickened]{Sickened 1}, and dazzled until it removes the sickened condition.</p>"
        },
        "hardness": 0,
        "hp": {
            "max": 0,
            "value": 0
        },
        "level": {
            "value": 5
        },
        "material": {
            "grade": null,
            "type": null
        },
        "price": {
            "value": {
                "gp": 40
            }
        },
        "publication": {
            "license": "OGL",
            "remaster": false,
            "title": "Pathfinder #157: Devil at the Dreaming Palace"
        },
        "quantity": 1,
        "rules": [],
        "size": "med",
        "traits": {
            "rarity": "uncommon",
            "value": [
                "alchemical",
                "consumable",
                "visual"
            ]
        },
        "usage": {
            "value": "held-in-one-hand"
        },
        "uses": {
            "autoDestroy": true,
            "max": 1,
            "value": 1
        }
    },
    "type": "consumable"
}
