{
    "_id": "81XVuTsF1zD6EXmN",
    "img": "systems/pf2e/icons/equipment/alchemical-items/alchemical-tools/blindpepper-tube.webp",
    "name": "Blindpepper Tube",
    "system": {
        "baseItem": null,
        "bulk": {
            "value": 0.1
        },
        "category": "other",
        "containerId": null,
        "damage": null,
        "description": {
            "value": "<p>This single-use pacification device consists of finely ground hot pepper loaded into a sealed, blowgun-style tube with a one-way valve and a range of 5 feet. To use it, the wielder must tear open the tube's seal as an Interact action, then spend another action to blow the hot pepper into an adjacent creature's face. These actions don't have to be taken in the same round. The target must attempt a @Check[reflex|dc:15] save to avoid inhaling the pepper or getting it in their eyes. On a failed save, the creature is blinded for 1 round and then dazzled for 1 round. On a critical failure, the creature is blinded for 1 round, sickened 1, and dazzled until it removes the sickened condition.</p>"
        },
        "hardness": 0,
        "hp": {
            "max": 0,
            "value": 0
        },
        "level": {
            "value": 1
        },
        "material": {
            "grade": null,
            "type": null
        },
        "price": {
            "value": {
                "gp": 3
            }
        },
        "publication": {
            "license": "OGL",
            "remaster": false,
            "title": "Pathfinder #157: Devil at the Dreaming Palace"
        },
        "quantity": 1,
        "rules": [],
        "size": "med",
        "traits": {
            "rarity": "uncommon",
            "value": [
                "alchemical",
                "consumable",
                "visual"
            ]
        },
        "usage": {
            "value": "held-in-one-hand"
        },
        "uses": {
            "autoDestroy": true,
            "max": 1,
            "value": 1
        }
    },
    "type": "consumable"
}
