{
    "_id": "xm8FszDcmRrnlk09",
    "img": "systems/pf2e/icons/default-icons/consumable.svg",
    "name": "Blister Ammunition (Greater)",
    "system": {
        "baseItem": null,
        "bulk": {
            "value": 0
        },
        "category": "ammo",
        "containerId": null,
        "damage": null,
        "description": {
            "value": "<p><strong>Ammunition</strong> any</p>\n<p><strong>Activate</strong> <span class=\"action-glyph\">1</span> Interact</p>\n<hr />\n<p>Blister ammunition is loaded with alchemically processed irritants, such as pollen, pepper, and formic acid. A creature hit by activated blister ammunition must attempt a @Check[fortitude|dc:35] save or begin to itch uncontrollably for 10 rounds in addition to damage the attack normally deals. On a critical hit, increase the Fortitude DC by 2 (@Check[fortitude|dc:37]), and the target is @UUID[Compendium.pf2e.conditionitems.Item.Dazzled] for 1 round. For the duration, each time the target attempts a concentrate action, it must attempt a @Check[flat|dc:8], losing the action on a failure. An affected creature can use a single Interact action to scratch and sneeze, allowing it to automatically pass the flat check. The effect ends early once an affected creature spends 3 Interact actions scratching and sneezing. These Interact actions don't need to be consecutive.</p>"
        },
        "hardness": 0,
        "hp": {
            "max": 0,
            "value": 0
        },
        "level": {
            "value": 16
        },
        "material": {
            "grade": null,
            "type": null
        },
        "price": {
            "value": {
                "gp": 1400
            }
        },
        "publication": {
            "license": "OGL",
            "remaster": false,
            "title": "Pathfinder Treasure Vault"
        },
        "quantity": 1,
        "rules": [],
        "size": "med",
        "traits": {
            "rarity": "common",
            "value": [
                "alchemical",
                "consumable",
                "poison"
            ]
        },
        "usage": {
            "value": "held-in-one-hand"
        },
        "uses": {
            "autoDestroy": true,
            "max": 1,
            "value": 1
        }
    },
    "type": "consumable"
}
