{
    "_id": "F0x5a1MI3k9Du9j3",
    "img": "systems/pf2e/icons/default-icons/consumable.svg",
    "name": "Blisterwort",
    "system": {
        "baseItem": null,
        "bulk": {
            "value": 0
        },
        "category": "poison",
        "containerId": null,
        "damage": null,
        "description": {
            "value": "<p><strong>Activate</strong> <span class=\"action-glyph\">2</span> Interact</p>\n<p>This clear, viscous liquid causes lesions and blisters that spread quickly. The victim's pain response increases and flesh breaks easily under physical stress.</p>\n<p><strong>Saving Throw</strong> @Check[fortitude|dc:30]</p>\n<p><strong>Maximum Duration</strong> 6 rounds</p>\n<p><strong>Stage 1</strong> @Damage[4d6[poison]] and weakness 2 to physical and force damage</p>\n<p><strong>Stage 2</strong> @Damage[5d6[poison]] and weakness 4 to physical and force damage</p>\n<p><strong>Stage 3</strong> @Damage[7d6[poison]] and weakness 6 to physical and force damage</p>"
        },
        "hardness": 0,
        "hp": {
            "max": 0,
            "value": 0
        },
        "level": {
            "value": 11
        },
        "material": {
            "grade": null,
            "type": null
        },
        "price": {
            "value": {
                "gp": 280
            }
        },
        "publication": {
            "license": "OGL",
            "remaster": false,
            "title": "Pathfinder Treasure Vault"
        },
        "quantity": 1,
        "rules": [],
        "size": "med",
        "traits": {
            "rarity": "common",
            "value": [
                "consumable",
                "injury",
                "poison"
            ]
        },
        "usage": {
            "value": "held-in-two-hands"
        },
        "uses": {
            "autoDestroy": true,
            "max": 1,
            "value": 1
        }
    },
    "type": "consumable"
}
